ID;Nom;Tribue;Rang;PV;Force;Esprit;Défense;Vitesse;Description;description SITE;nourriture;élément;Rôle;Biographie;étimologie;origine;histoire;pouvoir;personnalité;talent;Technique;Type
1;Whisper;Insaisissable;Rang_C;338;69;163;38;235;Autoproclamé le « valet Yo-kai ». Il semble tout savoir sur les Yo-kai, mais la plupart de ce qu'il sait vient du Yo-kai Pad.;Autoproclamé le « valet Yo-kai ». Il semble tout savoir sur les Yo-kai, mais la plupart de ce qu'il sait vient du Yo-kai Pad.;Crème Glacée;Absorption;Ranger;;"Whisperest dérivé dewhisper(chuchotement en anglais) . Il pourrait également être dérivé de ""wisp"", faisant éventuellement référence à ""will-o'-the-wisp"" (feu follet en anglais).";;;Il peut faire inventer des mensonges aux gens en leur crachant un gaz vert toxique. Après un accident anormal avec la montreYo-kai Watch Modèle Zerodans l'anime, Nathan peut accéder à sa Yo-kai Watch ou la modifier en mettant sa main dans la bouche de Whisper. Il peut aussi traverser les murs, les portes et autres objets particuliers, se référant à son apparence fantomatique. Il a en quelque sorte convoqué un essaim d'insectes et les a appelés tout aussi rapidement, même si ce dernier a été fait via un pet géant, qui n'a été affiché qu'à ce moment-là et n'a plus été montré. Il peut également déchirer et faire repousser n'importe quelle partie de son corps à volonté, bien que cela se soit produit pour la première fois dansTomnyanApparaît ! Obtenons la Yo-kai Watch de Rêve. Dans le jeu vidéo, il est également capable de sceller des sceaux avec une facilité déconcertante.;En dépit de son attitude polie et bien élevée, il a une personnalité légèrement tendue et un tempérament court, ce qui l’amène à paraître arrogant. Il prétend tout savoir sur les Yo-kai même si il est tout le temps en train de chercher des informations sur sonYo-kai Pad!;;;
2;Whispocrates;Insaisissable;Rang_C;376;56;177;47;214;Un soldat qui a servi dans l'armée de maître Kogito. Ceux qu'il envoûte deviennent des je-sais-tout.;Un soldat qui a servi dans l'armée de maître Kogito. Ceux qu'il envoûte deviennent des je-sais-tout.;Crème Glacée;Absorption;Ranger;;Whispavretvient deWhisperet depas vraichangé en pavret. Whispocratesvient deWhisperet d'Aristocrate(Membre de l'aristocratie, la classe des nobles) faisant référence à son passé où il était valet du Seigneur Kogito.;;;Whispocrates peut vomir de la fumée verte sur les gens pour qu'ils racontent des salades. Malheureusement, il ne peut pas se contrôler...;Whispocrates est souvent désolé d'utiliser son pouvoir. Il ne le fait pas exprès.;;;
3;Woko;Vaillant;Rang_E;290;212;38;115;115;Un Yo-kai imprudent qui entre dans le combat vêtu juste d'un pagne et d'un wok... sur la tête. Évite de lui chercher des poux.;Un Yo-kai imprudent qui entre dans le combat vêtu juste d'un pagne et d'un wok... sur la tête. Évite de lui chercher des poux.;Riz;Feu;Combattant;;Wokovient du motWok(casque qu'il porte).;;;La personne qu'il envoûte se verra devenir tête-en-l'air et oubliera tout ce qu'elle fait.;Il est très brut et excité ! Il est hyperactif et est très curieux...;;;
4;Pagno;Vaillant;Rang_C;324;241;41;124;134;Ayant abandonné son wok, Pagno est assez dévêtu désormais. Néanmoins, tu ne le verras jamais grimacer ou se blesser.;Ayant abandonné le wok, Pagno est assez dévêtu désormais. Néanmoins, tu ne le verras jamais grimacer ou se blesser.;Riz;Feu;Combattant;;Pagnovient depagne.;;;Les personnes qu'il envoûte s'exposent, sans réflexion, à un danger.;C'est un véritable casse-cou, mais malgré son manque de protection il ne se blesse jamais.;;;
5;Alfoncéo;Vaillant;Rang_B;317;208;87;102;125;Toujours le premier à la bataille ! Sans habits pour le ralentir, il arrive en avance et à chaque fois avec un beau bronzage.;Toujours le premier à la bataille ! Sans habits pour le ralentir, il arrive en avance et à chaque fois avec un beau bronzage.;Riz;Terre;Combattant;;;;;;;;;
6;Papa Ress;Mystérieux;Rang_E;279;71;169;69;166;Tu ne résisteras pas aux chants de Papa Ress ! Ils peuvent t'ôter l'envie de... faire plein de choses.;Tu ne résisteras pas aux chants de Papa Ress ! Ils peuvent t'ôter l'envie de... faire plein de choses.;Hamburger;Restauration;Guérisseur;;Papa Ressvient depapaet deparesse.;;;Les victimes de l'envoûtement de Papa Ress décident d'arrêter brusquement ce qu'elles étaient en train de faire, même si elles ont presque fini. Il le fait en récitant un chant tout en se frappant la tête avec son pilon, libérant une brume de sa bouche qui envoûte sa victime.;;;;
7;Ralbouc;Mystérieux;Rang_C;307;100;182;84;179;Ralbouc s'ennuie vite. Ses superbes sourcils et sa barbe auraient poussé car il trouvait que c'était rasoir de s'en occuper.;Ralbouc s'ennuie vite. Ses superbes sourcils et sa barbe auraient poussé car il trouvait rasoir de s'en occuper.;Hamburger;Restauration;Guérisseur;;;;;;Ralbouc est paresseux et soupire constamment, il s'ennuie aussi très facilement.;;;
8;Bastata;Mystérieux;Rang_C;297;91;193;76;187;Il renonce à tout ce qu'il commence et ne fera pas deux fois la même chose. Faire quelque chose pour la première fois, ça le connaît !;Il renonce à tout ce qu'il commence et ne fera pas deux fois la même chose. Toutes ses expériences le rendent intéressant.;Hamburger;Terre;Combattant;;Bastatavient de l'interjectionbasta(assez !, ça suffit !).;;;Lorsqu’il envoûte quelqu’un, celui-ci abandonnera tout ce qu’il fait, peu importe à quel point il était enthousiaste à l’idée de le faire.;;;;
9;Sumochi;Vaillant;Rang_D;433;228;45;120;58;Il est mignon la plupart du temps, mais quand il s'énerve, son corps se craquèle et sa tête virile apparaît.;Il est mignon la plupart du temps, mais quand il s'énerve, son corps se craquèle et sa tête virile apparaît.;Riz;Terre;Tank;;Sumochivient deSumoet deMochi;;;Les gens sont d'humeur susceptible quand il les envoûte.;;;;
10;Mochimacho;Vaillant;Rang_D;382;210;75;142;40;Quand il est amoureux, il devient un peu trop protecteur avec son âme sœur. Ta jalousie sera multipliée.;Quand il est amoureux, il devient un peu trop protecteur avec son âme sœur. Ta jalousie sera multipliée.;Riz;Feu;Tank;;Mochimachovient deMochi(friandise appréciée au japon) et deMacho.;;;Les personnes qu'il envoûte deviennent jalouses de tout ce qu'elles voient.;Il est un peu trop protecteur et est jaloux de tout le monde.;;;
11;Toumou;Vaillant;Rang_E;305;212;30;117;125;Un Yo-kai katana fainéant qui peut absorber toute ta motivation. Pour un être aussi paresseux, il est étonnamment intelligent.;Un Yo-kai fainéant qui peut absorber toute ta motivation. Pour un être aussi paresseux, il est étonnamment intelligent.;Jus;Vent;Combattant;;Toumouvient deTout Mou.;;;Les personnes qu'il envoûte deviennent aussi flemmardes que lui et peuvent même se mettre à fondre si elle ne bougent pas durant un certain temps. En inversant le volant noir autour de sa lame, on peut changer le degré de flemmardise.;Il est tout le temps fainéant et ne lèverait même pas le petit doigt, même pour quelque chose d'important mais si on le force, il peut s'énerver.;;;
12;Lamlam'mou;Vaillant;Rang_C;358;245;41;134;124;Trop paresseux pour se couper les cheveux, mais pas assez pour trancher ses ennemis à l'aide de ses mèches acérées.;Trop paresseux pour se couper les cheveux, mais pas assez pour trancher ses ennemis à l'aide de ses mèches acérées.;Jus;Vent;Combattant;;Lamlam'mouvient deLame(outil tranchant) et deMou.;;;Tout commeToumou, il peut réveiller la flemmardise des gens et même les faire fondre.;C'est un grand fainéant justement connu pour ça.;;;
13;Samoumouraï;Vaillant;Rang_B;371;252;45;139;140;Samoumouraï est plus dangereux qu'il en a l'air car il peut anéantir ses adversaires en un seul coup de mèche.;Samoumouraï est plus dangereux qu'il en a l'air car il peut anéantir ses adversaires en un seul coup de mèche.;Jus;Glace;Combattant;;Samoumouraïvient deSamouraïetMou.;;;Comme ses deux congénères, il peut rendre les gens fainéants en les envoûtant.;Il est encore plus fainéant queToumouetLamlam'mou!;;;
14;Bonneto;Vaillant;Rang_C;394;210;46;125;130;Fier guerrier il fût un temps, Bonneto a tout perdu dans les paris. Maintenant, son meilleur coup est de fuir.;Fier guerrier il fût un temps, Bonneto a tout perdu dans les paris. Maintenant, son meilleur coup est de fuir.;Fruits de Mer;Feu;Combattant;;Bonnetotire son nom dubonneteau, un jeu d'argent.;;;Son meilleur coup est la fuite.;;;;
15;Sabri;Vaillant;Rang_A;411;243;54;136;153;Un Yo-kai qui a repris la voie du sabre quand son esprit a été ravivé par une lame légendaire.;Un Yo-kai qui a repris la voie du sabre quand son esprit a été ravivé par une lame légendaire.;Fruits de Mer;Vent;Combattant;;Sabrivient deSabre.;Comme l'Épée légendaire, Sabri est inspiré deMasamune, un ancien forgeron de sabres japonais. Selon une histoire populaire, les deux forgerons Masamune et Muramasa (dont est inspiréPadelou) ont testé leurs lames en les plaçant dans un ruisseau. Alors que l'épée de Muramasa coupait tout ce qu'elle touchait – les feuilles, les poissons, et même l'air lui-même – la lame de Masamune ne coupait que les feuilles tout en laissant les poissons nager indemnes. Ce test est souvent cité comme métaphore des philosophies contrastées des deux forgerons : la lame de Muramasa était considérée comme trop tranchante pour son propre bien, tandis que celle de Masamune faisait preuve de discernement et de retenue.;;;;;;
16;Jojojoyeux;Bienveillant;Rang_C;394;210;46;125;130;La tendresse de Jojojoyeux crée une aura qui apaise même les atmosphères les plus tendues. Il peut redonner le sourire à n'importe qui. ;La tendresse de Jojojoyeux crée une aura qui apaise même les atmosphères les plus tendues. Il peut redonner le sourire à n'importe qui. ;Pain;Foudre;Guérisseur;;Jojojoyeux est un mot-valise entre le prénom Jojo et joyeux.;;;;;;;
17;Orox;Vaillant;Rang_S;445;250;61;146;159;Un guerrier armé d'un sabre divin fait pour vaincre le mal. Son but est de ramener la paix sur le monde.;Un guerrier armé d'un sabre divin fait pour vaincre le mal. Son but est de ramener la paix sur le monde.;Fruits de Mer;Foudre;Combattant;;Oroxvient d'Or.;Comme l'épée sacrée, Orox est inspiré de l'épéeKusanagi-no-tsurugi, une épée légendaire très célèbre au Japon.;;Son sabre sacré permet de trancher le mal.;Il est très combatif et déterminé. Son objectif est de ramener la paix sur terre.;;;
18;Padelou;Vaillant;Rang_A;400;230;64;150;145;Il veut répandre le sang à cause de sa lame maudite. Il peut très facilement approcher ses ennemis sans se faire repérer.;Il veut répandre le sang à cause de sa lame maudite. Il peut très facilement approcher ses ennemis sans se faire repérer.;Fruits de Mer;Absorption;Combattant;;Padelouvient deà pas de loup(avancer discrètement) ce qui fait écho à sa discrétion.;Comme l'épée maudite, Padelou est inspiré deMuramasa, un ancien forgeron de sabres japonais. Selon la légende, il était connu pour sa violence de caractère et transmettait cette violence à l'âme de ses sabres. Ce qui signifie que ses sabres étaient assoiffés du sang et poussaient leurs propriétaires à commettre des crimes, car les esprits de ces lames maudites refusaient de retourner au fourreau tant qu'elles n'avaient pas fait couler le sang.;;L'épée qu'il porte lui donne une attirance particulière pour le sang. Il se faufile vers les gens pour en obtenir. Il serait également réputé pour porter malheur.;Il est très dangereux ! Sa lame maudite le pousse à faire couler le sang.;;;
19;Heaumer;Vaillant;Rang_D;380;250;42;153;43;Un casque flottant qui a été porté par un célèbre commandant. Il passe son temps à chercher son corps.;Un casque flottant qui a été porté par un célèbre commandant. Il passe son temps à chercher son corps.;Légumes;Foudre;Tank;;Heaumerest un mot valise entreHeaumeetOmer(prénom).;;;Dans l'anime, il peut faire des disparaître des objets tels que des casques ou des lunettes.;Heaumerest constamment en train d'errer à la recherche de son corps. Il est jaloux de tout ce qui possède un corps.;;;
20;Bushidos;Vaillant;Rang_A;488;317;54;183;100;Hauber et Heaumer enfin réunis. Il cherche à faire ce qu'il n'a pu réussir de son vivant. Unifier le pays.;Hauber et Heaumer enfin réunis. Il cherche à faire ce qu'il n'a pu réussir de son vivant. Unifier le pays.;Légumes;Foudre;Tank;;;;;;;;;
21;Âmiral;Vaillant;;499;347;64;196;105;Un meneur populaire de son vivant, Âmiral mène une armée d'esprits même après la mort. Mais quel charisme !;Un meneur populaire de son vivant, Âmiral mène une armée d'esprits même après la mort. Mais quel charisme !;Légumes;Absorption;Tank;;Âmiralvient d'Âmeet d'Amiral;;;Il peut utiliser un pouvoir venu des enfers. Il est aussi capable de maîtriser la lance.;Âmiral a les qualités et le charisme d'un leader né.;;;
22;Feulion;Vaillant;Rang_C;412;183;165;90;79;Le roi des bêtes à la crinière de feu ! Ce Yo-kai au sang chaud aide ses amis avec un dévouement sans pareil.;Le roi des bêtes à la crinière de feu ! Ce Yo-kai au sang chaud aide ses amis avec un dévouement sans pareil.;Viande;Feu;Ranger;;Feulionvient deFeuet deLion.;;;Il peut brûler des objets, voire même, ses adversaires. Les personnes qu'il envoûte bouillonnent de motivation !;Il est très gentil et n'hésiterait pas une seconde pour aider un ami mais quand il s'agit de se battre, il a un esprit très combatif.;;;
23;Vibrilion;Vaillant;Rang_B;392;180;152;104;127;À chaque pas que fait Vibrilion, la terre se met à trembler et les secousses pourront même agiter ton cœur. Raaah !;À chaque pas que fait Vibrilion, la terre se met à trembler et les secousses pourront même agiter ton cœur. Raaah !;Viande;Terre;Ranger;;Vibrilionvient deVibreret deLion.;;;Il peut faire trembler le sol en tapant du pied très fort. Quand il utilise toute sa puissance, il peut même provoquer des petits tremblements de terre.;Il est très puissant et à tendance à utiliser son pouvoir pour tout et n'importe quoi.;;;
24;Siro;Vaillant;Rang_A;402;255;62;143;140;Ceux envoûtés par Siro deviennent meilleurs. L'avenir leur sourira ainsi qu'à leur entourage.;Ceux envoûtés par Siro deviennent meilleurs. Leur futur sera rempli de lumières.;Viande;Foudre;Ranger;;;;;;Il est très bagarreur et déterminé. Il n'hésitera pas à te brûler si tu ne veux pas toujours faire mieux.;;;
25;Scatcheur;Vaillant;Rang_B;388;225;43;157;138;Scatcheur est un jeune combattant qui utilise ses cornes et ses poings. Il s'entraîne souvent avec son rival, Coléroptère.;Scatcheur est un jeune combattant qui utilise ses cornes et ses poings. Il s'entraîne souvent avec son rival,Coléroptère.;Légumes;Terre;Combattant;;;;;;;;;
26;Scarmouche;Vaillant;Rang_A;416;238;46;167;143;Si Scatcheur bat plein de méchants dans un tas de combats féroces, il se transformera en le très imposant Scarmouche.;SiScatcheurbat plein de méchants dans un tas de combats féroces, il se transformera en le très imposant Scarmouche.;Légumes;Glace;Combattant;;Scarmouchevient deEscarmoucheet deScarabée. Le nom ressemble beaucoup à Scaramouche, un nom déjà utilisé un peu partout.;;;Armé de ses poings et de ses cornes, c'est un grand danger pour tout ce qui se mettent sur sa route.;Il adore se battre et se donne toujours à fond dans se domaine, il déteste perdre et la simple idée de ne pas être le meilleur l'irrite.;;;
27;Scarnage;Vaillant;Rang_S;441;252;50;173;150;Un Yo-kai scarabée respecté comme une divinité. Il peut t'être d'une très grande aide.;Un Yo-kai scarabée respecté comme une divinité. Il peut t'être d'une très grande aide.;Légumes;Foudre;Combattant;;Scarnagevient deScarabéeet deCarnage.;;;;;;;
28;Benkei;Vaillant;Rang_C;442;253;52;150;50;Benkei cache dans son corps 999 armes de ses ennemis vaincus. Il peut faire appel à elles dès qu'il en a besoin.;Benkei cache dans son corps 999 armes de ses ennemis vaincus. Il peut faire appel à elles dès qu'il en a besoin.;Chinese food;Glace;Tank;;;Benkei est basé sur le moine guerrier devenu lieutenant qui a servi Minamoto no Yoshitsune;;Il peut faire appel à 999 armes appartenant aux ennemis qu'il a caincu.;;;;
29;B3-NK1;Vaillant;Rang_B;453;231;71;160;79;Mi-machine, mi-Yo-kai, il se pourrait même que ce soit le premier Yo-kai cyborg du monde.;Mi-machine, mi-Yo-kai, il se pourrait même que ce soit le premier Yo-kai cyborg du monde.;Chinese food;Foudre;Tank;;"""Karakuri Benkei"" se traduit par ""Benkei mécanique"" ""B3-NK1"" est le nom ""Benkei"" partiellement chiffré pour ressembler au numéro de série d'une machine.";"B3-NK1, comme Benkei, B3-NK1 est basé sur le moine guerrier devenu lieutenant qui a servi Minamoto no Yoshitsune Son nom japonais, ""Karakuri Benkei"", fait référence auxKarakuri ningyo, marionnettes mécanisées construites du 17e au 19e siècle à des fins de divertissement, de festivals et de tours de scène.";;;;;;
30;Zerberker;Vaillant;Rang_A;402;310;50;135;140;Une légende dit qu'il aurait détruit un village dans un accès de colère. Tu exploseras de rage s'il est dans les parages.;Une légende dit qu'il aurait détruit un village dans un accès de colère. Tu exploseras de rage s'il est dans les parages.;Viande;Feu;Combattant;;;;;;;;;
31;Fouétar;Vaillant;Rang_S;457;243;54;158;163;Ce Yo-kai va dans chaque maison faire peur aux vilains enfants et les rendre sages. Un peu l'opposé du Père Noël.;Ce Yo-kai va dans chaque maison faire peur aux vilains enfants et les rendre sages. Un peu l'opposé du Père Noël.;Viande;Glace;Combattant;;"Fouétarvient de ""Pèrefouettard"", personnage folklorique qui punit les enfants turbulents.";;;Armé de ses deux épées, il peut anéantir ses ennemis très rapidement;Il est très strict et veut enseigner aux enfants comment se comporter, ses méthodes sont assez brusques mais il ne veut que leur bien. Il déteste quand on ne respecte pas les feux tricolores.;;;
32;Morvobec;Mystérieux;Rang_E;292;54;193;95;113;Un Yo-kai grue toujours enrhumé. Il a peur que ses fuites nasales le rendent trop lourd pour voler... Normal.;Un Yo-kai grue toujours enrhumé. Il a peur que ses fuites nasales le rendent trop lourd pour voler... Normal.;Fruits de Mer;Eau;Ranger;;Morvobecvient de Morve au bec.;;;;;;;
33;Matchou;Mystérieux;Rang_D;310;59;202;111;118;Tu n'es pas dans ton assiette, mais pas assez pour rester au lit ? Eh bien, c'est grâce à Matchou. Pas besoin de dire merci...;Tu as déjà été malade sans vraiment l'être ? La faute àMatchou.;Fruits de Mer;Glace;Ranger;;;;;Dans le dessin animé, Matchou connaît de nombreuses façons de tromper les gens pour qu'ils pensent que vous êtes malade, cependant, il ne peut pas rendre les gens malades lui-même. On dit que si on souhaite vraiment qu'il vienne, il le fera. Dans le jeu vidéo, ceux qu'il envoûte ne se sentent pas très bien, mais ne sont pas vraiment malades.;Dans l'anime, Matchou est très détendu et insouciant. Cependant, il a un côté très sérieux comme on le voit lorsqu'il entraîne Nathan sur la façon d'agir malade pour sécher l'école. Dans l'anime, lui etMalmidalsont de bons amis.;;;
34;Espi;Mystérieux;Rang_C;412;55;265;144;55;Espi adore lire ce qu'il se passe dans la tête des gens. Ce n'est vraiment pas juste qu'on ne puisse pas lire dans la sienne.;Espi adore lire ce qu'il se passe dans la tête des gens. Ce n'est vraiment pas juste qu'on ne puisse pas lire dans la sienne.;Légumes;Terre;Combattant;;;;;Espi a le pouvoir de lire dans les pensées des gens. Les gens obtiennent également ce pouvoir lorsqu'elle les envoûte.;;;;
35;Étassivilia;Mystérieux;Rang_B;446;61;273;174;40;Ses quatre yeux peuvent voir l'âge, le nom, le sexe et l'anniversaire d'une personne, mais elle ne peut pas lire les pensées.;Ses quatre yeux peuvent voir l'âge, le nom, le sexe et l'anniversaire d'une personne, mais elle ne peut pas lire les pensées.;Légumes;Absorption;Combattant;;;;;;;;;
36;Chaipô;Mystérieux;Rang_E;192;58;114;63;225;Il se fixe sur ta tête pour dévorer tes souvenirs. Il peut être utile pour effacer les mauvais... ou porter un chapeau.;Il se fixe sur ta tête pour dévorer tes souvenirs. Il peut être utile pour effacer les mauvais... ou porter un chapeau.;Bonbons;Vent;Ranger;Chaipô était autrefois un chapeau normal, il était le chapeau préféré de son ancien propriétaire jusqu'à ce qu'elle cesse de le porter et le jette dans le placard, oublié. À la suite de cette action, le chapeau est devenu le Yo-kai Chaipô.;;;;"Il a le pouvoir de ""manger"" la mémoire de n'importe qui, ce qui le fait devenir amnésique. Il le fait en mordant ou en s'asseyant sur leur tête. Quand il le fait, une brume bleu très clair provient de ses yeux. Il peut supprimer des souvenirs de manière sélective, mais parfois il peut le faire par accident lorsque son intention est pure.";;;;
37;Gagalurin;Mystérieux;Rang_E;171;57;126;63;189;Peu importe l'intelligence de la personne le portant, elle arrêtera de penser et se perdra dans ses rêves. C'est peut-être plus drôle.;Peu importe l'intelligence de la personne le portant, elle arrêtera de penser et se perdra dans ses rêves. C'est peut-être plus drôle.;Bonbons;Foudre;Ranger;;Gagalurinvient degaga(dont les facultés intellectuelles sont presque éteintes) et degalurin(chapeau).;;;Gagalurin peut amener ses cibles envoûtées à agir de manière très stupide, ce qui amène les gens à mépriser la victime. Il déclenche cet effet en mordant le haut de leur tête.;;;;
38;Marra;Mystérieux;Rang_D;300;211;52;120;139;Elle absorbe tout le plaisir et les rires d'une situation et garde tout ça pour elle. Ce qui est drôle devient banal à son passage.;Elle absorbe tout le plaisir et les rires d'une situation et garde tout ça pour elle. Ce qui est drôle devient banal à son passage.;Hamburger;Absorption;Guérisseur;;;;;Marra absorbe les rires provoqués par une blague, les faisant paraître mauvaises.;;;;
39;Sushiyama;Vaillant;Rang_B;360;191;53;134;150;Si tu vois quelqu'un sortir de l'eau avec les lèvres bleues, il a peut-être juste été envoûté par Violette.;Il veut devenir japonais. Il dort sur un futon et ne mange que des sushis. Pas sûr que ce soit la bonne façon d'y arriver.;Riz;Glace;Combattant;;;;;;;;;
40;Kapunki;Vaillant;Rang_A;396;271;71;103;159;Il veut devenir japonais. Il dort sur un futon et ne mange que des sushis. Pas sûr que ce soit la bonne façon d'y arriver.;Il porte un maquillage du théâtre japonais kabuki. Il rêve de faire du rock et parcourir le monde à la rencontre de ses fans.;Riz;Feu;Combattant;;Kapunkiest un mot-valise entrekabukiandpunk.;;;;;;;
41;Cupistol;Mystérieux;Rang_D;296;69;183;113;138;Il porte du maquillage du théâtre japonais kabuki. Il rêve de faire du rock et parcourir le monde à la rencontre de ses fans.;Ce charmant Yo-kai est populaire auprès des femmes. Armé de son pistolet à cœurs, il rend tout le monde amoureux.;Pain;Vent;Guérisseur;;Cupistolvient deCupidonet dePistolet.;;;S'il tire sur deux personnes avec son pistolet, elles tomberont instantanément amoureuses l'une de l'autre.;;;;
42;Donjouant;Mystérieux;Rang_A;362;91;224;138;153;Ce charmant Yo-kai est populaire auprès des femmes. Armé de son pistolet à cœurs, il rend tout le monde amoureux.;Un seul regard de ce narcissique suffit pour rendre les femmes amoureuses de lui. Peu importe leur apparence.;Pain;Vent;Guérisseur;;;;;Donjouant peut rendre toute personne qu'il inspire extrêmement populaire.;Donjouant est narcissique, beau parleur et populaire.;;;
43;Nonjuan;Mystérieux;Rang_A;393;60;223;149;164;Un seul regard de ce narcissique suffit pour rendre les femmes amoureuses de lui. Peu importe leur apparence.;L'opposé de Donjouant. Il n'a aucun succès et te rendra aussi impopulaire. Il vaut mieux ne pas s'approcher de lui.;Pain;Feu;Combattant;;;;;Donjouant peut rendre toute personne qu'il envoûte extrêmement impopulaire.;;;;
44;Toutouïe;Mystérieux;Rang_D;226;71;207;108;128;L'opposé de Donjouant. Il n'a aucun succès et te rendra aussi impopulaire. Il vaut mieux ne pas trop s'approcher de lui.;Quand Toutouïe t'envoûte, tu as envie de tout, vraiment tout lui dire. Aucun secret ne lui échappe.;Ramen;Restauration;Guérisseur;;"Toutouïevient de l'expression ""être tout ouïe""";;;Toutouïe a le pouvoir de faire dire aux gens tout ce qu'ils pensent.;;;;
45;Mémétal;Mystérieux;Rang_C;173;165;187;88;131;Quand Toutouïe t'envoûte, tu as envie de tout, vraiment tout lui dire. Aucun secret ne lui échappe.;Seules lesToutouïequi ont trouvé l'amour avec le heavy-metal pourront se maquiller en squelette et devenir Mémétal.;Ramen;Restauration;Guérisseur;;Mémétalest un mot-valise entreMémé(surnom donné aux personnes âgées) etmétal(pour le heavy-metal, un style de rock);;;;;;;
46;Babalance;Mystérieux;Rang_B;291;80;233;137;139;Seules les Toutouïe qui ont trouvé l'amour avec le heavy-metal pourront se maquiller en squelette et devenir Mémétal.;Elle utilise ses énormes enceintes pour diffuser des secrets honteux dans toute la ville. Il vaut mieux être prudent et l'éviter.;Ramen;Restauration;Guérisseur;;;;;;Babalance est sournoise et n'hésite pas à faire énormement de bruit, en dévoilant des secrets, avec ses enceintes quitte à déranger les gens qui l'entourre. En effet, dans une mission deYo-kai Watch Blasters, les Blasters accompagnés deFaux KappaetSirénéedoivent battre Babalance et un groupe deToutouïecar ceux-ci font trop de bruit.;;;
47;Baku;Mignon;Rang_D;323;49;181;120;144;Elle utilise ses énormes enceintes pour diffuser des secrets honteux dans toute la ville. Il vaut mieux être prudent et l'éviter.;Un Yo-kai qui se délecte seulement des rêves des humains. Elles les endort avant de se régaler. Fais de beaux rêves !;Jus;Absorption;Combattant;;Bakuvient du Baku, un Yokai de la mythologie japonaise.;Dans la mythologie japonaise, lebakuest une créature fantastique originaire du folklore chinois, qui se nourrit des rêves et des cauchemars. L'inspiration de cette créature serait inspirée dutapir, un animal réel.;;Elle peut dévorer les rêves et cauchemars des personnes, elle est la raison pour laquelle on ne se souvient pas de certains rêves. Elle peut aussi enlever la fatigue d'une personne et prendre son apparence.;;;;
48;Tapur;Mignon;Rang_C;370;39;199;124;169;Un Yo-kai qui se délecte seulement des rêves des humains. Elle les endort avant de se régaler. Fais de beaux rêves !;UnBakublanc rare. Une légende dit que si elle vous envoûte, vous allez bien dormir !;Jus;Absorption;Guérisseur;;Tapurvient du tapir, l'animal qui a probablement inspiré le baku, et du pur,;VoirBaku#Origine;;Ceux qui sont envoûtés par Tapur passent une bonne nuit de sommeil. Tapur a également le pouvoir de faire apparaître les souvenirs des gens devant elle.;;;;
49;Padrézo;Mystérieux;Rang_D;321;48;200;121;133;Un Baku blanc rare. Une légende dit que si elle vous envoûte, vous allez bien dormir !;Un Yo-kai malicieux qui se nourrit d'ondes radio. Tu perdras quelques barres de réseaux s'il est dans les parages.;Riz;Foudre;Combattant;;;;;Padrézo peut manger les ondes radio, les signaux Wi-Fi et l'autonomie de la batterie en mangeant les éclairs qui l'entourent.;Padrézo est un Yo-kai très espiègle, qui préfère s'amuser en gâchant la soirée pyjama deNathanà plusieurs reprises en manipulant la télévision.;;;
50;Émettor;Mystérieux;Rang_A;466;84;245;173;79;Un Yo-kai malicieux qui se nourrit d'ondes radio. Tu perdras quelques barres de réseaux s'il est dans les parages.;Émettor est presque une divinité pour ceux qui ont grandement besoin de réseaux. Si besoin, il peut t'aider avec la réception.;Riz;Foudre;Combattant;;;;;Émettor a le pouvoir de charger des appareils électriques avec ses pouvoirs de foudre.;;;;
51;Dynamo;Mystérieux;Rang_S;495;63;341;174;95;Émettor est presque une divinité pour ceux qui ont grandement besoin de réseaux. Si besoin, il peut t'aider avec la réception.;Il est assez paresseux, mais s'il se motive, sa puissance pourrait résoudre beaucoup de problèmes d'énergie.;Riz;Foudre;Combattant;;Dynamovient de ladynamo.;;;L'envoûtement de Dynamo électrocute ses victimes. Dynamo a le pouvoir de recharger les batteries de n'importe quel appareil électrique.;Il est paresseux et n'utilise que très rarement ses pouvoirs démeusurés.;;;
52;Télémir;Mystérieux;Rang_C;405;50;255;154;53;Il est assez paresseux, mais s'il se motive, sa puissance pourrait résoudre beaucoup de problèmes d'énergie.;Ancien miroir qui abritait une âme et maintenant devenu un Yo-kai. Il peut créer un portail entre deux miroirs.;Chinese food;Absorption;Tank;;Télémir vient deTéléporter et deMiroir.;;;Un Télémir peut téléporter des personnes, des objets et des Yo-kai à un autre Télémir qui se situe à un endroit différent.;;;;
53;Nuiroir;Mystérieux;Rang_A;445;63;245;200;72;Ancien miroir qui abritait une âme et maintenant devenu un Yo-kai. Il peut créer un portail entre deux miroirs.;Nuiroir remplit l'espace entre les miroirs avec du mal en le louant aux mauvais Yo-kai à un fort taux d'intérêt, bien sûr.;Chinese food;Absorption;Tank;;Nuiroir vient deNuitet deMiroir.;;;Nuiroir peut remplir l'espace entre les miroirs avec du mal.;;;;
54;Hiblusion;Mystérieux;Rang_C;327;43;207;125;156;Nuiroir remplit l'envers des miroirs de négativité, en le louant aux mauvais Yo-kai... et à un fort taux d'intérêt, bien sûr.;Un enseignant attentionné qui utilise des illusions pour rendre les leçons compliquées accessibles à tous.;Chinese food;Eau;Combattant;;Hiblusionvient dehibouet d'illusion.;;;Hiblusion a le pouvoir de créer de puissantes illusions.;Hiblusion est un joyeux farceur qui aime bien jouer des tours aux gens.;;;
55;Hibrouille;Mystérieux;Rang_C;267;35;178;107;203;Un enseignant attentionné qui utilise des illusions pour rendre les leçons compliquées accessibles à tous.;Un Yo-kai âgé et sympa qui peut disparaître dans un nuage de fumée. C'est le frère deHiblusion.;Chinese food;Glace;Combattant;;Hibrouillevient dehibouet d'illusion.;;;;;;;
56;Hibourling;Mystérieux;Rang_B;411;50;260;149;102;Un Yo-kai âgé et sympa qui peut disparaître dans un nuage de fumée. C'est le frère de Hiblusion.;Il parcourt le monde sans but. Quand les trois frèresHiblusion,Hibrouilleet Hibourling se réunissent, c'est un vrai miracle.;Chinese food;Foudre;Combattant;;Hibourlingvient dehiboude debourlingue(action de bourlinguer, avoir une vie aventureuse, voyager);;;Si il envoûte une personne, celle-ci se mettra à errer sans but.;;;;
57;Angélik;Mignon;Rang_B;354;37;161;119;212;Il parcourt le monde sans but. Quand les trois frères Hiblusion, Hibrouille et Hibourling se réunissent, c'est un vrai miracle.;Angélik a le pouvoir de tout geler, mais elle a toujours froid car elle ne maîtrise pas vraiment son pouvoir.;Bonbons;Glace;Combattant;;Angélikvient du prénomAngéliqueet deGèle;;;Elle a le pouvoir d'utiliser la glace mais comme elle ne le contrôle pas vraiment elle gèle tout sur son passage.;Angélik est plutôt timide et réservée car elle ne contrôle pas bien ses pouvoirs.;;;
58;Blizzaria;Mignon;Rang_S;387;43;182;130;236;Angélik a le pouvoir de tout geler, mais elle a toujours froid car elle ne maîtrise pas vraiment son pouvoir.;Maintenant qu'elle a la pleine capacité de ses pouvoirs, Blizzaria peut faire tomber la neige en été et geler les volcans.;Bonbons;Glace;Combattant;;Blizzariavient deBlizzard Étymologie japonaise: ?? (fubuki) veut dire blizzard et ? (hime) veut dire princesse.;;;Elle peut presque tout geler y compris les volcans et apporte le froid et la glace partout où elle passe.;Elle est beaucoup plus confiante qu'avant mais est devenu plus abrupte donnant même l'impression d'harceler le club des Yo-kai chauds en les suivant pour devenir leur ami.;;;
59;Damona;Mignon;Rang_S;445;52;239;156;174;Maintenant qu'elle a la pleine capacité de ses pouvoirs, Blizzaria peut faire tomber la neige en été et geler les volcans.;La princesse d'une petite région du monde des ténèbres. Ses pouvoirs sont énormes mais elle n'a aucune émotion.;Bonbons;Glace;Combattant;;Damonavient du prénomRamonaet deDémon.;;;En tant qu'oni, elle peut utiliser de la magie noire et lancer des malédictions à ses ennemis.;Damona a échangé sa capacité à avoir des émotions contre plus de pouvoirs même si en vérité elle les cache pour queson pères'intéresse à elle.;;;
60;Blizzie;mignon ;;;;;;;La princesse d'une petite région du monde des ténèbres. Ses pouvoirs sont énormes mais elle n'a aucune émotion.;Elle peut sembler un peu autoritaire, mais elle veut juste ce qu'il y a de mieux pour son équipe.;Bonbons;Glace;Combattant;;;;;;Blizzie est autoritaire et semble avoir un cœur de glace, mais en réalité elle veut ce qu'il y a de mieux pour son équipe et s'inquiète pour ses coéquipiers. Elle passe souvent du temps sur son portable.;;;
61;Kyubi;Mystérieux;Rang_S;413;60;256;150;164;Un renard à neuf queues, Yo-kai d'élite. Il peut aisément générer une force plus grande que celle d'un volcan.;Un renard à neuf queues, Yo-kai d'élite. Il peut aisément générer une force plus grande que celle d'un volcan.;Chinese food;Feu;Combattant;;Kyubi dérive duky?bi no kitsune, un renard à neuf queues aux multiples pouvoirs. L’étymologie du nom kyuubi (en général) veut dire neuf queues (kyuu (?)= 9, bi (?)= queues);;;Kyubi peut capturer le cœur de femmes attirées par lui et de prendre forme humaine. Il est également capable de manipuler le feu avec une très grande dexterité. Il est peut générer une force plus grande que celle d'un volcan (soit une temperature entre 700 et 1 200 °C). Kyubi est capable de léviter.;"Ce Yo-kai est très hautain, et n'hésite pas à employer la ruse pour parvenir à ses fins. Malgré son attitude plus ou moins désagréable, il est attaché àGranval. Dans le dessin animé et dans le manga, il est fier de son physique et se qualifie ""du plus beau de tout les Yo-kai"". Il se croit très puissant et à craindre.";;;
62;Barakabo;Mystérieux;Rang_S;448;66;245;168;143;Un seul poil du pelage argenté qu'arbore ce rare Yo-kai porte chance sur plusieurs générations !;Un seul poil du pelage argenté qu'arbore ce rare Yo-kai porte chance sur plusieurs générations !;Fruits de Mer;Glace;Combattant;;;;;Les personnes sous l'envoûtement de Barakabo reçoivent une protection sacrée. Il est dit que le pelage de Barakabo peut porter chance pendant plusieurs générations. Barakabo peut manier la glace et lui donner des températures extrêmement faibles.;Il est assez hautin, en effet il s'offusque de devoir chasser des trésors si on le prend comme coéquipier dans le modeBlasters T.;;;
63;Obskyurbi;Sombre;Rang_S;406;53;288;155;140;Possédé par les forces du mal, Obskyurbi a une âme noire. Il veut détruire tout espoir sur terre... Du moins, c'est ce qu'il dit...;Possédé par les forces du mal, Obskyurbi a une âme noire. Il veut détruire tout espoir sur terre... Du moins, c'est ce qu'il dit...;Oden;Absorption;Ranger;;Obskyurbivient d'Obscur, sans lumière et deKyubi, sa forme originel.;;;Obskyurbi contrôle désormais les ténèbres et la magie noire.;Il est devenu maléfique et a un âme noire, il dit qu'il veut détruire tout espoir sur Terre même si il ne compte pas vraiment le faire.;;;
64;Darabajoie;Costaud;Rang_E;408;89;66;220;68;Il ressemble à une figurine japonaise, mais son vrai corps se cache dedans. Mou et triste, il peut vraiment te ralentir.;Il ressemble à une figurine japonaise, mais son vrai corps se cache dedans. Mou et triste, il peut vraiment te ralentir.;Pain;Terre;Tank;;Darabajoievient deDarumaet derabat-joie.;;;;;;;
65;Darumastar;Costaud;Rang_B;437;166;70;231;86;Désormais un vrai Yo-kai macho, il s'est entrainé durement dans les montagnes pour chasser son côté faiblard.;Désormais un vrai Yo-kai macho, il s'est entraîné durement dans une montagne pour chasser sa nature insipide.;Pain;Terre;Tank;;Darumastarvient deDarumaet destar.;;;Les personnes sous l'envoûtement de Darumastar deviennent macho. Darumastar possède une très bonne force physique.;Darumastar s'est entrainé dans la forêt afin de gagner en force et en confiance en soi. Il est très fier de sa puissance. DansYo-kai Watch 3, Darumastar est devenu un disciple duKarmagisterainsi que le premier boss de laTour du Karmagister.;;;
66;Goruma;Costaud;Rang_B;441;211;62;206;77;Darumastar n'était pas ravi tant qu'il n'avait pas le corps et la force d'un gorille. Goruma a une force de titan.;Darumastar n'était pas ravi tant qu'il n'avait pas le corps et la force d'un gorille. Goruma a une force de titan.;Pain;Vent;Tank;;Gorumavient deGorilleet deDaruma.;;;;;;;
67;Malmidal;Sinistre;Rang_E;408;106;46;211;88;Malmidal peut irriter ta gorge et te rendre malade. Essaie de rester en bonne santé !;Malmidal peut irriter ta gorge et te rendre malade. Essaie de rester en bonne santé !;Pain;Eau;Ranger;;Malmidalest un mot-valise entreMaletAmygdale.;;;Les personnes sous l'envoûtement de Malmidal attrapent un rhume.;;;;
68;Écchinose;Sinistre;Rang_D;428;140;48;230;64;Il est exactement comme Malmidal, mais ne lui dis surtout pas ! Il le déteste.;Il est exactement comme Malmidal, mais ne lui dis surtout pas ! Il le déteste.;Pain;Glace;Ranger;;;;;Lorsqu'il envoûte une personne, il lui donne une migraine carabinée.;Il déteste Malmidal et punira quiconque lui dira qu'ils se ressemblent.;;;
69;Squarlett;Mignon;Rang_E;282;127;110;102;135;Squarlett adore porter des vêtements voyants. Si elle t'envoûte, tu commenceras à aimer ce style aussi !;Squarlett adore porter des vêtements voyants. Si elle t'envoûte, tu commencera à aimer ce style aussi !;Hamburger;Feu;Guérisseur;;Squarlettvient desqueletteet destarlette(personnes adeptes de la mode qui s'inspirent des idoles).;;;Ceux que Squarlett envoûte portent des vêtements voyants.;;;;
70;Margoth;Mignon;Rang_C;344;144;123;115;152;Malgré son air calme dans sa robe gothique, elle explosera de rage si tu insultes son style.;Malgré son air calme dans sa robe gothique, elle explosera de rage si tu insultes son style;Hamburger;Feu;Guérisseur;;Margothvient du prénomMargaudet deGoth(Gothique en anglais, qui est aussi un style vestimentaire).;;;;;;;
71;Squelèbelle;Mignon;Rang_B;361;125;149;123;166;Elle est si convaincue de la beauté sans pareille de ses os, qu'elle n'a pas besoin de peau.;Elle est si convaincue de la beauté sans pareille de ses os qu'elle n'a pas besoin de peau.;Hamburger;Eau;Guérisseur;;;;;;;;;
72;Nanpart;Costaud;Rang_E;422;101;47;234;56;Il refuse tout avec un « Nan-part ! » bien ferme. Devenir chirurgien astronaute semble plus facile que de l'affronter.;Il refuse tout avec un « Nan-part ! » bien ferme. Devenir chirurgien astronaute semble plus facile que de l'affronter.;Ramen;Terre;Tank;;Nanpartvient deNan, parset deRempart.;;;"Les personnes qu'il envoûte se mettent à dire ""Nan, pars !"" à tout le monde, leur faisant souvent dire l'opposé de ce qu'ils pensent vraiment. En combat, il se jette sur ses adversaires pour les écraser.";Ce Yo-kai est très obstiné et répond non à tout. Dans le jeu vidéo et dans le manga, il fera toujours le contraire de ce qu'on lui dit de faire.;;;
73;Passpa;Costaud;Rang_B;472;152;53;270;61;Avec lui tu ne passes pas. Pourquoi ?! Quel est son but ?! Quelle est son histoire ?! Personne ne sait...;Avec lui tu ne passes pas. Pourquoi ?! Quel est son but ?! Quelle est son histoire ?! Personne ne sait...;Ramen;Terre;Tank;;"Passpavient de ""Passe pas !""";;;;Comme Nanpart, Passpa refusera toujours les commandes. Cependant, contrairement à Nanpart, la psychologie inversée ne fonctionne pas sur Passpa.;;;
74;Granpart;Costaud;Rang_A;483;60;159;282;70;Alors un impénétrable mur de château, il s'est transformé en Yo-kai après la chute de la famille qu'il protégeait.;Alors un impénétrable mur de château, il s'est transformé en Yo-kai après la chute de la famille qu'il protégeait.;Ramen;Terre;Tank;;Granpartest un mot-valise entregrandetrempart.;;;;;;;
75;Boulapic;Costaud;Rang_D;463;130;42;240;53;Boulapic est un Yo-kai étrange. Personne ne sait vraiment pourquoi il se démène à bloquer le passage des gens.;Boulapic est un Yo-kai étrange. Personne ne sait vraiment pourquoi il se démène à bloquer le passage des gens.;Lait;Eau;Tank;;;;;Boulapic bloque toujours le passage des pauvres passants mais personne ne sait pourquoi.;Boulapic est un Yo-kai anormal, il se décarcasse à empêcher les gens de passer pour une raison très mystérieuse.;;;
76;Bouldacier;Costaud;Rang_C;470;148;53;253;47;Un camion benne ne pourrait bouger le corps lourd de Bouldacier. Pas de chance s'il se trouve sur ta route !;Un camion benne ne pourrait bouger le corps lourd de Bouldacier. Pas de chance s'il se trouve sur ta route !;Lait;Eau;Tank;;;;;;;;;
77;Hauber;Costaud;Rang_D;443;101;67;231;85;Même sans sa tête, il se donne à 110 pour cent. Il rêve de retrouver sa tête. On ne sait pas comment il fait mais oui... il rêve bien.;Même sans sa tête, il se donne à 110 pour cent. Il rêve de retrouver sa tête. On ne sait pas comment il fait mais oui... il rêve bien.;Légumes;Glace;Tank;;Haubervient duhaubert, une chemise de mailles portées par les hommes d'armes au Moyen-âge.;;;;;;;
78;Lama Laya;Costaud;Rang_C;438;104;66;259;70;Originaire des contrées gelées, c'est le lutteur avec des jambes solides et un cœur de glace : LAMA LAYA !;Originaire des contrées gelées, c'est le lutteur avec des jambes solides et un cœur de glace : LAMA LAYA !;Riz;Glace;Tank;;Lama Layavient de l'Himalaya. Fuji no Yamaest inspiré du Mont Fuji.;;;;;;;
79;Etna Magma;Costaud;Rang_B;445;105;87;268;77;Et en rouge, voici le seul lutteur qui peut rivaliser avec Lama Laya ! C'est le violent volcan bien sûr, voici ETNAA MAGMAAA !;Et en rouge, voici le seul lutteur qui peut rivaliser avecLama Laya! C'est le violent volcan bien sûr, voici ETNAA MAGMAAA !;Riz;Foudre;Tank;;Etna Magma vient du volcan de l'Etnaet demagma.;;;;;;;
80;Coléroptère;Costaud;Rang_B;452;124;66;228;86;Le super agressif Coléroptère est toujours en train de se battre avec Scatcheur pour le titre de roi des Yo-kai insectes.;Le très agressif Coléroptère est toujours en train de se battre avecScatcheurpour le titre du roi des insectes.;Légumes;Terre;Tank;;"Coléroptèrevient de l'espèce descoléoptères, insectes dotés d'élytres protégeant leurs ailes ; et decolère.";;;;Il est colérique et très agressif. Lorsqu'un Coléroptère a prouvé sa valeur en combat, celui-ci évolue en Rhinolimit.;;;
81;Rhinolimit;Costaud;Rang_A;478;145;68;240;87;Seuls les quelques Coléroptère ayant prouvé leur valeur au combat peuvent obtenir le nom de Rhinolimit.;Seuls les quelquesColéroptèreayant prouvé leur valeur au combat peuvent obtenir le nom de Rhinolimit.;Légumes;Terre;Tank;;"Rhinolimitvient derhinocéros, l'espèce du scarabée dont il est inspiré (scarabée rhinocéros), et deNo limit, qui en anglais signifie sans limite. Kabuto Mus?signifie en français ""Kabuto sans égal"" ou ""Heaume sans égal"". Rhinormousvient derhino(en rapport au""rhinoceros beetle"")et d'enormous(énorme en anglais) ou deginormous(gigantesque en anglais). Enormarabajovient deenorme(même mot qu'en français) et deescarabajo(Scarabé en espagnol). Rhinoberstvient deRhino(en rapport au ""rhinoceros beetle"") et deOberst(colonel en allemand) et peut être dezerbersten(signifie une explosion ou un eclatement) Rinormevient derinoceronte(en rapport au""rhinoceros beetle"")etenorme(même mot qu'en français).";;;L'envoûtement de Rhinolimit donne à ses victimes une force incomparable. Armé de ses poings et de ses cornes, c'est un grand danger pour tout ce qui se mettent sur sa route.;"Il est très confiant et sûr de sa force. Il est passionné de combat, on peut le voir grace à ses talents ""Brise-garde"" et ""Très armoureux"". Les Rhinolimit étaient à l'origine des Coléroptère qui ont évolué après avoir prouvé leur immense valeur en combat. Un Rhinolimit peut devenir un Corniaque si celui-ci surpasse de loin ses congénères. Comme les Rhinolimit sont tous des as du combat, cet événement est très rare.";;;
82;Corniaque;Costaud;Rang_S;492;156;67;256;92;Quand Rhinolimit atteint un pouvoir supérieur à ses pairs, il peut accéder au statut très rare de Corniaque.;QuandRhinolimitatteint un pouvoir supérieur à ses pairs, il peut accéder au statut très rare de Corniaque.;Légumes;Terre;Tank;;;;;Armé de ses poings et de ses cornes, c'est un grand danger pour tout ce qui se mettent sur sa route.;;;;
83;Castelius I;Costaud;Rang_A;491;134;86;269;78;Première place, médailles d'or, gros trophées ! Telle sera ta vie si tu es sous son envoûtement.;Première place, médailles d'or, gros trophées ! Telle sera ta vie si tu es sous son envoûtement;Lait;Foudre;Ranger;;;;;Castelius I a le pouvoir de faire arriver les gens à la première place dans tout.;;;;
84;Castelius III;Costaud;Rang_C;445;118;80;239;64;Avec lui, tu seras toujours troisième. Pas de quoi se réjouir... sauf si tu es un magnat du bronze.;Avec lui, tu seras toujours troisième. Pas de quoi se réjouir... sauf si tu es un magnat du bronze.;Lait;Terre;Ranger;;;;;Castelius III a le pouvoir de faire arriver les gens à la troisième place dans tout.;;;;
85;Castelius II;Costaud;Rang_B;466;128;84;252;70;Castelius II te bloquera toujours en deuxième place. Pas si mal, mais peut-être que tu aurais pu faire un peu mieux ?;Castelius II te bloquera toujours en deuxième place. Pas si mal, mais est-ce que tu aurais pu faire un peu mieux ?;Lait;Glace;Tank;;;;;Castelius II a le pouvoir de faire arriver les gens à la deuxième place dans tout.;;;;
86;Castelius Max;Costaud;Rang_S;516;140;88;289;84;Être envoûté par ce Yo-kai extrêmement rare te fera dépasser les notions de victoire et de défaite.;Être envoûté par ce Yo-kai extrêmement rare te fera dépasser les notions de victoire et de défaite.;Lait;Vent;Tank;;;;;;;;;
87;Misterre;Costaud;Rang_A;650;163;69;232;70;Les contes de fées racontent que l'énorme Misterre construirait des montagnes et creuserait des lacs.;Les contes de fées racontent que l'énorme Misterre construirait des montagnes et creuserait des lacs.;Légumes;Terre;Tank;;Misterrevient deMystèreet deTerre.;;;Il s'occupe de terraformer la terre en créant des lacs, des montagnes... Il s'amuse aussi à piéger des humains en créant des labyrinthes.;Il est énorme, fait très peur mais est en fait très gentil.;;;
88;Ressak;Costaud;Rang_S;695;71;168;238;81;Un Yo-kai avec un cœur grand comme l'océan. Il se pourrait même que Ressak soit l'incarnation de la mer.;Un Yo-kai avec un cœur grand comme l'océan. Il se pourrait même que Ressak soit l'incarnation de la mer.;Légumes;Eau;Tank;;Ressakvient deressac,Retour brutal des vagues sur elles-mêmes, lorsqu'elles ont frappé un obstacle.;"Ressak est basé sur le Umib?zu (japonais:???Umi-b?zu, littéralement «moine de la mer»), qui est également son nom japonais. Ce yôkai apparaît comme un géant noir et gras, sortant de la mer et provoquant d’énormes vagues, fixant les navires avec d’énormes yeux brillants. Le nom de ""moine"", comme pour d'autres youkai de même nom, doit sa tête ronde et lisse à la chevelure rasée d'un moine bouddhiste ordonné. Les marins chevronnés savent garder le silence et naviguer silencieusement s’ils en repèrent un, car ce yôkai déteste crier et faire des bruits forts, et il va rapidement détruire la source de son ennui en le provoquant. Certaines sources affirment que les Umibozu sont en fait une pieuvre géante ou un énorme lion de mer.";;C'est le dieu de l'océan, il donne un sentiment d'euphorie à ceux qu'il envoûte et les faits devenir de vrais enfants de l'océan.;Il a un cœur grand comme celui de l'océan, il est extrêmement euphorique.;;;
89;Cigalopin;Mignon;Rang_E;242;143;35;100;178;Il dit pratiquer le « ninjutsu cigale » mais ça n'existe pas vraiment. Sauf s'il s'agit d'une maîtrise de la fuite.;Il dit pratiquer le « ninjutsu cigale » mais ça n’existe pas vraiment. Sauf s’il s’agit d’une maîtrise de la fuite.;Jus;Vent;Ranger;;Cigalopinvient deCigaleet degalopin.;;;Il peut taillader les ennemis avec son petit katana.;Cigalopin est quelqu'un d'assez lâche et n'hésite pas à s'enfuir devant de puissants ennemis. Comme les cigales, il aime beaucoup chanter mais c'est un vrai paresseux il ne fait que dormir de ses semaines.;;;
90;Cigaillard;Mignon;Rang_C;313;157;38;112;203;Cigalopin a poussé le « ninjutsu cigale » à son paroxysme. Et maintenant, Cigaillard prétend que c'est un art martial légitime !;Cigalopin a formé le « ninjutsu cigale » au maximum. Et maintenant,Cigaillardprétend que c'est un art martial digne !;Jus;Vent;Ranger;;Cigaillardvient deCigaleet deGaillard.;;;Il a formé le ninjutsu cigale et le maîtrise donc très bien.;Cigaillard est plein de vigueur et d'allant.;;;
91;Cigazouille;Mignon;Rang_B;346;188;45;132;201;Son style avancé du « ninjutsu cigale » le fait chanter au combat ! Ses batailles attirent même des fans de musique.;Son style avancé du «ninjutsu cigale» le fait chanter au combat ! Ses batailles attirent même des fans de musique.;Jus;Feu;Ranger;;Cigazouillevient deCigaleet du verbeGazouiller.;;;;;;;
92;Flamente;Sinistre;Rang_E;451;73;150;80;133;Ce Yo-kai oiseau a tout le temps le cafard. Ceux qu'il envoûte deviennent dépressifs et très distraits.;Ce Yo-kai oiseau a tout le temps le cafard. Ceux qu'il envoûte deviennent dépressifs et très distraits.;Pain;Vent;Combattant;;Flamenteest un mot-valise entreFlamant(oiseau)Lamente(se plaindre d'un ton geignard et larmoyant).;;;Ceux qu'elle envoûte deviennent dépressifs et très distraits.;Flamente est toujours déprimé, mais son influence malchanceuse sur les autres ne fait qu'ajouter à sa misère. Elle s'excuse pour tout inconvénient qu'elle occasionne.;;;
93;Volibrius;Sinistre;Rang_C;397;50;207;113;156;Volibrius peut rendre la personne la plus cool, démodée et maladroite. Il déteste ne pas avoir la classe.;Volibrius peut rendre la personne la plus cool, démodée et maladroite. Il déteste ne pas avoir la classe.;Pain;Vent;Combattant;;Volibriusvient deVolatile(oiseau) et d'olibrius(personne ridicule et stupide).;;;;Il veut être cool donc il envoûte les personnes cool mais les rends démodés et maladroits.;;;
94;Volatriste;Sinistre;Rang_A;436;51;237;130;169;Si tu aperçois Volatriste, fuis ! Il peut t'entraîner vers les profondeurs les plus sombres du désespoir.;Si tu aperçois Volatriste, fuis ! Il peut t'entraîner vers les profondeurs les plus sombres du désespoir.;Pain;Vent;Combattant;;Volatristevient deVolatile(oiseau) et detriste.;;;Volatriste apporte malgré lui le malheur à tous ceux qu'il rencontre. Dans le chemin brumeux, on apprend qu'il possède également le pouvoir de prendre forme humaine, comme beaucoup d'autres Yo-kai.;;;;
95;Jibanyan;Mignon;Rang_D;332;167;43;104;216;Après s'être fait rouler dessus par un camion, il hante un carrefour et cherche à prendre sa revanche sur eux.;Après s'être fait rouler dessus par un camion, il hante un carrefour et cherche à prendre sa revanche sur eux.;Fruits de Mer;Feu;Combattant;Jibanyanvivait une vie tranquille avec sa maitresse,Amélie. Un jour, il se fit renverser par un camion et devint ensuite un Yo-Kai hantant le carrefour où il est mort. Depuis ce jour, il essaye d'arrêter les camions et les voitures qui passent à cet endroit, créant de nombreux accidents qui ont été évitées de justesse. C'est aussi là-bas qu'il fera la rencontre deNathanetWhisper. Il adore également les barres de chocolat et lesNext HarMIAOUny.;"Son nom est une combinaison deJibakurei(japonais: ? ? ? ""fantôme lié à un emplacement"") etNyan, l'onomatopée japonaise pour le Miaou d'un chat.";Jibanyan vient de la légende dubakeneko, plus précisément à unnekomata,chat souvent à double queue ayant la capacité de ressusciter les morts, de contrôler les flammes et de prendre forme humaine.;;Jibanyan envoûte les gens de sorte à ce qu'ils traversent au rouge pour se venger des camions, même si il sait que c'est souvent lui qui se fait rentrer dedans !;Ce chat paresseux adore les barres de chocolat. Mieux vaut ne pas l'énerver ou il se déchaînera par sa Fureur du Chaton.;;;
96;Jibanyan S;Mignon;Rang_S;379;235;58;108;229;Jibanyan est enfin passé au rang S. Il est plus fort et il est convaincu qu'il pourra enfin battre le camion, mais...;Jibanyan est enfin passé au rang S. Il est plus fort et il est convaincu qu'il pourra enfin battre le camion, mais...;Chocolat;Feu;Combattant;;Jibanyan Svient deJibanyan, sa forme de base et duRang Squ'il a acquit.;;;Jibanyan S est beaucoup plus fort qu'avant mais pas assez pour résister aux camions...;Jibanyan a gardé son caractère mais il est bien plus courageux et confiant qu'avant.;;;
97;Épinyan;Mignon;Rang_B;366;168;59;116;210;Jibanyan est fier de son nouveau corps épineux. Essaie de ne pas lui marcher dessus sans chaussures.;Jibanyan est fier de son nouveau corps épineux. Essaie de ne pas lui marcher dessus sans chaussures.;Fruits de Mer;Vent;Combattant;;Épinyanvient d'épineet denyan;;;;Épinyan estJibanyanavec un rhume. Il lance des épines quand il éternue. Les cibles touchées deviennent à leurs tour enrhumées. Dans le manga, il ne fait que rouspéter à longueur de temps.;;;
98;Bandinyan;Mignon;Rang_B;388;185;36;133;194;Jibanyan se rebelle. Avec sa belle coupe banane et ses queues stylées, c'est un délinquant sans réel but.;Jibanyan se rebelle. Avec sa belle coupe banane et ses queues stylées, c'est un délinquant sans réel but.;Fruits de Mer;Feu;Combattant;;Bandinyanest un mot-valise entrebanditetnyan.;;;Comme pour Loubarbare, les personnes envoûtés par Bandinyan deviennent des délinquants.;Bandinyan est un délinquant sans réel but, il se comporte comme une terreur des bacs à sables.;;;
99;Robonyan;Costaud;Rang_A;465;128;71;234;143;Un robot qui se prend pour le vrai Jibanyan. À part la façon de bouger, ils se ressemblent vraiment. Miaou miaou.;Un robot qui se prend pour le vrai Jibanyan. À part la façon de bouger, ils se ressemblent vraiment. Miaou Miaou.;Fruits de Mer;Glace;Tank;;Robonyanest un mot-valise entreRobotetNyan.;;;Robonyan est un Yo-kai à la pointe de la technologie, il peut créer des barres de chocolat car il possède une usine à l'intérieur de son corps. Il peut se transformer en divers objets comme une voiture de course ou une cuisinière. En combat, il peut projeter ses poings sur l'ennemi.;"Bien que prétendant être Jibanyan, Robonyan présente une personnalité différente de ce dernier. Robonyan est plus objectif dans ses prises de décisions, et souvent n'écoute pas les autres lorsqu'ils essayent de le raisonner. Il cherchera à éliminer tous ceux qu'il considère comme des intrus, comme quand il essaye d'éliminer Ariane et Usapyon dans la quête ""Amélioration Ultime"".";;;
100;Oronyan;Costaud;Rang_S;473;132;72;243;169;Oronyan chatoie de perfection. Miaou miaou. Il est réellement inestimable.;Oronyan chatoie de perfection. Miaou miaou. Il est réellement inestimable.;Fruits de Mer;Foudre;Tank;;Oronyanest un mot valise entreoretRobonyan.;;;;En tant que robot, il n'a pas vraiment de sentiments mais il est conscient de sa valeur ce qui le rend parfois arrogant.;;;
101;Diamanyan;Mignon;Rang_A;372;193;48;137;213;Un Yo-kai serti de diamants. On dit que c'est le Yo-kai le plus luxueux, intemporel et romantique. Qu'en penses-tu ?;Un Jibanyan serti de diamants. On dit que c'est le Yo-kai le plus luxueux, intemporel et romantique. Qu'en penses-tu ?;Fruits de Mer;Glace;Combattant;;Diamanyanvient deDiamant(Pierre précieuse) etNyan.;;;;;;;
102;Saphinyan;Mignon;Rang_A;359;158;145;102;189;Un Yo-kai serti de saphirs. Son corps a la couleur claire de l'océan un beau jour d'été.;Un Yo-kai serti de saphirs. Son corps a la couleur claire de l'océan un beau jour d'été.;Fruits de Mer;Eau;Combattant;;Saphinyanvient deSaphiret deNyan(Jibanyan/Cri du chat en japonais).;;;;;;;
103;Émeranyan;Mignon;Rang_A;314;169;204;118;133;Un Yo-kai serti d'émeraudes. Si on pouvait le vendre, il vaudrait plus de 100 millions d'euros.;Un Jibanyan d'émeraude. Si on pouvait le vendre, il vaudrait plus de 100 millions d'euro.;Fruits de Mer;Restauration;Guérisseur;;Émeranyanvient deJibanyanet d'émeraude.;;;;;;;
104;Rubinyan;Mignon;Rang_A;370;229;88;141;149;Un Yo-kai serti de rubis. Une lumière brillante comme le feu jaillit quand il se bat.;Un Jibanyan de rubis. Une lumière brillante comme le feu jaillit quand il se bat.;Fruits de Mer;Feu;Combattant;;Rubinyanest un mot-valise entreRubis(pierre précieuse) et deNyan(Miaulement en japonais).;;;;;;;
105;Topanyan;Mignon;Rang_A;390;150;70;225;156;Un Yo-kai serti de topazes. Te lier d'amitié avec lui signifie que tu as une chance innée.;Un Yo-kai serti de topazes. Te lier d'amitié avec lui signifie que tu as une chance innée.;Fruits de Mer;Foudre;Tank;;"Topanyanvient dutopaze, une pierre précieuse de couleur orange et denyan, l'onomatopée japonaise pour le ""miaou"" d'un chat.";;;;;;;
106;Kappacap;Mignon;Rang_D;343;43;184;108;147;La plupart des kappas sont dans l'eau, mais lui aime marcher en dehors. Il se met de l'eau sur la tête pour compenser.;La plupart des kappas sont dans l'eau, mais lui aime marcher en dehors. Il se met de l'eau sur la tête pour compenser.;Légumes;Eau;Combattant;;;;;;;;;
107;Appak;Mignon;Rang_A;374;54;239;121;174;Appak peut pratiquement tout couper avec sa lame d'eau. Il parcourt le globe pour augmenter ses capacités.;Appak peut pratiquement tout couper avec sa lame d'eau. Il parcourt le globe pour augmenter ses capacités.;Légumes;Eau;Combattant;;Appakvient du motKappaécrit à l'envers.;;;;;;;
108;Kappaloha;Mignon;Rang_A;392;60;213;130;182;Alors que la plupart des kappas restent dans les rivières, lui, préfère aller surfer... et draguer les filles tant qu'il y est.;Alors que la plupart des kappas restent dans les rivières, lui, préfère aller surfer... et draguer les filles tant qu'il y est.;Légumes;Eau;Combattant;;Kappalohavient deKappa(son espèce) et d'aloha(mot hawaïen pouvant signifier l'amour, bonjour, au revoir... Hawaï est connu pour être prisé des surfeurs);Comme le reste de ses congénères, Kappaloha est inspiré duKappaun monstre du folklore japonais, décrit comme un génie ou un diablotin d'eau. Le kappa est réputé pour chercher à attirer les humains ou les animaux dans l'eau. Le kappa sait très bien parler japonais et jouer au sh?gi. Si il y a une nourriture qu'il apprécie plus que la chair des enfants, c'est le concombre. Ainsi, les Japonais avaient coutume de jeter des concombres dans les rivières afin que les kappa n'aient pas envie de manger leurs progénitures.;;Armé de son épée d'eau, il peut trancher ses adversaires très rapidement.;Kappaloha est très différent des autres Kappa. En effet, à l'instar de ses congénères, il adore le surf et draguer des filles.;;;
109;Komasan;Mignon;Rang_D;343;40;190;102;160;Komasan est un gardien chien-lion qui s'est lassé du temple qu'il protégeait. Il en cherche un nouveau maintenant.;Komasan est un gardien chien-lion qui s’est lassé du temple qu’il protégeait. Il en cherche un nouveau maintenant.;Lait;Feu;Combattant;;Komasanvient deKomainu, une paire de chien-lion qui garde l'entrée des temples japonais et deSan, suffixe japonais.;;;Komasan peut invoquer des feux follets pour attaquer ses adversaires et grâce à une feuille de Tanuki, il peut devenir un humain.;Komasan est un Yo-kai timide mais curieux qui aime découvrir de nouvelles choses. Il a été gardien d'un sanctuaire pendant des siècles, jusqu'à sa démolition, le laissant errer dans la ville et s'habituer à la vie moderne. Dans certains des jeux vidéo, il est décrit comme étant initialement timide et lâche, un point qui lui vaut la moquerie du gardien deGranval,Kyubi.;;;
110;Komajiro;Mignon;Rang_D;372;53;167;141;137;C'est le jeune jumeau de Komasan. Plus futé que ce dernier, il a malgré tout plein d'admiration pour son rustre de grand frère.;C'est le jeune jumeau de Komasan. Plus futé que ce dernier, il a malgré tout plein d'admiration pour son rustre de grand frère.;Lait;Foudre;Combattant;;"Komajirovient deKomainu, une paire de statues de gardes chien-lion qui garde l'entrée des temples japonais et deJir?(japonais), un prénom masculin qui se traduit par ""deuxième fils aîné"".";;;Il peut maîtriser la foudre et devenir un humain comme son frère.;Il s'habitue mieux à la ville que son frère. Il aime la disco, le téléphone. C'est unDJ rappeur.;;;
111;KJ;Mignon;Rang_D;372;53;167;141;137;D'une façon ou d'une autre, Komasan a atteint le rang S. Cependant, il est perplexe et souhaiterait revenir à son rang précédent.;Donne les meilleurs concerts de tout le Yo-kai World ! Mais bonne chance pour obtenir des places...;Lait;Foudre;Combattant;;;;;;;;;
112;Komasan S;Mignon;Rang_S;487;46;242;117;194;Un jour, Komajiro a vu qu'il avait atteint le rang S. Cela semble l'avoir peu affecté, si ce n'est qu'il est plus optimiste qu'avant.;D'une façon ou d'une autre, Komasan a atteint le rang S. Cependant, il est perplexe et souhaiterait revenir à son rang précédent.;Lait;Feu;Combattant;;Komasan Svient du Yo-kaiKomasanet du rangSqu'il a acquis.;;;;Komasan est perplexe depuis qu'il a acquit ce pouvoir. Il préférerait son rang D habituel.;;;
113;Komajiro S;Mignon;Rang_S;533;60;212;173;156;Les voyages de Komasan l'ont fait mûrir en un Yo-kai courageux et fiable. Il est même fort !;Komajiro est désormais un rang S, plus rien ne l'empêche de faire tourner toutes les têtes !;Lait;Foudre;Combattant;;;;;La puissance de sa foudre s'est dédoublée quand il a monté de rang.;Komajiro est très fier d'avoir acquis ce pouvoir. Heureusement, il l'utilise à bon escient.;;;
114;Komaous;Mignon;Rang_A;397;45;239;113;186;La recherche de son frère a fait ressortir son esprit féroce. Il a même des rayures !;Les voyages de Komasan l'ont fait mûrir en un Yo-kai courageux et fiable. Il est même fort !;Lait;Feu;Combattant;;Komaousvient deKomaetMaous, qui signifie énorme.;;;Il est bien plus fort qu'avant ! Désormais, les ennemis ne résistent pas longtemps et finissent incinérés.;À force de voyager, Komasan est devenu courageux et fiable.;;;
115;Komistigri;Mignon;Rang_A;426;55;227;156;152;Bababou regarde dans le vide. Parfois, il ne bouge pas pendant trois jours entiers. À quoi peut-il bien penser ?;La recherche de son frère a fait ressortir son esprit féroce. Il a même des rayures !;Lait;Foudre;Combattant;;"Komistigrivient deKomainuet de ""Mistigri"" un prénom parfois donné aux chats. ""Tigri"" peut également faire référence à ses rayures.";;;;Komistigri est plus féroce qu'avant.;;;
116;Bababou;Insaisissable;Rang_C;378;44;146;36;234;Tourneboul te fait marmonner et bafouiller. Le pire est quand tu dois parler à voix haute en classe !;Bababou regarde dans le vide. Parfois, il ne bouge pas pendant trois jours entiers. À quoi peut-il bien penser ?;Bonbons;Absorption;Combattant;;Bababouvient deBaba(Frappé d'étonnement) et deBabou(Embarras).;;;Sous son envoûtement, les gens deviennent inexpressifs.;"Bababou est souvent inexpressif et à souvent l'air ailleurs mais quand il entend le mot ""saucisse"", il se met dans une colère noire et se met à devenir vulgaire et terrifiant. Au contraire, si on lui dit ""jambon"" il est très sensible et se met à pleurer.";;;
117;Tourneboul;Insaisissable;Rang_B;371;79;180;43;223;Il a toujours froid. Ceux qu'il envoûte portent plusieurs couches de vêtements en été.;Tourneboul te fait marmonner et bafouiller. Le pire est quand tu dois parler à voix haute en classe !;Bonbons;Absorption;Combattant;;;;;;;;;
118;Chihuaglagla;Mignon;Rang_E;298;37;179;102;142;Des légendes racontent que Froahuahua aurait sauvé des personnes perdues dans les montagnes enneigées.;Il a toujours froid. Ceux qu'il envoûte portent plusieurs couches de vêtements en été.;Ramen;Glace;Combattant;;;;;;;;;
119;Froahuahua;Mignon;Rang_A;402;52;218;124;181;Son cœur et son corps brûlant lui donnent trop chaud. Être près de lui est comme être près d'un chauffage.;Des légendes racontent que Froahuahua aurait sauvé des personnes perdues dans les montagnes enneigées.;Ramen;Glace;Combattant;;;;;;;;;
120;Cho-cho;Mignon;Rang_S;366;51;197;122;226;Pachycoul a toujours la sensation que son nez va couler. Il attaque avec un jet d'eau quand il doit tout expulser.;Son cœur et son corps brûlant lui donnent trop chaud. Être près de lui est comme être près d'un chauffage.;Ramen;Feu;Combattant;;"Cho-chovient deChaud,qui est à une température plus élevée que celle du corps ; qui donne une sensation de chaleur, Et deChow-chow,qui est une race de chien.";;;Il est aussi chaud qu'un chauffage et contrôle très bien le feu.;;;;
121;Pachycoul;Costaud;Rang_D;304;147;26;147;179;Persévéfant peut tout supporter, même lorsque l'effort le fait trembler. Il peut aussi t'aider à être persévérant.;Pachycoul a toujours la sensation que son nez va couler. Il attaque avec un jet d'eau quand il doit tout expulser.;Riz;Eau;Tank;;Pachycoulvient depachyderme(famille à laquelle appartiennent les éléphants) et du verbecouler.;;;Pachycoul a la capacité de donner à n'importe qui un besoin urgent d'utiliser les toilettes.;;;;
122;Persévéfant;Costaud;Rang_C;421;53;109;242;114;Tout ce qu'il fait est déterminé par le résultat de ses yeux en dés. Ils changent également sa personnalité.;Persévéfant peut tout supporter, même lorsque l'effort le fait trembler. Il peut aussi t'aider à être persévérant.;Riz;Eau;Tank;;Persévéfantvient depersévéreret d'éléphant.;;;Ceux qui sont envoûtés par Persévéfant deviennent plus persévérants.;;;;
123;Dédé;Bienveillant;Rang_B;405;176;84;118;167;Dédestin t'envoûtera et te mènera vers un futur inconnu. Bien qu'il ne sache pas s'il sera bon ou mauvais.;Tout ce qu'il fait est déterminé par le résultat de ses yeux en dés. Ils changent également sa personnalité.;Bonbons;Eau;Guérisseur;;Dédévient deDédé, (une abréviation du prénom André), et dedé, en référence à ceux qui remplacent ses yeux.;;;;;;;
124;Dédestin;Bienveillant;Rang_A;423;188;76;127;182;Un tengu populaire qui contrôle le pouvoir du vent. A priori, toute cette force viendrait de son éventail favori.;Dédestin t'envoûtera et te mènera vers un futur inconnu. Bien qu'il ne sache pas s'il sera bon ou mauvais.;Bonbons;Eau;Guérisseur;;Dédestinvient deDédé, et dedestin.;;;;;;;
125;Tengu;Mystérieux;Rang_S;417;80;164;168;154;Ses cheveux portent la couleur du feu. On dit qu'il rendrait les terres arides pour donner une leçon aux humains.;Un tengu populaire qui contrôle le pouvoir du vent. À priori toute cette force serait due à son grand éventail.;Bonbons;Vent;Combattant;;Tenguvient d'un Yo-kai du folklore japonais du même nom.;;;Il peut créer des tornades plus ou moins grandes grâce à son éventail.;Il est fier de sa popularité et est très farceur.;;;
126;Tengurou;Mystérieux;Rang_S;476;99;182;141;126;Un Yo-kai toujours affamé qui n'arrête pas de faire gronder l'estomac des autres. Oui, c'est vraiment tout ce qu'il peut faire...;Ses cheveux portent la couleur du feu. On dit qu'il rendrait les terres arides pour donner une leçon aux humains.;Bonbons;Feu;Combattant;;"Tengurouvient deTenguetRoux. ""Flengu"" est une contraction de flamme et tengu, qui est également la traduction de son nom japonais (???).";;;Il peut rendre les terres arides.;;;;
127;Granpapéti;Bienveillant;Rang_E;283;45;190;113;131;Un Granpapéti rare au corps de riz. Il est tellement gentil qu'il en donnerait un morceau à quelqu'un d'affamé.;Un Yo-kai toujours affamé qui n’arrête pas de faire gronder l’estomac des autres. Oui, c’est vraiment tout ce qu’il peut faire…;Riz;Restauration;Guérisseur;;Granpapétivient deGrand-pèreet deAppétit.;;;;;;;
128;Grainpère;Bienveillant;Rang_B;301;49;241;117;174;Ce terrible glouton mange tout ce qui est devant lui. Sa bouche est tel un trou noir dont même le riz ne peut s'échapper.;Un Granpapéti rare au corps fait de riz. Il est tellement gentil qu'il en donnerait un morceau à quelqu'un d'affamé.;Riz;Restauration;Guérisseur;;Grainpèrevient deGrainet deGrand-père.;;;Il peut soigner des gens en leur faisant manger du riz provenant de son propre corps.;Il est gentil mais veut surtout que les personnes autour de lui apprécient les vertus du riz, qu'il ne cesse de vanter.;;;
129;Puissanfon;Bienveillant;Rang_B;358;55;223;127;157;Un caniche à tête humaine qui aime faire peur aux gens. Il espère un jour devenir un chef d'entreprise.;Ce terrible glouton mange tout ce qui est devant lui. Sa bouche est tel un trou noir dont même le riz ne peut s'échapper.;Riz;Absorption;Guérisseur;;Puissafonvient depuits sans fond.;;;Puissanfon pousse les gens à dévorer de la nourriture. S’il manque de nourriture, il dévorera les choses qui ne sont pas comestibles.;;;;
130;Corniot;Sinistre;Rang_E;298;178;40;102;142;Personne ne veut se rapprocher de Bicorniot, à cause de ses visages méchants. C'est un parfait chien de garde.;Un caniche à tête humaine qui aime faire peur aux gens. Il espère un jour devenir un chef d’entreprise.;Chinese food;Feu;Ranger;;Corniotvient deCorniaud(chien croisé);"Corniot vient duJinmenken""???"" (qui est aussi son nom Japonais) le chien à tête d'homme, est une créature légendaire du folklore japonais, capable, selon certains témoignages, de comprendre et parler les langues humaines.";;Il peut transformer les gens en chien à visage humain après les avoir mordus.;Il adorerait avoir une maîtresse mais personne ne veut de lui à cause de son visage repoussant il aime aussi les formes des femmes.;;;
131;Bicorniot;Sinistre;Rang_B;390;229;43;114;166;C'est un chien de garde d'élite, né et élevé dans les ténèbres. Il ne laisse aucune âme se libérer de sa prise.;Personne ne veut se rapprocher deBicorniot, à cause de ses visages méchants. C'est un parfait chien de garde.;Chinese food;Feu;Ranger;;Bicorniotvient deCorniot, sa sous-évolution, et du préfixebiqui est relatif à la notion de double.;;;;;;;
132;Cerbébert;Sinistre;Rang_A;395;45;185;106;219;Cette anguille ne peut s'arrêter de rire, et on ne sait pas pourquoi. Peut-être que son sens de l'humour est cassé.;C'est un chien de garde d'élite, né et élevé dans les ténèbres. Il ne laisse aucune âme se libérer de sa prise.;Chinese food;Terre;Combattant;;Cerbébertvient deCerbère, le chien à trois têtes gardien des Enfers dans la mythologie grecque, et debébert, un surnom parfois donné aux personnes dont le prénom finit en -bert.;;;;;;;
133;Anghihihille;Insaisissable;Rang_D;352;39;169;176;120;Un Yo-kai qui chante une étrange mélodie. Si tu entends un chant sortir d'un pot, ne regarde pas à l'intérieur !;Cette anguille ne peut s'arrêter de rire, et on ne sait pas pourquoi. Peut-être que son sens de l'humour est cassé.;Viande;Restauration;Guérisseur;;;;;Anghihihille fait rire les gens de tout et de tout, peu importe la situation. Dans des endroits comme les hôpitaux, cela peut provoquer des situations délicates où le rire peut être considéré comme insensible ou inapproprié.;Dans l'anime, malgré sa disposition apparemment insensible, Anghihihille prétend avoir un côté compatissant. Parce qu'il déteste voir les gens misérables, il les inspire pour qu'ils puissent rire de leurs problèmes.;;;
134;Méroubadour;Insaisissable;Rang_C;386;193;78;128;135;Ce n'est pas un simple pot, il y a un serpent géant dedans ! Ce serait la source de la création des diables à ressort.;Un Yo-kai qui chante une étrange mélodie. Si tu entends un chant sortir d'un pot, ne regarde pas à l'intérieur !;Viande;Absorption;Guérisseur;;;;;;Les gens envoûtés par Méroubadour se mettront soudainement à chanter.;;;
135;Urnaconda;Insaisissable;Rang_C;378;41;181;196;118;Un Yo-kai papillon qui mène ceux qu'il envoûte aux sommets. Il est souvent confondu avec Papiltension.;Ce n'est pas un simple pot, il y a un serpent géant dedans ! Ce serait la source de la création des diables à ressort.;Viande;Restauration;Guérisseur;;Urnacondavient deUrne(un vase en céramique) et deAnaconda(une famille de serpents).;;;Urnaconda peut faire apparaître des objets de n'importe où, dans le but de faire peur aux gens. Il peut également lui-même sortir de n'importe où, et adore effrayer ceux qui le voient.;Il est complètement déjanté et adore surprendre les gens. Il s'exprime souvent en terminant ses phrases par cha-cha-cha.;;;
136;Papiltation;Bienveillant;Rang_D;291;58;186;117;139;Un Yo-kai papillon menant ceux qu'il envoûte à rompre tout lien d'amitié. Il est souvent confondu avec Papiltation.;Un Yo-kai papillon qui mène ceux qu'il envoûte aux sommets. Il est souvent confondu avecPapiltension.;Jus;Restauration;Guérisseur;;Papiltationvient depalpitationet depapillon.;;;Papiltation rend les personnes énergiques et leur fait accomplir des tâches au maximum de leurs capacités. Dans l’anime, il porte chance, commeNoko.;Papiltation est très énergique ce qui le rend très attentif aux choses qui l'entoure;;;
137;Papiltension;Bienveillant;Rang_D;343;49;176;98;161;Les gens atteindront des sommets inimaginables sous l'envoûtement de ce Yo-kai. Tout le monde le veut !;Un Yo-kai papillon menant ceux qu'il envoûte à rompre tout lien d'amitié. Il est souvent confondu avecPapiltation.;Jus;Absorption;Ranger;;Papiltensionvient depalpillonet detension.;;;Ceux qui sont envoûtés par Papiltension se mettent à rompre toutes leurs amitiés.;;;;
138;Hyprapillon;Bienveillant;Rang_A;387;59;237;123;173;Un Yo-kai papillon avec des ailes féeriques. Respirer son parfum augmentera au max ton niveau d'enthousiasme.;Les gens atteindront des sommets inimaginables sous l'envoûtement de ce Yo-kai. Tout le monde le veut !;Jus;Restauration;Guérisseur;;;;;Ceux qui subissent l'envoûtement de Hyprapillon atteindront des sommets inimaginables et seront en pleine forme.;;;;
139;Vitapillon;Bienveillant;Rang_S;412;60;253;131;179;Ce Yo-kai algue veut populariser la danse de sa ville natale dans le monde. Et il est aussi très en forme !;Un Yo-kai papillon avec des ailes féeriques. Respirer son parfum augmentera au max ton niveau d'enthousiasme.;Jus;Restauration;Guérisseur;;"Vitapillonvient deVitalitéet dePapillon. Nom Japonais : Ageageha?????vient deAgeage????(Peut se traduire par ""Bonne humeur"" en japonais) et deAgeha???(Se traduit par ""Machaon"", une espèce de papillon, en japonais). Nom Anglais : Peppillonvient dePeppy(""Energique"" en anglais) et dePapillon. Nom Espagnol : Vivariposavient deViva(peut se traduire par ""Vivant"" mais est aussi un cri d'enthousiasme) et deMariposa(""Papillon"" en espagnol) Nom Italien : Farfavigovient deFarfalla(""Papillon"" en italien) et deVigoroso(""Vigoureux"" en italien). Nom Allemand : Feinschwingpeut venir deFein(""Bien"" en allemand), deSchmetterling(""Papillon"" en allemand) et deWing(""Aile"" en anglais).";;;Ceux qui subissent l'envoûtement de Vitapillon seront excessivement enthousiastes devant tout ce qu'ils voient.;;;;
140;Noripop;Bienveillant;Rang_E;330;136;160;65;117;Wakapoeira est un des rivaux de Noripop. Selon lui la meilleure algue du monde est le kombu... Si ça intéresse quelqu'un.;Ce Yo-kai algue veut populariser la danse de sa ville natale dans le monde. Et il est aussi très en forme !;Ramen;Restauration;Guérisseur;;Noripopvient denori(algue) et dehip-hop(style de danse originaire de Jamaique);;;Noripoppeut, commeSalsalgaetWakapoeira, donner à quelqu'un l'envie de danser.;Comme ses congénères, il est toujours de bonne humeur, par contre, il est en froid avecWakapoeirasans doute rivaux pour le coeur deSalsalga.;;;
141;Wakapoeira;Bienveillant;Rang_E;363;50;178;100;140;La femme du trio d'algue. Noripop et Wakapoeira l'aiment beaucoup, mais il semble qu'elle n'ait rien remarqué.;Wakapoeira est un des rivaux de Noripop. Selon lui la meilleure algue du monde est le kombu... Si ça intéresse quelqu'un.;Ramen;Restauration;Guérisseur;;Wakapoeiravient dewakame(algue) et deCapoeira(style de danse).;;;Wakapoeira peut rendre n'importe qui excellent en danse commeNoripopetSalsalga.;Comme le reste du trio des Yo-kai danseurs, il adore danser. Il est très énergique et joyeux mais peut se montrer très jaloux (en particulier avec Noripop) et réaliste.;;;
142;Salsalga;Bienveillant;Rang_D;336;45;194;75;188;Ce Yo-kai est mignon au point de faire fondre le cœur des gens et il le sait ! Il peut jouer des tours, alors attention !;La femme du trio d'algue.NoripopetWakapoeiral'aiment beaucoup, mais il semble qu'elle n'ait rien remarqué.;Ramen;Restauration;Guérisseur;;Salsalga vient de la Salsa, une danse, et d'alga, le mot latin signifiant algue.;;;Salsalgapeut, commeNoripopetWakapoeira, donner à quelqu'un l'envie de danser.;;;;
143;Pitou;Mignon;Rang_C;370;83;191;114;134;Il est connu pour être l'Aristocrate de l'Amour. Choubidou utilise son incroyable charme pour gagner des admirateurs.;Ce Yo-kai est mignon au point de faire fondre le cœur des gens et il le sait ! Il peut jouer des tours, alors attention !;Hamburger;Restauration;Guérisseur;;;;;;;;;
144;Choubidou;Mignon;Rang_B;392;86;208;122;146;Sous son influence, même le plus gentil deviendrait un affreux manipulateur. Il représente le mauvais côté de Choubidou.;Il est connu pour être l'Aristocrate de l'Amour. Choubidou utilise son incroyable charme pour gagner des admirateurs.;Hamburger;Restauration;Guérisseur;;;;;;;;;
145;Satandre;Mignon;Rang_A;400;139;200;104;156;Ce Yo-kai au cœur tendre dissipe toute tension. Il peut même redonner le sourire à quelqu'un de très remonté.;Les plus gentils deviendraient d'horribles manipulateurs. Il représente le mauvais côté deChoubidou.;Hamburger;Absorption;Guérisseur;;Satandreest la fusion des motsSatanetTendre.;;;;;;;
146;Paradoxa;Bienveillant;Rang_A;402;58;213;189;142;Elle change d'humeur comme de chemise. Il peut être plus difficile de négocier avec elle qu'avec Lulugubre parfois.;Elle change d'humeur comme de chemise. Il peut être plus difficile de négocier avec elle qu'avecLulugubreparfois.;Pain;Restauration;Guérisseur;;Paradoxavient deparadoxe: un être, une chose ou un fait qui paraissent défier la logique parce qu'ils présentent des aspects contradictoires.;;;;Paradoxa est un Yo-kai lunatique : elle change d'humeur comme de chemise.;;;
147;Potaumorose;Bienveillant;Rang_A;418;253;48;162;134;Elle ressemble à Paradoxa, mais on ne la voit pas souvent. On ne peut pas en dire autant de sa déprime.;Elle ressemble àParadoxa, mais on ne la voit pas souvent. On ne peut pas en dire autant de sa déprime.;Pain;Vent;Combattant;;"Potaumorosevient de l'expression découvrir lepot-aux-roses, qui signifie découvrir le secret d'une affaire, une supercherie ; et demorose(adjectif qui qualifie quelqu'un de triste).";;;;Potaumorose est souvent déprimée.;;;
148;Ratatam;Bienveillant;Rang_C;326;56;182;131;159;Il apparaît pendant les vacances pour donner des cadeaux. Mais il ne t'en donnera pas tant que tu n'as pas répondu à un quiz...;Il apparaît pendant les vacances pour donner des cadeaux. Mais il ne t'en donnera pas tant que tu n'as pas répondu à un quiz...;Lait;Restauration;Guérisseur;;;;;Ratatam apparaît pendant les vacances pour poser à sa cible une question de quiz. Dans le dessin-animé, il le fait en la plaçant dans un cadre de quiz semblable à un jeu télévisé. Il peut invoquer des prix de ses sacs et les donner à ceux qui répondent correctement à ses questions, mais ces sacs peuvent également les aspirer et les capturer s'ils répondent incorrectement. De plus, il semble avoir une personnalité fantaisiste et change parfois les termes et conditions de ses prix. Ceux qui sont envoûtés par Ratatam héritent de sa personnalité et forcent les autres à répondre à des questions de la même manière. SelonWhisper, Ratatam est également responsable du choix des Yo-kai pour aider le Père Noël à Noël.;;;;
149;Supernoël;Bienveillant;Rang_C;374;42;201;145;140;Un autre vieil homme avec un sac plein de cadeaux. Contrairement à Ratatam, ils sont tous super !;Un autre vieil homme avec un sac plein de cadeaux. Contrairement àRatatam, ils sont tous super !;Lait;Foudre;Guérisseur;;Supernoëlest un mot-valise entresuperetPère Noël.;;;;;;;
150;Tata Aura;Bienveillant;Rang_A;401;70;255;119;155;Parfois stricte et parfois gentille, elle enveloppe les Yo-kai dans sa douce aura. Personne ne peut la défier.;Parfois stricte et parfois gentille, elle enveloppe les Yo-kai dans sa douce aura. Personne ne peut la défier.;Légumes;Restauration;Guérisseur;;Tata Auravient detata(tante), et deaura, une émanation spirituelle entourant un être.;;;Elle peut calmer n’importe quelle dispute comme une mère au grand cœur.;Elle peut être considérée comme l’opposée deTontonerre, étant décrite comme calme, paisible et gentille.;;;
151;Tata Câlin;Bienveillant;Rang_S;380;92;276;138;128;Peu importe l'état d'un Yo-kai, il sera guéri si Tata Câlin le prend dans ses bras. La gentillesse dans toute sa splendeur !;Peu importe l'état d'un Yo-kai, il sera guéri si Tata Câlin le prend dans ses bras. La gentillesse dans toute sa splendeur !;Légumes;Restauration;Guérisseur;;Tata Câlinvient detata(tante), et decâlin.;;;;;;;
152;Tontonerre;Bienveillant;Rang_A;428;88;262;136;105;Peu importe à quel point tu es fainéant, tu vas vite travailler sous le regard attentif de Tontonerre. Il fait trop PEUUURR !;Peu importe à quel point tu es fainéant, tu vas vite travailler sous le regard attentif de Tontonerre. Il fait trop PEUUURR !;Viande;Foudre;Tank;;Tontonerrevient detonton(oncle), et detonnerre.;;;;Tontonerre agit comme un vieil homme colérique et grincheux.;;;
153;Omnitonton;Bienveillant;Rang_S;446;230;230;102;52;Même Tontonerre a peur du pouvoir d'Omnitonton. Il peut jeter une table à des kilomètres !;Même Tontonerre a peur du pouvoir d'Omnitonton. Il peut jeter une table à des kilomètres !;Viande;Foudre;Tank;;Omnitontonvient detonton(oncle).;;;Quiconque est envoûté par lui renverse les tables de rage. C’est la principale raison pour laquelleson frère(Tontonerre) a peur de lui.;;;;
154;Tortico;Sombre;Rang_E;293;169;42;118;131;Un Yo-kai capricieux qui tape toujours les gens sur l'épaule. Ses coups te donneront juste des courbatures.;Un Yo-kai capricieux qui tape toujours les gens sur l'épaule. Ses coups te donneront juste des courbatures.;Bonbons;Terre;Combattant;;Torticovient deTorticolis.;;;Tortico peut rendre les épaules des gens raides en les frappant à plusieurs reprises.;;;;
155;Tendino;Sombre;Rang_C;379;207;46;140;144;Tendino va montrer à tes épaules le sens de la douleur avec sa force. Il aime vraiment soulever de la fonte.;Tendino va montrer à tes épaules le sens de la douleur avec sa force. Il aime vraiment soulever de la fonte.;Bonbons;Terre;Combattant;;Tendinovient deTendinite.;;;;;;;
156;Contracto;Sombre;Rang_B;424;235;45;156;123;Un horrible Yo-kai qui donne aux gens de fortes douleurs dans le dos. Plus tu es âgé, plus ça fait mal !;Un horrible Yo-kai qui donne aux gens de fortes douleurs dans le dos. Plus tu es âgé, plus ça fait mal !;Bonbons;Terre;Combattant;;;;;;;;;
157;Nihilistik;Sombre;Rang_E;288;68;169;84;147;Un Yo-kai qui propage la négativité et qui l'aspire avec son nez en forme d'aiguille.;Un Yo-kai qui propage la négativité et qui l'aspire avec son nez en forme d'aiguille.;Jus;Absorption;Ranger;;;;;Il peut rendre les gens très négatifs quand il les envoûte. Il propage des microbes maussades pour envoûter ses victimes.;Il est très pessimiste et croit que la vie est un échec.;;;
158;Émousstik;Sombre;Rang_C;354;74;176;88;195;Cet affreux Yo-kai peut t'entraîner au fond du désespoir. Aucune chance d'être heureux, avec lui dans le coin.;Cet affreux Yo-kai peut t'entraîner au fond du désespoir. Aucune chance d'être heureux, avec lui dans le coin.;Jus;Absorption;Ranger;;;;;Ceux qui sont envoûtés par Émousstik sont plongés dans le désespoir.;;;;
159;Grattoptère;Sombre;Rang_A;379;74;174;90;225;Ton corps commencera à te démanger s'il est là. Peu importe à quel point tu grattes, ça ne s'arrêtera pas.;Ton corps commencera à te démanger s'il est là. Peu importe à quel point tu te grattes, ça ne s'arrêtera pas.;Jus;Foudre;Ranger;;;;;Grattoptère est à l'origine des démangeaisons provoquées par les piqûres de moustique.;;;;
160;Égaroni;Sombre;Rang_E;333;131;70;84;147;Ce Yo-kai distrait les gens avec sa grande main et les fait s'égarer. C'est de sa faute quand un enfant se perd !;Ce Yo-kai interpelle les gens avec se grande main et les trouble. C'est de sa faute si un enfant se perd !;Bonbons;Glace;Ranger;;;;;Les Égaroni sont connus pour vous emmener quelque part. On dit que toute personne dirigée par Égaroni se perd ou perd de vue sa destination d'origine.;;;;
161;Onisoi;Sombre;Rang_D;378;55;173;140;128;Ceux envoûtés par Onisoi recevront un meilleur traitement que les autres autour. Hé ! C'est pas juste !;Ceux envoûtés par Onisoi recevront un meilleur traitement que les autres autour. Hé ! C'est pas juste!;Bonbons;Absorption;Ranger;;;;;Ceux qui sont envoûtés par Onisoi recevront un traitement de faveur de la part de ceux autour d'eux.;;;;
162;Chiperpiou;Sinistre;Rang_E;357;42;196;135;81;Quand Chiperpiou pose les yeux sur toi, tu as envie d'avoir les affaires des autres. Je prendrais bien ça !;Quand Chiperpiou pose les yeux sur toi, tu as envie d'avoir les affaires des autres. Je prendrais bien ça !;Hamburger;Absorption;Ranger;;Chiperpiouvient deChiper(voler) et dePiou(bruit de l’oiseau);;;;Chiperpiou est un Yo-kai avide avec des tendances kleptomaniaques, désireux et prêt à voler toute personne qu'il rencontre aveugle sans une seule goutte de remords.;;;
163;Pioubidou;Sinistre;Rang_D;387;203;43;120;119;Un Yo-kai bizarre plutôt bon en danse du ventre. Le motif sur son estomac ressemble à un visage de vieil homme.;Un Yo-kai bizarre plutôt bon en danse du ventre. Le motif sur son estomac ressemble à un visage de vieil homme.;Hamburger;Absorption;Ranger;;;;;Un visage apparaîtra sur le ventre des victimes de l'envoûtement de Pioubidou, et elles se mettront à interpréter une danse du ventre.;;;;
164;Blablara;Sinistre;Rang_D;337;184;98;55;156;Elle parle beaucoup mais ne fait rien. Si elle t'envoûte, tu feras pareil et tu perdras la confiance des autres.;Elle parle beaucoup mais ne fait rien. Si elle t'envoûte, tu feras pareil et tu perdras la confiance des autres.;Pain;Foudre;Guérisseur;;;;;Ceux qui se font envoûter par Blablara ne feront que se vanter d'exploits qu'ils seraient capables d'accomplir, mais ne font jamais rien.;;;;
165;Umilie;Sinistre;Rang_C;314;203;102;113;137;Umilie fera de toi une personne qui critique les autres à chaque petite faute.;Umilie fera de toi une personne qui critique les autres à chaque petite faute.;Pain;Absorption;Guérisseur;;;;;Ceux qui se font envoûter par Umilie critiqueront tout le monde à chaque petite faute.;;;;
166;Loubarbare;Costaud;Rang_E;388;121;46;189;86;Il ne jure que par la rébellion, il entraîne les gentils enfants vers la délinquance.;Il ne jure que par la rébellion, il entraîne les gentils enfants vers la délinquance.;Ramen;Terre;Combattant;;Loubarbareest mot-valise entreloubardetbarbare.;;;Sous son envoûtement les enfants sages deviennent des délinquants. SelonWhisper, il serait responsable de 98 % de la délinquance juvénile !;Loubarbare est un vrai rebelle dans l'âme, il ne jure que par la baston et obtient facilement le respect et l'amitié de ses adversaires.;;;
167;Racaïd;Costaud;Rang_B;423;186;55;218;93;Ce chef de gang entre en territoire ennemi armé de sa terrible batte cloutée. C'est sa manière de montrer qu'il règne.;Ce chef de gang entre en territoire ennemi armé de sa batte cloutée. C'est sa manière de monter qu'il règne.;Ramen;Terre;Combattant;;Racaïdest un mot-valise entreracailleetcaïd.;;;Comme son prédécesseur, Racaïd transforme ses victimes en délinquants. Il utilise également sa batte comme arme principale.;;;;
168;Frérosse;Costaud;Rang_A;441;203;59;231;100;On raconte qu'il aurait battu un gang Yo-kai à lui tout seul. Il est vu comme un grand frère par d'autres Yo-kai rebelles.;On raconte qu'il aurait battu un gang Yo-kai à lui tout seul. Il est vu comme un grand frère par d'autres Yo-kai rebelles.;Ramen;Terre;Tank;;Frérosseest un mot-valise entreféroceetfrère.;;;;;;;
169;Nimpégase;Sombre;Rang_A;360;41;182;125;219;Nimpégase va te donner envie de faire des farces. Plus elles sont grandes, mieux c'est !;Nimpégase va te donner envie de faire des farces. Plus elles sont grandes, mieux c'est !;Légumes;Vent;Combattant;;Nimpégasevient deNimp(abréviation de l'expression « n'importe quoi »), et dePégase, un cheval ailé.;;;L'envoûtement de Nimpégase modifie le comportement de la personne de manière à ce qu'elle commette des actes ignobles pour s'amuser.;;;;
170;Hennimi;Sombre;Rang_A;416;203;39;155;181;Brillant mystérieusement dans le ciel la nuit, Hennimi est une vraie énigme. Quel genre de Yo-kai maléfique est-il ?;Brillant mystérieusement dans le ciel la nuit, Hennimi est une vraie énigme. Quel genre de Yo-kai maléfique est-il ?;Légumes;Absorption;Tank;;"Hennimivient deHennit(Le cri du cheval) et deEnnemi. Son nom japonais, ""??Uma"", veut simplement dire ""cheval"".";;;;;;;
171;Cenridion;Sinistre;Rang_B;386;79;182;100;186;Aigrie envers la jeunesse et la beauté, elle donne des rides aux gens. Bien qu'elle fût assez belle étant jeune.;Aigrie envers la jeunesse et la beauté, elle donne des rides aux gens. Bien qu'elle fût assez belle étant jeune.;Lait;Absorption;Ranger;;;;;Cenridion aspire la jeunesse (et peut-être la force vitale) de ceux qu’elle envoûte avec son bâton, les faisant vieillir rapidement, bien que la progression de leur vieillissement suive un cours naturel qui inclut de faire grandir les enfants. Elle peut rendre la jeunesse qu’elle a volé, mais cela nécessite généralement de la forcer à le faire. Dans le dessin animé, Cenridion a également la capacité de froisser les objets comme les vêtements et le papier.;;;;
172;Jouvencia;Sinistre;Rang_S;417;81;203;103;231;Elle conserve sa jeunesse et sa beauté en absorbant celles des autres. Elle est toujours à la recherche de belles femmes.;Elle conserve sa jeunesse et sa beauté en absorbant celles des autres. Elle est toujours à la recherche de belles femmes.;Lait;Absorption;Ranger;;;;;;;;;
173;Éterna;Sinistre;Rang_S;443;84;233;78;216;Il semblerait que son immortalité soit due à son bâton et sans celui-ci elle vieillirait instantanément.;Il semblerait que son immortalité soit due à son bâton et sans celui-ci elle vieillirait instantanément.;Lait;Absorption;Combattant;;;;;;;;;
174;Pégaz;Sinistre;Rang_C;334;176;150;81;131;Il ne peut pas retenir ses flatulences. Selon une rumeur, il aurait aussi très mauvaise haleine.;Il ne peut pas retenir ses flatulences. Selon une rumeur, il aurait aussi très mauvaise haleine.;Lait;Glace;Ranger;;Pégazvient depetet degaz.;;;Pégaz peut faire péter les gens en les pulvérisant une brume orange.;Pégaz est un Yo-kai espiègle dont les farces et les habitudes grossières lui valent l’aversion des autres.;;;
175;Méphito;Sinistre;Rang_A;393;190;56;79;228;Le roi des flatulences. Il faut se préparer à souffrir si on se retrouve enfermé dans une salle sans fenêtre avec lui.;Le roi des flatulences. Il faut se préparer à souffrir si on se retrouve enfermé dans une salle sans fenêtre avec lui.;Lait;Glace;Ranger;;;;;Méphito peut amplifier l’odeur de tout ce qui sent mauvais et est noté comme un maître sur toutes les odeurs nauséabondes.;;;;
176;Misterbide;Sinistre;Rang_C;321;69;187;98;174;Bien qu'il cherche à faire rire les gens, ses blagues sont si mauvaises qu'ils restent de marbre.;Bien qu'il cherche à faire rire les gens, ses blagues sont si mauvaises qu'ils restent de marbre.;Chinese food;Absorption;Combattant;;Misterbidevient deMister(monsieur en anglais) et debide(un échec, un flop, souvent utilisé pour qualifier les mauvaises blagues).;;;L'envoûtement de Misterbide fait dire aux gens des blagues terribles qui conduisent à un silence gênant.;;;;
177;Flopito;Sinistre;Rang_B;391;77;202;130;153;Il recycle les blagues comme il recycle le plastique. Il sera en tournée toute la semaine...;Il recycle les blagues comme il recycle le plastique. Il sera en tournée toute la semaine...;Chinese food;Absorption;Combattant;;;;;Les personnes qu'il envoûte font des blagues très peu drôles que personne ne va écouter. C'est un casseur d'ambiance.;;;;
178;Insomnelle;Sinistre;Rang_A;363;65;187;83;229;Si tu croises son regard, elle ne te laissera pas dormir... sauf si elle finit par s'ennuyer avant bien sûr.;Si tu croises son regard, elle ne te laissera pas dormir... sauf si elle finit par s'ennuyer avant bien sûr.;Bonbons;Glace;Ranger;;;;;Ceux qui sont envoûtés par Insomnelle n'arrivent plus à dormir.;;;;
179;Morféa;Sinistre;Rang_S;408;71;194;87;239;Quand Morféa t'envoûte, elle apparaît dans tes rêves pour jouer avec toi. C'est si amusant que tu ne voudras pas te réveiller.;Quand Morféa t'envoûte, elle apparaît dans tes rêves pour jouer avec toi. C'est si amusant que tu ne voudras pas te réveiller.;Bonbons;Absorption;Ranger;;Morféavient du dieu grecMorfée(une des divinités des rêves), et dea, une lettre ici utilisée pour souligner le féminin du nom.;;;;;;;
180;Marcognito;Sombre;Rang_E;269;143;35;89;180;Son envoûtement va atténuer ta présence. Il se sert de ce pouvoir quand il travaille en tant que ninja.;Son envoûtement va atténuer ta présence. Il se sert de ce pouvoir quand il travaille en tant que ninja.;Riz;Vent;Ranger;;Marcognitovient du prénomMarcoet deIncognito(le fait de ne pas être reconnu).;;;Son envoûtement, qu'il appelle l'Effacement, permet d'atténuer la présence des personnes qu'il envoûte. Celles-ci ne seront plus remarquées par leurs congénères et finiront par rester seules. Dans le manga et le dessin-animé, les personnes envoûtées deviennent grises, fantomatiques, et leurs yeux disparaissent.;Il est très timide et paisible et veut ne pas être remarqué. Il est donc toujours à l'écart et est très dur envers lui-même, disant que son existence n'a aucune valeur et que personne ne doit se soucier de lui. Néanmoins, il reste un ninja et est capable de dégainer son épée très vivement pour se battre, si besoin.;;;
181;Ninjamévu;Sombre;Rang_B;344;171;40;111;220;La discrétion de ce Yo-kai est telle qu'il n'a jamais été reconnu pour son travail.;La discrétion de ce Yo-kai est telle qu'il n'a jamais été reconnu pour son travail.;Riz;Vent;Ranger;;;;;De la même façon que Marcognito, il peut facilement dissimuler sa présence et est autrement difficile à remarquer, ce qui signifie que ceux qui l’entourent ne réalisent souvent pas qu’il est même là, ce qui fait de lui un grand espion. Ceux qu'il envoûtent deviennent difficiles à remarquer.;;;;
182;Nihilo;Sombre;Rang_A;388;198;48;133;208;Personne ne peut sentir sa présence même quand il est à côté. Il se divertit très bien tout seul.;Personne ne peut sentir sa présence même quand il est à côté. Il se divertit très bien tout seul.;Riz;Vent;Ranger;;"Nihilovient deNihil, un mot latin qui signifie ""nullement"", ""rien"".";;;;;;;
183;Humidon;Sinistre;Rang_E;319;51;179;86;142;Il va dans des endroits très peu ensoleillés pour les rendre humides et moisis. Beurk.;Il va dans des endroits très peu ensoleillés pour les rendre humides et moisis. Beurk.;Jus;Eau;Combattant;;Humidonvient dehumide.;;;Humidon a le pouvoir de rendre les choses humides et moisies.;;;;
184;Fryzeur;Sinistre;Rang_E;342;55;155;121;133;Seul, il est capable de geler un verre d'eau. Rassembler ces Yo-kai givrés provoquerait une ère glaciaire.;Seul, il est capable de geler un verre d'eau. Rassembler ces Yo-kai givrés provoquerait une ère glaciaire.;Jus;Glace;Tank;;;;;Les Fryzeur ont le pouvoir de geler les choses.;;;;
185;Hémorhino;Sinistre;Rang_D;364;44;208;54;172;Hémorhino fait tout couler. L'encre sur le papier, l'eau du robinet, le sang du nez... Cool...;Hémorhino fait tout couler. L'encre sur le papier, l'eau du robinet, le sang du nez... Cool...;Jus;Feu;Ranger;;Hémorhinovient d'hémorragie(écoulement de sang) et derhino, un terme grec souvent utilisé en suffixe pour tout ce qui est en lien avec le nez.;;;Ceux qui sont envoûtés par Hémorhino saigneront du nez jusqu'à la fin de l'envoûtement. Il a aussi le pouvoir de faire couler l'eau du robinet, l'encre ou la peinture du papier.;;;;
186;Délujien;Sinistre;Rang_B;403;60;228;116;159;Il apporte des nuages de pluie partout où il va. On le trouve dans les lieux particulièrement mouillés.;Il apporte des nuages de pluie partout où il va. On le trouve dans les lieux particulièrement mouillés.;Jus;Eau;Combattant;;Délujienvient dedélugeet du prénomJulienen verlan.;;;Délujien a le pouvoir de faire pleuvoir.;;;;
187;Kongel;Sinistre;Rang_B;430;62;204;144;145;Il a un énorme pouvoir de congélation. Tout ce qu'il touche se recouvre progressivement de glace.;Il a un énorme pouvoir de congélation. Tout ce qu'il touche se recouvre progressivement de glace.;Jus;Glace;Tank;;Kongelvient decongélateur.;;;Tout ce que touche Kongel se recouvre de glace.;;;;
188;Lulugubre;Sinistre;Rang_D;384;96;160;151;88;Son aura rend lugubre le lieu où elle se trouve. C'est bien pire quand elle est de mauvaise humeur.;Son aura rend lugubre le lieu où elle se trouve. C'est bien pire quand elle est de mauvaise humeur.;Pain;Terre;Tank;;Lulugubrevient du prénomLuluet deLugubre. Dismareldaest basé sur le motDismalqui signifie un état d'esprit triste ou sombre, et le prénom fémininEsmeralda.;;;Son aura rend lugubre le lieu où elle se trouve. Ne t'étonne pas si tes parents se disputent !;Elle est très dépressive et se lamente toujours, se trouvant nulle.;;;
189;Amoiz;Bienveillant;Rang_E;279;127;121;69;163;Il aimerait avoir ce que les autres ont, mais comme il n'essaie pas de mettre la main dessus, il n'y a pas de souci à se faire.;Il aimerait avoir ce que les autres ont, mais comme il n'essaie pas de mettre la main dessus, il n'y a pas de soucis à se faire.;Ramen;Foudre;Ranger;;Amoizvient deÀ moi, mots auxquels ont été ajoutés un zozotement à la fin comme il s'agit d'un enfant. Son apparence, elle, est inspirée deUrashima Taro.;;;Les personnes qu'il envoûte se mettront à envier constamment les autres. Dans l'anime, il est également capable d'encaisser de nombreuses attaques.;Amoiz est très envieux des autres et passe son temps à jalouser ceux qui l'entourent, mais malgré ça, il ne fait rien pour y changer quoi que ce soit, causant donc le fait qu'il n'y ait pas de solution à sa jalousie. En revanche, il a horreur des compliments, ça le met mal à l'aise.;;;
190;Pikor;Bienveillant;Rang_D;318;123;103;73;185;Si quelqu'un n'arrête pas de grignoter avant le dîner, c'est que Pikor est sûrement dans le coin.;Si quelqu'un n'arrête pas de grignoter avant le dîner, c'est que Pikor est sûrement dans le coin.;Ramen;Terre;Ranger;;Pikorvient dePicorer, le fait de grignoter de petites quantités.;;;Les personnes qu'il envoûte vont se mettre à picorer des petits bouts de tout ce qu'ils voient, jusqu'à le finir complètement. Son envoûtement se manifeste par les pupilles des gens qui deviennent vertes une fois sous son emprise.;C'est un Yo-kai glouton qui mange tout ce qu'il voit sans hésitation. Il passe son temps à grignoter de petites quantités de nourritures.;;;
191;Chauvekipeut;Sombre;Rang_D;333;134;76;115;167;Il peut rendre casanier à l'extrême, au point de ne plus avoir envie de sortir. Son envoûtement est très efficace sur les citadins.;Il peut rendre casanier à l'extrême, au point de ne plus avoir envie de sortir. Son envoûtement est très efficace sur les citadins.;Viande;Vent;Ranger;;Chauvekipeutvient deChauve-souriset de l'expression françaiseSauve qui peut!;;;Il peut transformer quiconque en quelqu'un d'extrêmement casanier comme lui.;Il est plutôt sombre et craintif il est terrifié rien qu'à l'idée de sortir.;;;
192;Chauv'coucou;Sombre;Rang_A;384;188;78;150;171;Chauvekipeut est resté si longtemps enfermé qu'il a fusionné avec sa maison. Il ne pourra vraiment plus en sortir !;Chauvekipeutest resté si longtemps enfermé qu'il a fusionné avec sa maison. Il ne pourra vraiment plus en sortir !;Viande;Vent;Ranger;;Chauv'coucouvient deChauve-souriset ducoucou, qui dans ce cas désigne les horloges à coucou (horloge murale avec un boîtier décoré en forme de chalet, à chaque heure ou demi-heure exactes, les portes s'ouvrent et un oiseau mécanique surgit de son nid et chante).;;;;;;;
193;Vampiloc;Sombre;Rang_A;401;208;68;92;217;Ce rare Chauv'coucou change de maison une fois par an. Peut-être que certains chanceux le verront déménager.;Ce rareChauv'coucouchange de maison une fois par an. Peut-être que certains chanceux le verront déménager.;Viande;Vent;Tank;;Vampilocvient devampire.;;;;;;;
194;Nomoné;Bienveillant;Rang_D;340;101;156;111;136;Tu perds souvent ton argent ou on ne te rend pas toute la monnaie ? C'est lui le responsable.;Tu perds souvent ton argent ou on ne te rend pas toute la monnaie ? C'est lui le responsable.;Lait;Vent;Ranger;;"Nomonévient deNo money, qui signifie ""pas d'argent"" en anglais.";;;Nomoné peut faire perdre tout l’argent aux gens et les appauvrir.;Nomoné a une personnalité qui ressemble à celle d’un petit enfant. C’est un Yo-kai très joueur dans l’ensemble.;;;
195;Noproblemo;Bienveillant;Rang_C;369;144;113;126;153;C'est un éternel optimiste qui ne se soucie jamais de rien. Être envoûté par lui pourrait s'avérer pire que tu ne le crois.;C'est un éternel optimiste qui ne se soucie jamais de rien. Être envoûté par lui pourrait s'avérer pire que tu ne le crois.;Lait;Eau;Guérisseur;;"Noproblemovient deNo problemo, une expression signifiant ""pas de problème"".";;;Ceux qui sont envoûtés par Noproblemo sont atteints d'un optimisme à toute épreuve.;;;;
196;Tengubre;Sombre;Rang_C;350;59;188;121;156;Un tengu maussade qui passe son temps à lire. Son pessimisme aurait attiré plusieurs Yo-kai devenus ses fans.;Un tengu maussade qui passe son temps à lire. Son pessimisme aurait attiré plusieurs Yo-kai devenus ses fans.;Légumes;Vent;Ranger;;Tengubrevient deTengu, le Youkai dont il est inspiré, et deLugubre.;Tengubre, est basé sur un tengu, une race très peuplée et diversifiée de youkai ressemblant à des corbeaux. Plus précisément, il est inspiré d'une catégorie de tengu, appelés kotengu (petit tengu) mais parfois aussi karasu-tengu (tengu corbeau) ou konoha-tengu (tengu de feuillage). Les Kotengu ressemblent plus à des oiseaux contrairement à leurs frères de haut rang qui ont généralement une apparence humanoïde (qui sont d'ailleurs l'inspiration deTenguetTengurou).;;Tengubre peut faire prendre à ses cibles une personnalité déprimée en balançant son éventail de feuilles. Dans le dessin-annimé, si quelqu’un fait sourire Tengubre, les effets s’estomperont instantanément.;Tengubre a un tempérament très pessimiste qu’il transmet à ses cibles.;;;
197;Bibliotengu;Sombre;Rang_B;381;104;180;147;139;C'est un vrai rat de bibliothèque. Il a horreur du bruit et punira ceux qui en font trop. Chuuut !;C'est un vrai rat de bibliothèque. Il a horreur du bruit et punira ceux qui en font trop. Chuuut !;Légumes;Vent;Ranger;;Bibliotenguvient deBibliothèqueet deTengu, le Youkai dont il est inspiré.;"Bibliotengu, comme Tengubre, est basé sur un tengu, une race très peuplée et diversifiée de youkai ressemblant à des corbeaux. Plus précisément, il est inspiré d'une catégorie de tengu, appelés kotengu (petit tengu) mais parfois aussi karasu-tengu (tengu corbeau) ou konoha-tengu (tengu de feuillage). Les Kotengu ressemblent plus à des oiseaux contrairement à leurs frères de haut rang qui ont généralement une apparence humanoïde (qui sont l'inspiration deTenguetTengurou). Le nom de certaines attaques de Bibliotengu, comme la description de sonÂmultimeet le nom de sonenvoûtement""Sort du Styx"" font référence auxEnfersde la mythologie grecque. Cependant, dans les versions japonaises du jeu, elle font en réalité référence auYomi, le royaume des morts de lamythologie shintoïste.";;Bibliotengu peut contrôler le vent comme les autres tengus. Cependant, ses pouvoirs sont dit venir des Enfers.;Bibliotengu est toujours en train de lire et déteste les gens bruyants.;;;
198;Suspicioni;Sombre;Rang_D;384;110;160;62;132;Cet oni doute de tout. Il est souvent avec d'autres camarades oni mais ne leur fait en aucun cas confiance.;Cet oni doute de tout. Il est souvent avec d'autres camarades oni mais ne leur fait en aucun cas confiance.;Chinese food;Eau;Combattant;;;;;Ceux qui sont envoûtés par Suspicioni doutent de tout et ne font confiance à personne.;Méfiant et paranoïaque à propos de tout ce qui l’entoure, Suspicioni semble accorder très peu de confiance à son entourage.;;;
199;Ragioni;Sombre;Rang_D;346;170;110;95;101;Ce Yo-kai se mettra en colère à chaque fois que les choses n'iront pas dans son sens. Il vaut mieux ne pas insister.;Ce Yo-kai se mettra en colère à chaque fois que les choses n'iront pas dans son sens. Il vaut mieux ne pas insister.;Chinese food;Feu;Combattant;;;;;Ceux qui sont envoûtés par Ragioni piquent des crises de colère.;Ragioni se met en colère chaque fois que les choses ne vont pas dans son sens.;;;
200;Contrarioni;Sombre;Rang_B;442;84;49;233;171;Les personnes envoûtées refusent tout en bloc et sont toujours en désaccord avec les autres.;Les personnes envoûtées refusent tout en bloc et sont toujours en désaccord avec les autres.;Chinese food;Foudre;Tank;;Contrarionivient deContrariéet deOni.;;;Les personnes qu'il envoûte se disputent quel que soit le sujet.;;;;
201;Timidémon;Sombre;Rang_A;383;247;80;113;189;C'est un diablotin nerveux qui est trop peureux pour utiliser ses pouvoirs. Si seulement il se relaxait, il serait invincible.;C'est un diablotin nerveux qui est trop peureux pour utiliser ses pouvoirs. Si seulement il se relaxait, il serait invincible.;Ramen;Feu;Combattant;;Timidémonvient deTimideet deDémon.;;;Les personnes qu'il envoûte vont adopter un comportement similaire au sien, en se mettant à craindre tout autour d'eux et être apeurés par le moindre bruit. Timidémon, lui, est très puissant, mais sa personnalité l'empêche d'en tirer parti.;Il est constamment surpris par tout et n'importe quoi et peut être facilement effrayé par ce qui l'entoure.;;;
202;Belzel;Sombre;Rang_A;425;235;71;117;194;Timidémon a vaincu sa peur, et il est devenu surpuissant malgré ses petits moments de stress.;Timidémon a vaincu sa peur, et il est devenu surpuissant malgré ses petits moments de stress.;Ramen;Feu;Combattant;;Belzelvient deBelzébuth, un démon, et debelles ailes.;;;Les personnes qu'il envoûte se montrent très dures et fermes, mais deviennent lâches et couardes s'ils perdent.;Contrairement àTimidémon, Belzel est très courageux, mais il montre parfois une certaine lâcheté au combat, comme après une défaite totale.;;;
203;Dente;Sombre;Rang_S;434;226;58;122;207;C'est un Yo-kai terrifiant qui s'attaque aux dents. Il adore entendre les pleurs des enfants quand ils ont des caries.;C'est un Yo-kai terrifiant qui s'attaque aux dents. Il adore entendre les pleurs des enfants quand ils ont des caries.;Ramen;Feu;Combattant;;Dentevient dedent.;;;Il s'attaque aux dents des enfants en leur donnant des caries.;Dente est quelqu'un de très sadique, il adore écouter la souffrance des pauvres enfants.;;;
204;Vénaldo;Sombre;Rang_A;407;98;205;102;177;C'est un Yo-kai cupide et puissant qui veut s'emparer de la richesse du monde. Il est capable de tout pour de l'argent.;C'est un Yo-kai cupide et puissant qui veut s'emparer de la richesse du monde. Il est capable de tout pour de l'argent.;Viande;Feu;Ranger;;Vénaldovient deVénal.;;;Les personnes qu'il envoûte deviennent très avares et refusent de gaspiller leur argent pour des bêtises. Il est même capable d'économiser son énergie pour esquiver les coups de ses adversaires.;Ce Yo-kai veut contrôler l'argent de tout le monde pour qu'ils dépensent le moins possible.;;;
205;Maltesse;Sombre;Rang_S;431;113;215;107;180;C'est un aristocrate du mal, un vrai décadent. Il est prêt à tout du moment que c'est méchant. Il porte bien son nom.;C'est un aristocrate du mal, un vrai décadent. Il est prêt à tout du moment que c'est méchant. Il porte bien son nom.;Viande;Eau;Ranger;;Maltessevient d'Altesseet deMal.;;;;Maltesse est prêt à tout du moment que c'est méchant. Il est capable de jeter un sort de nuit éternelle sur les humains simplement parce qu'il s'ennuie.;;;
206;Noko;Insaisissable;Rang_E;277;34;128;58;212;Ce Yo-kai serpent plutôt chanceux a peur d'être vu par les humains, ce qui arrive souvent car il n'est pas doué pour se cacher.;Ce Yo-kai serpent plutôt chanceux a peur d'être vu par les humains, ce qui arrive souvent car il n'est pas doué pour se cacher.;Hamburger;Terre;Guérisseur;;Nokoest inspiré dutsuchinoko(???), dont le nom signifie littéralement « enfant de marteau », est un cryptide légendaire du Japon qui ressemble à un serpent.;;;Noko apporte la chance partout où il passe, dans l'anime il est dit qu'il peut également faire d'incroyables bonds.;Noko est très chanceux mais il est terrifié à l'idée d'être vu par les humains.;;;
207;Pandanoko;Insaisissable;Rang_A;392;131;112;78;216;C'est un Yo-kai errant venu d'un pays lointain. Il est difficile de le trouver et encore plus de se lier d'amitié avec lui.;C'est un Yo-kai errant venu d'un pays lointain. Il est difficile de le trouver et encore plus de devenir son ami.;Hamburger;Glace;Guérisseur;;Pandanokovient dePandaet deNoko, le Yo-kai du même nom.;;;Les personnes qu'il envoûte prend forcément de bonnes décisions qui lui apporteront chance ou fortune.;;;;
208;Nénunoko;Insaisissable;Rang_A;354;39;182;83;234;La fleur qu'il a sur la tête apporte chance et bonheur aux gens. Il est même idolâtré par certains.;La fleur qu'il a sur la tête apporte chance et bonheur aux gens. Il est même idolâtré par certains.;Hamburger;Terre;Guérisseur;;Nénunokoest un mot-valise composé denénupharet deNoko.;;;Nénunoko à le pouvoir d'apporter chance et bonheur aux gens.;;;;
209;Dracounet;Insaisissable;Rang_D;321;155;155;85;112;C'est un bébé dragon capable de voir les forces cachées d'autres Yo-kai grâce à la boule qu'il a sur la tête.;C'est un bébé dragon capable de voir les forces cachées d'autres Yo-kai grâce à la boule qu'il a sur la tête.;Chinese food;Terre;Combattant;;Dracounetvient deDragonet une terminaison mignonne que l'on donnerait à un animal.;;;;;;;
210;Sire Dragon;Insaisissable;Rang_S;436;194;194;108;138;Dracounet a acquis assez de dignité et peut donc prétendre au statut de « dragon ».;Dracounet a acquis assez de dignité et peut donc prétendre au statut de « dragon ».;Chinese food;Terre;Combattant;;;;;Ses pouvoirs étant doublé Dracounet peut faire des tremblements de terre, faire tomber des météores et briser le sol en deux.;"Dracounet est devenu très digne et peut enfin être appelé ""dragon""";;;
211;Dragô;Insaisissable;Rang_S;463;186;186;87;165;C'est une créature divine légendaire plus puissante que Sire Dragon et qui utilise la force de l'eau.;C'est une créature divine légendaire plus puissante que Sire Dragon et qui utilise la force de l'eau.;Chinese food;Eau;Combattant;;;;;Il contrôle parfaitement l'eau, dont il tire l'énergie de sa boule dorée de pouvoir. Il crache de la fumée mauve pour brouiller les pistes quand il est chassé.;Il est très puissant et aime enseigner son pouvoir aux débutants.;;;
212;Murhaine;Insaisissable;Rang_D;365;220;42;149;80;Il ne voit que le mal dans les gens et tape tout ce qu'il déteste avec sa queue. Il s'en sert trop.;Il ne voit que le mal dans les gens et tape tout ce qu'il déteste avec sa queue. Il s'en sert trop.;Viande;Foudre;Ranger;;Murhainevient deMurène(un poisson), et deHaine.;;;Ceux qui sont envoûtés par Murhaine détesteront tout, à l'image de ce dernier.;Murhaine déteste tout.;;;
213;Saumhonni;Insaisissable;Rang_B;446;256;46;158;86;Il a une dent contre tout le monde sans raison. Si tu le trouves au pied de ton lit au réveil... COURS !;Il a une dent contre tout le monde sans raison. Si tu le trouves au pied de ton lit au réveil... COURS !;Viande;Foudre;Ranger;;Saumhonnivient deSaumonet deHonni, conjugaison du verbe Honnir, signifiant haïr ou détester.;;;;Saumhonni déteste tout et tout le monde, lui y compris. Avec lui, même les personnes les plus joyeuses sont prises d'un sentiment de haine.;;;
214;Vexturgeon;Insaisissable;Rang_A;451;51;274;179;105;Il se met en rage à chaque critique qu'il reçoit. Sous son emprise, les enfants s'énervent quand ils reçoivent un sermon.;Il se met en rage à chaque critique qu'il reçoit. Les enfants s'énervent quand ils reçoivent un sermon à cause de lui.;Viande;Feu;Ranger;;Vexturgeonvient deVexéet d'Esturgeon, un poisson d'eau douce.;;;;;;;
215;Croquin;Insaisissable;Rang_C;366;202;40;123;150;Il capture les enfants qui sortent de l'école pour les faire mariner avant de les dévorer. Il aime aussi les asperges.;Il capture les enfants qui sortent de l'école pour les faire mariner avant de les dévorer. Il aime aussi les asperges.;Légumes;Eau;Tank;;Croquinvient deCrocset deRequin.;;;Il envoûte des enfants pour les faire traîner sur le chemin de l'école afin de désherber la rue.;;;;
216;Inisquale;Insaisissable;Rang_B;507;54;195;162;117;Inisquale rend mauvais dans tous les sujets, même si on les maîtrise. Il peut même forcer un maître à redevenir novice.;Inisquale rend mauvais dans tous les sujets, même si on les maîtrise. Il peut même forcer un maître à redevenir novice.;Légumes;Eau;Tank;;;;;Il a le pouvoir de rendre les personnes novice dans un domaine où il sont fort.;;;;
217;Claquille;Insaisissable;Rang_C;386;146;70;183;125;S'il t'envoûte, il te fera dépenser tout ton argent pour acheter des choses dont tu n'as même pas envie.;S'il t'envoûte, il te fera dépenser tout ton argent pour acheter des choses dont tu n'as même pas envie.;Pain;Vent;Tank;;;;;Ceux qui sont envoûtés par Claquille dépensent leur argent dans plein de choses inutiles sans compter. Cela peut ruiner leurs économies.;;;;
218;Cocpille;Insaisissable;Rang_B;433;164;64;211;110;Cocpille rend les gens très généreux, au point que leur portefeuille se vide trop vite.;Il peut rendre les gens très généreux, au point que leur portefeuille se vide trop vite.;Pain;Eau;Tank;;Cocpillevient deCoqueet dePille(piller, voler);;;Cocpille amène les gens à donner de l'argent aux autres tout le temps jusqu'à ce qu'ils obtiennent un portefeuille vide.;;;;
219;Jacquasseur;Insaisissable;Rang_C;374;217;41;118;150;Il ne vaut mieux pas lui prêter l'oreille, sinon il ne s'arrêtera jamais de parler. Il n'est vraiment pas à l'écoute.;Il ne vaut mieux pas lui prêter l'oreille, sinon il ne s'arrêtera jamais de parler. Il n'est vraiment pas à l'écoute.;Bonbons;Eau;Ranger;;Jacquasseurvient deJacasseuret deJacques.;;;Sous son envoûtement, les gens deviennent très bavards et racontent des anecdotes soporifiques.;Jacquasseur est quelqu'un de très bavard mais il n'est jamais à l'écoute des autres.;;;
220;Bananar;Insaisissable;Rang_B;405;236;42;120;162;Il n'a rien à voir avec Jacquasseur. Il est fait de bananes et beaucoup de mouches lui tournent autour.;Il n'a rien à voir avecJacquasseur. Il est fait de bananes et beaucoup de mouches lui tournent autour.;Bonbons;Eau;Ranger;;Bananarvient deBananeet deNanar(objet ringard et ridicule).;;;;;;;
221;Vipètesec;Insaisissable;Rang_B;387;209;42;126;166;On ne peut refuser aucun des ordres venant de son éventail. Et il adore tout contrôler autour de lui !;On ne peut refuser aucun des ordres venant de son éventail. Et il adore tout contrôler autour de lui !;Fruits de Mer;Feu;Ranger;;Vipètesecvient deVipère(espèce de serpents) et dePète-sec(personne autoritaire au ton hargneux et cassant).;;;Sous son envoûtement les gens commencent à prendre les choses en main et à agir de manière extrêmement autoritaire, donnant des ordres à tout le monde autour d'eux tout en refusant d'écouter les autres.;Vipètesec est très autoritaire et adore tout contrôler autour de lui.;;;
222;Vipairflay;Insaisissable;Rang_A;441;238;76;130;142;Il sort de nulle part dès qu'un combat commence pour s'assurer qu'il n'y ait pas de triche.;Il sort de nulle part dès qu'un combat commence pour s'assurer qu'il n'y ait pas de triche.;Fruits de Mer;Foudre;Ranger;;Vipairflayvient deVipère(un serpent) et deFair-play.;;;;;;;
223;Vipérâle;Insaisissable;Rang_B;427;39;192;103;201;Ce Yo-kai te fera râler pour un oui ou pour un non.;Ce Yo-kai te fera râler pour un oui ou pour un non.;Fruits de Mer;Eau;Ranger;;"Vipérâlevient deVipère(une espèce de serpent) et derâle, du verbe râler. Le nom anglais de Vipérâle ""Cynake"" est un mot-valise des motscyniqueetsnake(serpent).Il pourrait également être lié aucyan, en référence à sa couleur.";;;Ceux qui sont envoûtés par Vipérâle afficheront une attitude cynique et trouveront quelque chose à redire à tout, même s'il n'y a pas de faute cependant, cela peut être contré par l'aura joyeuse deJojojoyeux.;"Vipérâle semble aimer provoquer la discorde et les arguments de son inspiration; à l'inverse, il exprime son aversion lorsque les gens s'entendent bien.";;;
224;Octorgone;Insaisissable;Rang_S;378;207;52;110;230;Ce Yo-kai d'élite se bat avec une écharpe dragon et possède des capacités de haut niveau.;Ce Yo-kai d'élite se bat avec une écharpe dragon et possède des capacités de haut niveau.;Fruits de Mer;Foudre;Combattant;;Octorgonevient deOcto(huit) et deGorgone(créature fabuleuse de type plutôt féminin parfois extrêmement puissante).;VoirYamata no Orochi#Origine;;Armé de son écharpe et de ses poings, ses pouvoirs sont surpuissants ! Il a déjà réussi à battreJiganyanetKomak, deux légendes vivantes.;Il est extrêmement rancunier et ne supporte pas plus d'une seconde une quelconque plaisanterie.;;;
225;Octorgombre;Insaisissable;Rang_S;390;193;210;71;168;L'ombre d'Octorgone est un maître dans l'art de tuer. Ceux qui l'ont vu n'ont pas survécu...;L'ombre d'Octorgone est un maître dans l'art de tuer. Ceux qui l'ont vu n'ont pas survécu...;Fruits de Mer;Restauration;Guérisseur;;Octorgombrevient d'Octorgoneet d'Ombre.;Tout commeOctorgone,Octorgombreest inspiré duYamata no Orochi. Il se pourrait également que Octorgombre, de par sa palette de couleur et ses attaques/talents, soit inspiré de l'homme invisible, car dans l'histoire originelle, l'homme invisible est décrit comme un homme albinos.;;Octorgombre est un maître dans l'art de l'assassinat. Armé de son écharpe il ne fait qu'une bouchée de ses adversaires. Malgré cela il est aussi capable de guérir ses coéquipiers.;Octorgombre est froid et sans pitié, il est craint par de nombreux Yo-kai en raison de ses techniques d'assassinat.;;;
226;Luminoct;Vaillant;Rang_S;420;226;159;49;184;Le cœur de Luminoct rayonne de pureté et de justice. Cette lumière transperce les ténèbres tel un phare au milieu de la nuit.;Le cœur de Luminoct rayonne de pureté et de justice. Cette lumière transperce les ténèbres tel un phare au milieu de la nuit.;Fruits de Mer;Foudre;Combattant;;;;;Comme Octorgone, il combat avec son écharpe dragon et peut aveugler l'ennemi avec la lumière qu'il dégage.;Luminoct est un justicier très pur, il est une lumière pour ceux qui ont besoin d'aide.;;;
227;Shogunyan;Vaillant;Rang_S;340;177;52;128;259;Cet ancêtre de Jibanyan a un sabre tellement affûté qu'il coupe même ------------------------------ les descriptions en deux.;Jibanyan est devenu un guerrier légendaire. Il adore le thon et en garde toujours une portion dans son armure.;Fruits de Mer;Vent;Combattant;;"Shogunyanvient deShogun,Général en chef des armées, au Japon (du XIIeau XIXesiècle) et deNyanJibanyan/Cri du chat en Japonais. Bushinyanvient deBushi(japonais:??, ""samouraï) etNyan. Ce dernier pourrait également être un jeu de mots surKatsuobushi(japonais:??''flocons de bonite"")";;;Shogunyan a un pouvoir légendaire et est très puissant avec son katana destructeur.;Contrairement à Jibanyan, Shogunyan est digne mais aussi un peu téméraire. Il adore également la guerre.;;;
228;Komashura;Mystérieux;Rang_S;405;63;318;157;140;Ce Komasan légendaire, doté d'un cœur de démon, bat ses ennemis à l'aide de sa flamme sulfureuse.;Ce Komasan légendaire, doté d'un cœur de démon, bat ses ennemis à l'aide de sa flamme sulfureuse.;Lait;Feu;Combattant;;Komashuraest une combinaison deKomainuet deAshura(prononciation japonaise d'Asura).;;;;Komashura est sans cœur, il ressemble à unKomasanmais c'est un véritable démon.;;;
229;Cabotin;Sinistre;Rang_S;368;70;222;112;235;Corniot est devenu, par on ne sait quelle magie, plutôt charmant. Son sourire est très apaisant !;Corniot est devenu, par on ne sait quelle magie, plutôt charmant. Son sourire est très apaisant !;Chinese food;Restauration;Guérisseur;C'était un employé de bureau qui rentrait du travail, et, épuisé, il ne vit pas les planches qui allaient lui tomber dessus, et il se retrouva écrasé dessous, en même temps qu'un caniche qui passait par là. En ressortant, il avait fusionné avec le caniche, ce qui a donné Cabotin.;Cabotinvient decabot(mot plus ou moins vulgaire pour désigner un chien) et debeau teinten référence à son beau visage.;;;;;;;
230;Camaïeul;Bienveillant;Rang_S;370;102;299;115;172;Ce légendaire Granpapéti aurait inondé une ville de fleurs de cerisier revigorantes.;Ce légendaire Granpapéti aurait inondé une ville de fleurs de cerisier revigorantes.;Riz;Restauration;Guérisseur;;Camaïeulvient deCamaïeuetAïeul.;;;;;;;
231;Gorgouille;Costaud;Rang_S;471;258;58;236;116;C'est le plus puissant oni qu'il soit. Son pouvoir est si grand qu'il n'y a pas besoin d'explication. Vraiment aucune.;C'est le plus puissant oni qu'il soit. Son pouvoir est si grand qu'il n'y a pas besoin d'explication. Vraiment aucune.;Viande;Foudre;Tank;;Gorgouillevient deGargouille(Statue qui porte malheur)et d'Or(Métal précieux jaune, brillant, inaltérable et inoxydable);;;Son pouvoir est si grand qu'il n'a besoin d'aucune explication...;Il se donne toujours à fond et terrasse tout ses adversaires sans pitié.;;;
232;Roupilion;Vaillant;Rang_E;288;183;44;110;119;Ce lion détendu veut devenir un puissant guerrier, mais il privilégie la sieste à l'entraînement.;Ce lion détendu veut devenir un puissant guerrier, mais il privilégie la sieste à l'entraînement.;Chinese food;Glace;Combattant;;Roupilionvient deRoupiller(faire la sieste) et deLion.;;;Quand il envoûte quelqu'un, cette personne préférera dormir que de s'occuper de faire quoi que ce soit.;Roupilion est très fainéant. Bien qu'il veuille devenir un grand guerrier, il préfère dormir que combattre.;;;
233;Samoussrai;Vaillant;Rang_E;284;190;37;112;132;Ce soldat adore faire le ménage. Sa réputation sans tache lui vaudra sûrement de devenir shogun.;Ce soldat adore faire le ménage. Sa réputation sans tache lui vaudra sûrement de devenir shogun.;Douceurs;Glace;Guérisseur;;Samoussraivient deSamouraïet demousse;;;Il n'est jamais seul. En équipe, les Samoussrai peuvent nettoyer une villa immense en moins d'une heure.;Il est extrêmement maniaque et ne supporte pas la moindre tache.;;;
234;Trépigno;Vaillant;Rang_E;305;200;44;116;120;Cet irascible petit bougre n'arrête pas de trépigner, ce qui n'aide pas à le prendre au sérieux.;Cet irascible petit bougre n'arrête pas de trépigner, ce qui n'aide pas à le prendre au sérieux.;Viande;Feu;Combattant;;Trépignovient du verbeTrépigner(être impatient).;;;La personne qu'il envoûte n'arrêtera pas de trépigner et de se mettre en colère.;Il s'énerve pour un rien et tout le monde le trouve souvent ridicule.;;;
235;Agonigiri;Vaillant;Rang_D;325;204;111;74;128;Point fort : peut vaincre les onis en combat. Point faible : se fait facilement dévorer par les Granpapéti.;Point fort : peut vaincre les onis en combat. Point faible : se fait facilement dévorer par lesGranpapéti.;Riz;Restauration;Combattant;;"Agonigirivient d'Agonieet d'Onigiri(boulettes de riz japonaises). Le mot ""oni"" dans son nom pourrait aussi faire référence à sa nature de chasseur d'oni.";;;Agonigiri est très fort ! Il est capable de vaincre des démons en duel.;Il est très sympathique et adore partager son riz avec les autres.;;;
236;Sale de bain;;;;;;;;Ce Yo-kai n'a pas peur de lécher les endroits sales ! Mieux vaut éviter de se faire envoûter par lui si on tient à son hygiène.;Ce Yo-kai n'a pas peur de lécher les endroits sales ! Mieux vaut éviter de se faire envoûter par lui si on tient à son hygiène.;Oden;Foudre;Combattant;;Sale de bainvient deSalle de bainet deSale.;;;;;;;
237;Pâle de bain;;;;;;;;Sale de bain version Perfide ! Sa langue collante laisse des traces immondes sur toutes les surfaces.;;;Foudre;;;;;;;;;;
238;Hovernyan;Vaillant;Rang_B;287;171;55;121;211;Même s'il lévite, Hovernyan est un Yo-kai terre à terre et sa cicatrice au front lui rappelle qu'il tombe aussi.;Même s'il lévite, Hovernyan est un Yo-kai terre à terre et sa cicatrice au front lui rappelle qu'il tombe aussi.;Fruits de Mer;Vent;Combattant;;Hovernyanvient deHover(Flotter en anglais) et deNyan(Cri du chat en Japonais).;;;Il peut créer une boule d'énergie, il flotte et il sait comment se servir d'unepierre du temps.;Il est très courageux et n'a peur de rien. Il est persévérant et ses amis peuvent compter sur lui. Il a un esprit de guerrier... Mais en même temps on peut percevoir un côté un peu enfantin.;;;
239;Hovernyan S;;;;;;;;Après avoir travaillé ultra dur, Hovernyan est devenu un Yo-kai de rang S ! Ultramax au max !;Après avoir travaillé ultra dur, Hovernyan est devenu un Yo-kai de rang S ! Ultramax au max !;Fruits de Mer;Vent;Combattant;;"Hovernyan Svient deHovernyan(nom du Yo-kai original) et du ""S"" de Rang S.";;;;;;;
240;Bouh;Vaillant;Rang_C;412;253;41;164;62;Ce Yo-kai incarne la douleur des fermiers ayant perdu leurs champs. On l'entend souvent crier « C'est chez moi ! ».;Ce Yo-kai incarne la douleur des fermiers ayant perdu leurs champs. On l'entend souvent crier «C'est chez moi !».;Oden;Terre;Tank;;"Bouhvient de laboueet de l'interjection ""Bouh !"" pour faire peur.";"Bouh est basé sur le youkai Dorotabo, qui est le nom japonais de ce Yo-kai, dont le nom signifie ""moine des champs de riz boueux"". Il était à l'origine le fantôme d'un riziculteur décédé avant d'avoir pu récolter les fruits de son dur labeur et hante depuis ses champs bien-aimés. Chaque nuit, il surgit du sol en criant ""Rendez-moi mes rizières !"", chassant tous ceux qui tentent de se les approprier et maudissant ceux qui les ont négligés. Il apparaît comme un vieil homme borgne avec des mains à trois doigts émergeant des champs boueux, sa peau bronzée par des journées passées à travailler sous le soleil brûlant. Dans la maison Blasters :";;;;;;
241;Mouhss;;;;;;;;Bouh version Perfide ! Plus aigri que jamais, il s'en prend désormais à de malheureux passants.;;;Terre;;;;;;;;;;
242;Coach Antonic;Vaillant;Rang_A;387;228;46;140;176;Même s'il est dur avec ses protégés, le coach du Centre d'Antonic est très apprécié. Il ne veut que leur bien, après tout !;Même s'il est dur avec ses protégés, le coach du Centre d'Antonic est très apprécié. Il ne veut que leur bien, après tout !;Hamburger;Foudre;Ranger;;Coach Antonicvient deCoach,Anthony(prénom) ettonique. Son nom pourrait aussi être un jeu de mots avecOni(Un ogre du folklore japonais).;;;Les personnes qu'il envoûte s'entraînent jusqu'à devenir aussi musclés que lui.;Il est extrêmement sportif et veut en faire profiter tous les gens qu'il trouve, bien que ça ne plaise pas à tout le monde.;;;
243;Ronimpec;Vaillant;Rang_B;348;221;56;148;149;Ce shogun à cheval sur la propreté fait tomber les têtes si quelqu'un le salit un tant soit peu.;Ce shogun à cheval sur la propreté fait tomber les têtes si quelqu'un le salit un tant soit peu.;Douceurs;Glace;Guérisseur;;Ronimpecvient deRonin(classe de samouraï) etImpec(abréviation de impeccable).;;;Il nettoie tout à la vitesse de la lumière souvent accompagné par son armée de Samoussraï.;Il est extrêmement strict envers lesSamoussraïpour qu'ils nettoient la moindre poussière.;;;
244;Rugis;Vaillant;Rang_A;419;361;43;148;250;Ce lion a compris son véritable potentiel. Il attend toujours le moment idéal pour frapper.;Ce lion a compris son véritable potentiel. Il attend toujours le moment idéal pour frapper.;Chinese food;Glace;Combattant;;Rugisvient du cri du lion : rugissement.;;;"Quiconque sera envoûté par ce Yo-kai reportera ce qu'il devait faire ""au moment venu"", qui est souvent le moment où il est trop tard pour le faire.";Il attend toujours le moment idéal pour frapper.;;;
245;Onigirix;Vaillant;Rang_A;402;253;64;136;149;Ce puissant guerrier est tout feu tout flamme. Sa peau épaisse n'est pas du goût de Granpapéti.;Ce puissant guerrier tout feu tout flamme. Sa peau épaisse n'est pas dugoût deGranpapéti.;Riz;Feu;Combattant;;;;;;;;;
246;Démophage;Vaillant;Rang_S;467;286;59;253;100;Ce Yo-kai terrifiant est capable d'avaler tout rond des monstres. Mais il souffre de remontées acides.;Ce Yo-kai terrifiant est capable d'avaler tout rond des monstres. Mais il souffre de remontées acides.;Viande;Terre;Combattant;;"Démophagevient deDémonet-phage(mangeur). En résumé, son nom signifie ""Mangeur de démons"".";;;Il peut avaler desOnicommeGargaros.;;;;
247;Vampéric;Vaillant;Rang_S;406;181;236;234;97;Ce Yo-kai aspire la vie de ses victimes, sans toucher à leur corps. Elles semblent seulement endormies.;Ce Yo-kai aspire la vie de ses victimes, sans toucher à leur corps. Elles semblent seulement endormies.;Bonbons;Absorption;Combattant;;;;;Vampéric à le pouvoir d'absorber l'âme de ses victimes.;;;;
248;Pleurapluie;Mystérieux;Rang_E;279;35;189;114;142;Ce Yo-kai est né de la souffrance d'un parapluie en plastique qui rêvait d'être plus robuste.;Ce Yo-kai est né de la souffrance d'un parapluie en plastique qui rêvait d'être plus robuste.;Encas;Vent;Combattant;;Pleurapluievient dePleureet deParapluie.;"Pleurapluie pourrait s'inspirer duhone karakasa(??, ""parapluie squelettique""), untsukumogaminé d'un parapluie en papier délabré, ses dents en bois exposées ressemblant à des os de poisson. Il bat sa canopée déchiquetée comme des ailes horribles alors qu'il survole les villes, et son arrivée est de présage de mauvais temps.";;Pleurapluie fait en sorte que les parapluies des gens se retournes lorsqu'il pleut ou qu'il y a du vent.;Pleurapluie a une personnalité plutôt vengeresse, en raison de son passé, ayant été rejeté par son ancien propriétaire. Il a une dent contre les humains et aime retourner leurs parapluies à l'envers pendant les pluies et les faire mouiller. Dans l'anime, Pleurapluie ne fait pas beaucoup attention à Parasolal au début puisqueParasolalest basé sur un parapluie japonais traditionnel, mais gagne le respect pour lui après qu’il ait entraîné Pleurapluie pour mieux résister aux vents orageux.;;;
249;Brumette;Mystérieux;Rang_D;211;34;171;109;184;Ce Yo-kai très léger apparaît là où il y a de la fumée, mais disparaît avant de devenir trop épais.;Ce Yo-kai très léger apparaît là où il y a de la fumée, mais disparaît avant de devenir trop épais.;Douceurs;Vent;Combattant;;Brumettevient debrume(fine pellicule de brouillard) et de-ette(suffixe souvent utilisé pour former des noms féminins en rapport avec une forme plus petite d’un objet).;Comme c'est un Yo-kai classique, ce Yo-kai est tiré du folklore japonais: c'est un déviant du YôkaiEn'enra.;;;;;;
250;Brumiette;;;;;;;;;;;Vent;;;;;;;;;;
251;Trodésolé;Mystérieux;Rang_D;330;40;202;122;141;Il a beau s'excuser pour tout, il n'en pense pas un mot et décline gaiement toute responsabilité.;Il a beau s'excuser pour tout, il n'en pense pas un mot et décline gaiement toute responsabilité.;Curry;Foudre;Ranger;;;;;Tous ceux qu’il envoûte s’excusent à demi-mot en disant : « Désolé, désolé, trop désolé ! ».;Trodésolé est un Yo-kai très énervant, car il cause beaucoup d’ennuis à ceux qu’il envoûte. Il a l'habitude de s'excuser sans en penser un mot. Cependant, il peut devenir agité et offensé lorsque d’autres s’excusent de manière moqueuse avec les mêmes motifs, ce qui agace ou met en colère quelqu’un.;;;
252;Humainequin;Costaud;Rang_D;450;90;90;220;80;Ce mannequin est un mime si doué que ses victimes finissent par imiter tous ceux qui les entourent.;Ce mannequin est un mime si doué que ses victimes finissent par imiter tous ceux qui les entourent.;Bonbons;Glace;Tank;;Humainequinvient deHumainet deMannequin.;;;Les personnes qu'il envoûte se mettent à imiter très mal d'autres gens, rendant le tout assez gênant. Cela peut parfois même ruiner la réputation des personnes envoûtées. Il semble également pouvoir permettre aux gens de voir les Yo-kai, faisant imiter Whisper à Katie dans l'anime. Quand il désenvoûte les gens, ils n'ont plus aucun souvenir de ce qu'ils étaient en train de faire.;Humainequin peut sembler très agaçant, mais il est en fait assez gentil et aime qu'on le félicite.;;;
253;Mythovni;Mystérieux;Rang_C;344;38;227;158;124;Cette fausse soucoupe volante transforme ceux qu'elle envoûte en gros menteurs.;Cette fausse soucoupe volante transforme ceux qu'elle envoûte en gros menteurs.;Sushi;Glace;Combattant;;Mythovnivient deMythomane(personne qui raconte des mensonges) et d'Ovni(Objet volant non identifié).;;;Ceux qui sont envoûtés par Mythovni raconteront des mensonges qui mettront leur interlocuteur en panique avant de révéler qu'il s'agissait d'un mensonge.;;;;
254;Mémogre;Mystérieux;Rang_B;203;63;181;80;234;Un Chaipô aussi gros qu'une maison, qui peut avaler toute la mémoire de quelqu'un en une seule bouchée.;UnChaipôaussi gros qu'une maison, qui peut avaler toute la mémoire de quelqu'un en une seule bouchée.;Bonbons;Vent;Ranger;;Mémogreest un mot-valise entreMémoireetOgre.;;;"Il a le pouvoir de ""manger"" la mémoire entière de n'importe qui.";;;;
255;Brumella;Mystérieux;Rang_A;291;41;193;127;228;Sa nature vaporeuse lui permet de prendre n'importe quelle forme, mais celle-ci est sa préférée.;Sa nature vaporeuse lui permet de prendre n'importe quelle forme, mais celle-ci est sa préférée.;Douceurs;Vent;Combattant;;Brumellavient debrume(fine pellicule de brouillard);Comme c'est un Yo-kai classique, ce Yo-kai est tiré du folklore japonais: c'est un déviant du YôkaiEn'enra.;;;;;;
256;Grommella;;;;;;;;Brumella version Perfide ! Constamment entourée de vapeurs toxiques, elle ne cesse de tousser.;;;Vent;;;"Grommellavient deBrumellaet du verbe ""grommeler"".";;;;;;;
257;Maître Oden;Mystérieux;Rang_A;488;57;240;186;91;Ce Yo-kai jovial tient un stand de nouilles. Outre la nourriture, il adore faire la causette.;Ce Yo-kai jovial tient un stand de nouilles. Outre la nourriture, il adore faire la causette.;Oden;Foudre;Guérisseur;;;;;;;;;
258;Pardomino;Mystérieux;Rang_A;392;74;226;153;146;Ce Yo-kai en forme de domino géant se couche pour s'excuser de tout et n'importe quoi.;Ce Yo-kai en forme de domino géant se couche pour s'excuser de tout et n'importe quoi.;Curry;Terre;Ranger;;;;;;Contrairement àTrodésolé, Pardomino a l'air plus sincère dans ses excuses.;;;
259;Triptic-tac;Mystérieux;Rang_A;428;52;262;214;57;Trois fois plus gros et trois fois plus fort que Télémir, Triptic-tac permet de voyager dans le temps et l'espace.;Trois fois plus gros et trois fois plus fort que Télémir, Triptic-tac permet de voyager dans le temps et l'espace.;Chinese food;Absorption;Tank;;Triptic-tacvient detriptique(un miroir à trois faces) et detic-tac(bruit que font les aiguilles des horloges, ce qui est une référence à son pouvoir de voyage temporel).;;;Triptic-tac a le pouvoir de faire voyager quiconque traversera son miroir à travers le temps et l'espace. Grâce à lui, on peut voyager dans le passé et dans le futur. Triptic-tac peut aussi faire voyager à travers le temps et l'espace comme lors de l'Événement Première Collaboration avec Moi, quand je me réincarne en Slime, où c'est lui qui amèneJibanyanetWhisperdans le monde du manga.;Il est très amical.;;;
260;Chymère;Mystérieux;Rang_S;444;70;260;150;143;Ce Yo-kai a une tête de singe, un corps de tigre, une queue de serpent et un cri qui effraie à en faire pleurer, et cela le vexe.;Ce Yo-kai a une tête de singe, un corps de tigre, une queue de serpent et un cri qui effraie à en faire pleurer, et cela le vexe.;Chinese food;Foudre;Combattant;;;;;;;;;
261;Chyper;Mystérieux;Rang_S;405;63;263;141;168;Ce Yo-kai majestueux était un grand ninja. Il est si rapide qu'il peut voler n'importe quel trésor.;Ce Yo-kai majestueux était un grand ninja. Il est si rapide qu'il peut voler n'importe quel trésor.;Sushi;Foudre;Combattant;;;;;;;;;
262;Potache;Costaud;Rang_E;428;96;52;198;66;Il adore effrayer les gens en leur faisant croire qu'il est sur le point de tomber et de se briser en mille morceaux.;Il adore effrayer les gens en leur faisant croire qu'il est sur le point de tomber et de se briser en mille morceaux.;Encas;Terre;Ranger;;;;;;;;;
263;Jalouseriz;Costaud;Rang_E;408;78;78;194;96;Ce simple bol de riz ne peut s'empêcher de regarder avec envie les assiettes des autres et de devenir vert de jalousie.;Ce simple bol de riz ne peut s'empêcher de regarder avec envie les assiettes des autres et de devenir vert de jalousie.;Chinese food;Glace;Tank;;;;;;Il envie toujours la nourriture des autres sans essayer de l'obtenir. Il a toujours un air malheureux. Jalouseriz a cependant plusieurs amis fait eux aussi de riz commeFanfanfaron,Agonigiri,Sumodon, etc...;;;
264;Suinthan;Costaud;Rang_C;523;63;117;176;85;Ceux qu'il envoûte transpirent. Les gens se sentent tout collant, surtout quand ces Yo-kai se regroupent entre eux.;Ceux qu'il envoûte sont en nage. Les gens se sentent tout collant, surtout quand ces Yo-kai se regroupent entre eux.;Curry;Feu;Tank;;Son nom vient deSuinter(transpirer) et-than(de Nathan);;;;;;;
265;Antonnerre;Costaud;Rang_D;313;143;134;104;131;Sa mère lui a cousu un joli sac dans lequel il range le pouvoir de la foudre et du tonnerre.;Sa mère lui a cousu un joli sac dans lequel il range le pouvoir de la foudre et du tonnerre.;Chinese food;Foudre;Combattant;;Antonnerrevient du prénomAntonet detonnerre.;;;;;;;
266;Égare-dare;Costaud;Rang_E;390;97;48;194;101;Ses passagers incrédules ne manquent jamais de se perdre à cause de son terrible sens de l'orientation.;Ses passagers incrédules ne manquent jamais de se perdre à cause de son terrible sens de l'orientation.;Riz;Terre;Tank;;;;;Toute personne envoûtée par Égare-dare devient incertaine d’elle-même et de ses décisions. Chez les conducteurs, cela les fait se perdre désespérément car ils ne savent plus où aller. Dans l’anime, Égare-dare envoûte ses victimes en leur tapotant sur l’épaule à l’aide de sa main, ce qui fait que la victime est entourée d’une aura bleu foncé.;;;;
267;Chip-Chope;Sombre;Rang_A;388;201;96;117;173;Pourquoi emprunter les biens d'autrui si on peut les voler ? Il les garde dans le sac sur sa tête.;Pourquoi emprunter les biens d'autrui si on peut les voler ? Il les garde dans le sac sur sa tête.;Sushi;Absorption;Ranger;;;;;;;;;
268;Fanfanfaron;Costaud;Rang_B;448;90;156;218;86;Il est le plat le plus cher du restaurant et il le sait. Il rend tous ceux qu'il envoûte imbus d'eux-mêmes.;Il est le plat le plus cher du restaurant et il le sait. Il rend tous ceux qu'il envoûte imbus d'eux-mêmes.;Fruits de Mer;Restauration;Tank;;;;;;Fanfanfaron est un Yo-kai prétentieux imbu de sa personne. Il a cependant plusieurs amis faits eux aussi de riz dontAgonigiri,Jalouseriz, etc.;;;
269;Charivari;Costaud;Rang_B;400;204;53;198;111;Ce char se dirigeait vers l'ennemi, mais il s'est perdu. Au moins, on sait qu'il a un bon fond.;Ce char se dirigeait vers l'ennemi, mais il s'est perdu. Au moins, on sait qu'il a un bon fond.;Riz;Terre;Tank;;;;;Charivari peut donner à n’importe quel ennemi l’impression d’être perdu et confus. Dans l’anime, il peut faire en sorte que n’importe qui se distrait vers autre chose que ce qu’il essaie de faire.;Dans le dessin animé, il pense que c’est son « devoir » de distraire les autres.;;;
270;Millyeux;Sombre;Rang_A;367;176;176;220;130;L'un de ses nombreux yeux est relié à son cœur. Tu dois trouver lequel si tu veux le vaincre.;L'un de ses nombreux yeux est relié à son cœur. Tu dois trouver lequel si tu veux le vaincre.;Viande;Terre;Tank;;;;;;;;;
271;Précyeux;Sombre;Rang_S;395;184;184;265;138;Les yeux qui recouvrent son corps sont en pierres précieuses si scintillantes qu'il s'est déjà ébloui lui-même avec.;Les yeux qui recouvrent son corps sont en pierres précieuses si scintillantes qu'il s'est déjà ébloui lui-même avec.;Douceurs;Foudre;Tank;;;;;;;;;
272;Fallacyeux;;;;;;;;;;;Terre;;;;;;;;;;
273;Carnanova;Sombre;Rang_B;407;210;45;149;158;Ce Yo-kai sanguin utilise son bronzage, ses boucles dorées et ses bons mots pour séduire les dames.;Ce Yo-kai sanguin utilise son bronzage, ses boucles dorés et ses bons mots pour séduire les dames.;Viande;Feu;Ranger;;Carnanovavient deCasanova(homme qui enchaîne les conquêtes amoureuses) et deCarnivore(qui se nourrit principalement de viande).;;;;;;;
274;Parantonn;Costaud;Rang_A;504;206;195;128;140;Il s'attire les foudres des autres et le danger le suit partout où il va. Sa vie est loin d'être relaxante.;Il s'attire les foudres des autres et le danger le suit partout où il va. Sa vie est loin d'être relaxante.;Chinese food;Foudre;Combattant;;;;;;;;;
275;Pachypipi;Costaud;Rang_A;445;123;79;267;99;Il résiste vaillamment aux envies pressantes d'aller aux toilettes, mais personne ne sait vraiment pourquoi...;Il résiste vaillamment aux envies pressantes d'aller aux toilettes, mais personne ne sait vraiment pourquoi...;Riz;Eau;Tank;;Pachypipivient dePachyderme(groupe d'espèces auquel appartient l'éléphant), et dePipi(terme enfantin pour l'urine).;;;Les personnes qu'il envoûte résistent à toutes les pulsions et peuvent supporter n'importe quelle condition, comme une chaleur extrême ou un froid glacial.;Il est très calme et zen, se concentrant pour résister à tout.;;;
276;Crapop;Costaud;Rang_S;471;197;64;258;102;Un crapaud qui a vécu si longtemps qu'il est devenu un Yo-kai. Il doit sa longévité à son sens du style.;Un crapaud qui a vécu si longtemps qu'il est devenu un Yo-kai. Il doit sa longévité à son sens du style.;Soba;Eau;Tank;;Crapopvient deCrapaudet dePop, qui pourrait faire référence au pop'art, un style artistique en vogue dans les années 1960, et pourrait aussi représenter le bruit du crapaud quand il saute.;;;Crapop a le pouvoir de créer des cascades incroyables !;;;;
277;Geeko;Costaud;Rang_S;455;72;165;243;138;Devenu lézard, il préfère rester chez lui plutôt que de partir à la grande aventure, contrairement à son cousin Crapop.;Devenu lézard, il préfère rester chez lui plutôt que de partir à la grande aventure, contrairement à son cousinCrapop.;Soba;Feu;Ranger;;Geekovient deGeek(accro aux jeux-vidéos) et deGecko(petit lézard).;;;Si Geeko vous envoûte, vous préférerez traîner chez vous plutôt que de sortir dehors.;Contrairement à son cousinCrapop, il préfère traîner chez lui plutôt que partir à l'aventure.;;;
278;Ovide;Mystérieux;Rang_D;330;57;185;119;122;Ce Yo-kai Classique donne à ceux qu'il envoûte une expression absente.;Ce Yo-kai Classique donne à ceux qu'il envoûte une expression absente.;Oden;Eau;Combattant;;Ovidevient du prénomOvideet deVidefaisant référence à son visage inexistant.;;;;;;;
279;Fovide;;;;;;;;;;;Eau;;;;;;;;;;
280;Yokœil;;;;;;;;Ce n'est pas le Yo-kai le plus effrayant, mais il fait tellement d'économies sur les lentilles de contact qu'il le vit bien.;Ce n'est pas le Yo-kai le plus effrayant, mais il fait tellement d'économies sur les lentilles de contact qu'il le vit bien.;Oden;Glace;Combattant;;Yokœilvient deYo-kaiet d'œil.;;;Yokœil a le pouvoir de créer des illusions.;Yokœil adore faire peur aux gens, comme d'autres Yo-kai classiques.;;;
281;Monœil;;;;;;;;;;;Glace;;;;;;;;;;
282;Gambeth;Mignon;Rang_E;192;40;140;72;184;Une jolie paire de jambes qui donne à ceux qu'elle envoûte les plus belles gambettes en ville.;Une jolie paire de jambes qui donne à ceux qu'elle envoûte les plus belles gambettes en ville.;Bonbons;Restauration;Guérisseur;;Gambethvient deGambettequi signifie jambe.;;;;;;;
283;Vito;Mignon;Rang_C;288;108;36;85;270;Quiconque est envoûté par ce Yo-kai se met à courir à fond. Très pratique en compétition.;Quiconque est envoûté par ce Yo-kai se met à courir à fond. Très pratique en compétition.;Curry;Glace;Ranger;;;;;Ceux qui sont envoûtés par ce Yo-kai sont soudainement obligés de courir, et sont capables de le faire extrêmement rapidement sans ressentir d’épuisement. Tant que ce Yo-kai est en vigueur, les envoûtés ne semblent pas pouvoir s’arrêter, même s’ils le veulent.;Vito apparaît comme un personnage énergique et déterminé, ne s'arrêtant jamais de courir.;;;
284;Sabruine;Mignon;Rang_C;334;47;204;120;158;Elle sape le moral de tout le monde. Il ne faut pas l'inviter à une fête en extérieur, il pleuvra à coup sûr...;Elle sape le moral de tout le monde. Il ne faut pas l'inviter à une fête en extérieur, il pleuvra à coup sûr...;Jus;Eau;Guérisseur;;;;;Il pleut toujours où que se trouve Sabruine, quelles que soient les prévisions. Tous ceux qui sont envoûtés par Sabruine partagent sa personnalité, devenant tout aussi déprimés et autocritiques.;Sabruine a une faible estime d'elle-même, peut-être en raison de ses pouvoirs de faire pleuvoir. Elle a toujours l'air déprimée, sauf lorsqu'elle est avecSabrille.;;;
285;Traviolette;Mignon;Rang_D;304;43;191;123;145;Elle refait le portrait de ceux qu'elle envoûte de sorte qu'on les regarde bizarrement. Ses victimes sont souvent des filles...;Ceux qu'elle inspire se retrouvent avec un nouveau visage. Pour une raison ou une autre, ses victimes sont généralement des femmes...;Douceurs;Glace;Ranger;;;;;Lorsque Traviolette envoûte une personne, cette dernière se retrouve avec un visage totalement réorganisé. Dans l'animé, Traviolette est même capable d'échanger des visages entre eux.;"Traviolette est un Yo-kai malicieux qui aime jouer des tours à ses victimes. Cependant, lorsqu'elle y met du sien, elle peut se montrer gentille et attentionnée, comme nous pouvons le voir dans Yo-kai Watch 3, lors de la quête ""Les sentiments de pierres"".";;;
286;Bakuku;Mignon;Rang_B;371;52;208;130;167;Elle est capable de s'immiscer dans les rêves des gens pour connaître leurs pensées et même les montrer aux autres.;Elle est capable de s'immiscer dans les rêves des gens pour connaître leurs pensées et même les montrer aux autres.;Jus;Absorption;Combattant;;;;;;;;;
287;Faux Kappa;Mignon;Rang_A;379;52;193;120;215;Ça, c'est un « Yo-kai » ! Il y a des chances qu'il soit parent avec Kappacap !;Ça, c'est un vrai «Yo-kai» ! Il y a des chances qu'il soit parent avecKappacap!;Légumes;Eau;Combattant;;;;;;;;;
288;Duplikappa;;;;;;;;Bien qu'il soit très respecté à Granval, ce kappa exotique ne peut s'empêcher d'avoir le mal du pays parfois.;;;Eau;;;;;;;;;;
289;Kappadissi;Mignon;Rang_S;407;54;181;156;225;Faux Kappa version Perfide ! Il tente sans arrêt de tirer les gens au fond de la rivière.;Bien qu'il soit très respecté à Granval, ce kappa exotique ne peut s'empêcher d'avoir le mal du pays parfois.;Chinese food;Eau;Combattant;;Kappadissivient deKappaet depas d'ici.;;;Il a les mêmes pouvoirs que Faux Kappa.;Ce Kappa vient de loin et a parfois envie de retourner dans son pays d'origine.;;;
290;Maître Nyada;Mignon;Rang_S;406;43;184;131;230;Ce Yo-kai aguerri invoque une énergie qu'on appelle le tuyau grâce à sa maîtrise d'un conduit mystique. Impressionnant.;Ce Yo-kai aguerri invoque une énergie qu'on appelle le tuyau grâce à sa maîtrise d'un conduit mystique. Impressionnant.;Fruits de Mer;Vent;Ranger;;"Maître Nyadavient deMaître Yodaet deNya(onomatopée japonaise qui signifie ""miaou"").";;;Maître Nyada est connu comme étant un Yo-kai des plus puissants, il peut notamment maîtriser le pouvoir du Tuyau.;"Maître Nyada vénère le ""tuyau"". Il est très sage et rusé mais à cause de son âge, il se fatigue très vite.";;;
291;Papilla;Bienveillant;Rang_E;291;45;171;83;176;Elle guérit d'un coup de langue toutes les blessures. Elle peut même rapprocher les gens !;Elle guérit d'un coup de langue toutes les blessures. Elle peut même rapprocher les gens !;Légumes;Restauration;Guérisseur;;;;;Papilla a le pouvoir de soigner les gens avec sa langue.;;;;
292;Parasolal;Bienveillant;Rang_E;317;72;133;106;145;Voici l'esprit d'un parasol très apprécié. Il saute de joie en pensant à son propriétaire.;Voici l'esprit d'un parasol très apprécié. Il saute de joie en pensant à son propriétaire.;Oden;Vent;Tank;;;;;Parasolal a le pouvoir de planer indéfiniment dans les airs pour protéger ses amis ou des inconnus de la pluie. Il possède également la capacité de contrôler les vents.;Parasolal est un Yo-kai heureux et jovial, il est toujours prêt à protéger quelqu'un de la pluie. DansYo-kai Watch 2, il connait assezNathaniel Adamspour savoir qu'il déteste les cadeaux. Dans l'animé, Parasolal est pourtant un Yo-kai en rivalité avec les Yo-kaiYokœiletMlle Coucou, question popularité.;;;
293;Paraquedal;;;;;;;;Parasolal version Perfide ! Il est l'incarnation de tous les regrets d'un parasol mis au rebut.;;;Vent;;;;;;;;;;
294;Felipaix;Bienveillant;Rang_E;274;51;169;112;147;Un Yo-kai simple et serein dont l'aura relaxante est si efficace qu'elle arrive même à calmer Loubarbare.;Un Yo-kai simple et serein dont l'aura relaxante est si efficace qu'elle arrive même à calmer Loubarbare.;Oden;Restauration;Guérisseur;;Felipaixvient du prénomFelixet dePaix. Son nom anglais,Sandmehvient deSand, signifiantsableet deMeh, le son fait quand une personne est indifférente à quelque chose.;;;Les personnes qu'elle envoûte deviennent très polies et dociles, n'ayant jamais aucun problème avec les autres.;Felipaix est un Yo-kai très détendu et il est facile de communiquer avec lui. Il est attiré par les gens qui cachent leurs vrais sentiments, afin de découvrir qui ils sont vraiment.;;;
295;DON-CHAN;Bienveillant;Rang_C;343;68;182;103;181;Esprit d'un tambour japonais qui rêve de faire résonner son rythme unique dans le monde entier.;;;;;;;;;;;;;
296;Métaureaulog;Bienveillant;Rang_D;312;135;173;96;107;Mi-homme, mi-taureau, et apprenti voyant. Ses pouvoirs se limitent aux prévisions météo.;Mi-homme, mi-taureau, et apprenti voyant. Ses pouvoirs se limitent aux prévisions météo.;Sushi;Restauration;Guérisseur;;;;;Métaureaulog possède le pouvoir de prédire la météo sur les prochains jours.;Métaureaulog est un Yo-kai fier de ses talents de devins. Malgré cette fierté, le Yo-kai classique en reste pour autant un Yo-kai très humble.;;;
297;Mentaureaulog;;;;;;;;Métaureaulog version Perfide ! N'annonçant que des malheurs, il jubile quand ses victimes ont peur.;;;Restauration;;;;;;;;;;
298;Lulutin;Bienveillant;Rang_D;311;46;184;112;152;Ce Yo-kai espiègle se plaît dans les vieilles demeures, qu'il rend plus accueillantes.;Un Yo-kai enjoué qui s'installe dans de vieilles maisons et leur confère une atmosphère agréable et chaleureuse.;Encas;Restauration;Guérisseur;;;;;Malgré sa petite taille, Lulutin est un Yo-kai extrêmement agile et robuste. Il est également assez intelligent et trouve souvent des idées assez ingénieuses.;Lulutin est un Yo-kai enjoué qui essaye d'aider à faciliter la vie des humains de la maison dans laquelle il vit. Cependant dans une mini-série dédiée à Lulutin lors de la saison 2, nous apprenons que des Lulutins peuvent des caractères totalement différents, sans perdre les u bienveillance.;;;
299;Hallutin;;;;;;;;Lulutin version Perfide ! En décidant de porter la poisse à des maisons, il ruine leurs propriétaires.;;;Restauration;;;;;;;;;;
300;Sabrille;Bienveillant;Rang_C;366;49;202;101;172;Ce jeune homme rayonnant apporte le soleil avec lui. Il essaie d'illuminer les journées de Sabruine.;Ce jeune homme rayonnant apporte le soleil avec lui. Il essaie d'illuminer les journées deSabruine.;Douceurs;Feu;Combattant;;;;;;… (à compléter);;;
301;Algacarena;Bienveillant;Rang_C;384;160;177;67;130;Cette véritable star du monde des algues danse devant des fans en délire partout où il va.;Cette véritable star du monde des algues danse devant des fans en délire partout où il va.;Ramen;Restauration;Guérisseur;;;;;;;;;
302;Mme Papilla;Bienveillant;Rang_B;345;49;186;94;203;Tous les patients qui souhaitent être mieux soignés font la queue pour rencontrer cette infirmière réputée.;Tous les patients qui souhaitent être mieux soignés font la queue pour rencontrer cette infirmière réputée.;Légumes;Restauration;Guérisseur;;;;;;;;;
303;M. Felipaix;Bienveillant;Rang_B;385;64;181;143;166;Son attitude responsable et ses airs d'employé respectable et humble ne manquent pas d'attirer les regards.;Son attitude responsable et ses airs d'employés respectable et humble ne manquent pas d'attirer les regards.;Oden;Restauration;Guérisseur;;;;;;;;;
304;Scarasol;Bienveillant;Rang_A;401;167;146;182;84;Il utilise Parasolal comme une arme, en l'ouvrant pour parer et en piquant pour attaquer.;Il utiliseParasolalcomme une arme, en l'ouvrant pour parer et en piquant pour attaquer.;Oden;Terre;Tank;;;;;Scarasol sait manier parfaitementParasolal, qui est la base un Yo-kai. Scarasol possède également une grande force et peut encaisser énormément de coups.;Scarasol est un Yo-kai très sérieux. Avant de combattre avec unParasolal, Scarasol était un lutteur sous le nom deLama Laya.;;;
305;Grégrigry;Bienveillant;Rang_A;380;58;225;134;173;Il paraît qu'un seul cheveu de cette divinité Yo-kai suffit à avoir de la chance pour l'éternité.;Il paraît qu'un seul cheveu de cette divinité Yo-kai suffit à avoir de la chance pour l'éternité.;Encas;Restauration;Guérisseur;;;;;;;;;
306;Ivanupieds;Bienveillant;Rang_A;393;146;180;113;233;Il se bat pour les plus pauvres. Cependant, il a rarement les moyens de payer le bus, ce qui limite beaucoup ses efforts.;Il se bat pour les plus pauvres. Cependant, il a rarement les moyens de payer le bus, ce qui limite beaucoup ses efforts.;Lait;Vent;Ranger;;Ivanupiedsvient du prénomIvanet deva-nu-pieds, une expression utilisée pour désigner une personne qui vit misérablement.;;;;;;;
307;Tauracle;Bienveillant;Rang_S;416;250;216;108;136;Il a terminé sa formation de voyant et connaît désormais l'avenir.;Il a terminé sa formation de voyant et connaît désormais l'avenir.;Sushi;Restauration;Guérisseur;"Le tout premier Tauracle vivait à l'époque duShogun Kogito. Il est surnommé ""le Légendaire Tauracle"" et sa légende est connue de tous les métaureaulog. Il a créé l'eau d'outre-monde à partir d'eau claire et deVoltXtrême.";Tauraclevient deTaureauet d'Oracle.;;;;Il est très gentil et très bienveillant. Il peut être sévère mais est toujours prêt à aider quiconque.;;;
308;Kyryn;Bienveillant;Rang_S;435;82;268;118;148;Cette créature sacrée protège tous les êtres vivants. Son cri est aussi célèbre qu'inégalable.;Cette créature sacrée protège tous les êtres vivants. Son cri est aussi célèbre qu'inégalable.;Chinese food;Restauration;Guérisseur;;Kyrynvient duQilin, une bête légendaire chinoise ressemblante à la licorne.;;;Il est doté de puissants pouvoir de guérisons, capables de soigner tous les êtres vivants. Sa voix peut éloigner les mauvais esprits.;Ce Yo-kai est téméraire et courageux. Il s'exprime très bien à l'oral.;;;
309;Kyrycorne;Bienveillant;Rang_S;461;101;249;138;130;Créature légendaire dotée d'une corne que d'innombrables aventuriers ont convoitée.;Créature légendaire dotée d'une corne que d'innombrables aventuriers ont convoitée.;Soba;Restauration;Guérisseur;;Kyrycornevient deKyryn(Yo-kai) etCorne.;;;;;;;
310;Gastong;Mystérieux;Rang_E;228;34;144;94;178;L'esprit d'une vieille paire de sandales de paille. On le reconnait à ses bruits de pas mystérieux.;L'esprit s'une vieille paire de sandales de paille. On le reconnait à ses bruits de pas mystérieux.;Encas;Terre;Combattant;;Gastongvient du prénomGastonet deTong.;;;Dans le dessin animé, Gastong a le pouvoir de donner l'impression aux gens d'entendre des bruits de pas derrière eux.;;;;
311;Gagastong;;;;;;;;;;;Terre;;;;;;;;;;
312;Couchtar;Sombre;Rang_E;307;51;164;95;156;Cet oiseau de nuit adore se coucher tard. Si un ami refuse d'aller au lit, tu peux parier que c'est la faute de ce Yo-kai.;Cet oiseau de nuit adore se coucher tard. Si un ami refuse d'aller au lit, tu peux parier que c'est la faute de ce Yo-kai.;Hamburger;Foudre;Ranger;;;;;;;;;
313;Gloups;Sombre;Rang_D;337;165;91;106;140;Ce Yo-kai emprunte les affaires des autres, puis les avale et ne les rend jamais.;Ce Yo-kai emprunte les affaires des autres, puis les avales et ne les rend jamais.;Sushi;Absorption;Ranger;;;;;Ceux qui sont envoûtés par Gloups empruntent des choses mais ne les rendent jamais à leur propriétaires.;;;;
314;Herbert;Sombre;Rang_E;335;42;159;106;151;Un jeune homme vert dépourvu de toute ambition. Quiconque le croise perd tout entrain.;Un jeune homme vert dépourvu de toute ambition. Quiconque le croise perd tout entrain.;Légumes;Eau;Ranger;;;;;;;;;
315;Hâtila;Sombre;Rang_C;366;207;56;114;147;Impatient, ce Yo-kai ne peut pas attendre. Il est le premier à faire la queue quand une nouveauté sort.;Impatient, ce Yo-kai ne peut pas attendre. Il est le premier à faire la queue quand une nouveauté sort.;Curry;Vent;Combattant;;;;;;;;;
316;Amédélègue;Sombre;Rang_C;392;140;196;124;56;Ce vieillard ne se bouge que s'il y est obligé et il confie tout le sale boulot aux autres.;Ce vieillard ne se bouge que s'il y est obligé et il confie tout le sale boulot aux autres.;Sushi;Absorption;Ranger;;Amédélèguevient du prénomAmédéeet du verbeDéléguer.;;;Les personnes qu'il envoûte commencent à demander aux autres de tout faire à leur place, bien qu'ils n'aient parfois aucune raison de ne pas le faire. Elles demanderont par exemple à des personnes alentours de faire des tâches ménagères pendant qu'elles se détendent.;Ce Yo-kai est très paresseux et demande aux autres de tout faire à sa place. Il n'est même pas capable de faire les tâches les plus simples par lui-même.;;;
317;Comte Zapzap;Sombre;Rang_C;345;130;61;97;215;Un Yo-kai qui prend un plaisir fou à cacher les les télécommandes dans les endroits les plus saugrenus.;Un Yo-kai qui prend un plaisir fou à cacher les télécommandes dans les endroits les plus saugrenus.;Hamburger;Glace;Combattant;;;;;;;;;
318;Triptyk;Sombre;Rang_B;391;172;190;150;106;Cette créature redoutable cache son œil vulnérable dans l'une de ses trois bouches pour tromper l'ennemi.;C'est un énorme Yo-kai serpent à trois grosses têtes et la peau aussi dure que celle d'un éléphant. Il faut viser la bouche où se trouve l'œil.;Oden;Feu;Combattant;;Triptykvient deTriptyque, sculpture composée d'un panneau central et de deux volets mobiles pouvant se rabattre.;;;Triptyk peut faire disparaître ses yeux pour les remplacer par des langues et il possède des paupières résistantes aux attaques adverses, cachant son œil le plus longtemps possible. Il peut aussi cracher du feu.;"Il adore la destruction et aime ""se lâcher"", il peut aussi se montrer manipulateur et grossier. Chaque tête semble avoir une personnalité différente, il s'exprime même à la première personne du pluriel (nous) dans la quête du Carnet Enma II.";;;
319;Snobéa;Sombre;Rang_B;410;125;162;199;73;Cette dame arrogante est devenue riche en se mariant et aime donner des ordres à ceux qu'elle estime inférieurs à elle.;Cette dame arrogante est devenue riche en se mariant et aime donner des ordres à ceux qu'elle estime inférieurs à elle.;Sushi;Glace;Tank;;Snobéavient deSnob(Personne qui fréquente des milieux distingués) etBéa, l'abréviation du prénom Béatrice.;;;;;;;
320;Dracunyan;Sombre;Rang_B;369;60;178;106;209;Un Yo-kai chat devenu un vampire, mais ses victimes n'ont rien à craindre. Au pire, la tête leur tournera.;Jibanyan est devenu un vampire, mais ses victimes n'ont rien à craindre. Au pire, la tête leur tournera.;Chocolat;Absorption;Combattant;;Dracunyanvient deDraculaet deNyan. En japonais,Gabu(? ?) veut direMordreetNyan(???) veut direMiaou.;;;Dracunyan a le pouvoir de transformer les gens en chat-vampire.;;;;
321;Noctambill;Sombre;Rang_B;392;67;183;102;199;À force de jouer aux jeux vidéo toute la nuit, ses yeux sont cernés de fatigue. Les gens commencent à se faire du souci à son sujet...;Les cernes sous ses yeux à force de jouer aux jeux vidéos toute la nuit suffisent à s'inquiéter pour sa santé.;Hamburger;Foudre;Ranger;;;;;;;;;
322;Potofeu;Sombre;Rang_S;462;145;145;282;143;Ce Yo-kai est né des esprits de guerriers tombés au combat. Son couvercle tremble sous tant de force.;De nombreux Yo-kai se sont battus et sacrifiés pour garder cette horrible bête scellée dans un gros chaudron dans les ténèbres. Certains n'osent pas prononcer son nom à voix haute.;Soba;Terre;Tank;;Potofeuvient du célèbre plat Français lepot-au-feu.;;;;;;;
323;Poilux;Sinistre;Rang_E;299;39;188;93;142;Ce Yo-kai poilu aime les coins sombres. Son seul pouvoir est d'accélérer la pousse des cheveux.;Ce Yo-kai Poilu aime les coins sombres. Son seul pouvoir est d'accélérer la pousse des cheveux.;Riz;Terre;Tank;;;Poiluxest tiré duKeukegen(qui est aussi son nom japonais), une créature imaginaire ressemblant à un chien recouvert de longs poils. Il serait un esprit de la maladie qui vit dans les endroits sombres, humides et pousse les gens de la maison à tomber malades.;;Son seul pouvoir est d'accélérer la pousse des cheveux.;;;;
324;Perrux;;;;;;;;Poilux version Perfide ! Sur son passage, il sème la terreur... et des poux en pagaille.;;;Terre;;;;;;;;;;
325;Non-non;Sinistre;Rang_D;357;59;186;97;147;Trio aux gros nez qui clame toujours son innocence et nie savoir ce qui a bien pu se passer.;Trio aux gros nez qui clame toujours son innocence et nie savoir ce qui a bien pu se passer.;Hamburger;Restauration;Ranger;;;;;Les personnes qu'ils envoûtent nient tout en bloc.;Les Non-non nient toujours tout en bloc et adorent corriger les gens. Ils détestent être complimentés.;;;
326;Moui-moui;;;;;;;;;;;;;;;;;;;;;
327;Pépésbrouf;Sinistre;Rang_C;331;49;210;121;154;Ce Yo-kai est sûr d'être le meilleur, ce qui a le don d'agacer tout le monde.;Ce Yo-kai est sûr d'être le meilleur, ce qui a le don d'agacer tout le monde.;Soba;Foudre;Ranger;;;;;Lorsqu'une personne est envoûtée par Pépésbrouf, elle pensera être la meilleure personne qui ait jamais existé.;Pépésbrouf trouve toujours qu'il est meilleur que les autres, le plus beau, le plus fort, etc... Il est toujours content de venir en aide à ses amis.;;;
328;Ornella;Sinistre;Rang_C;372;64;186;83;172;Ce Yo-kai est passé maître dans l'art d'effrayer les enfants à l'école. C'est son seul but dans la vie.;Ce Yo-kai est passé maître dans l'art d'effrayer les enfants à l'école. C'est son seul but dans la vie.;Encas;Absorption;Combattant;;;;;;;;;
329;Adolfo Jeton;Sinistre;Rang_C;352;189;117;65;157;Ce personnage fuyant a toujours de bonnes excuses pour s'éviter les reproches qu'on pourrait lui faire.;Ce personnage fuyant a toujours de bonnes excuses pour s'éviter les reproches qu'on pourrait lui faire.;Fruits de Mer;Vent;Ranger;;;;;;;;;
330;Rapiaf;Sinistre;Rang_B;409;48;212;146;155;Cet oiseau utilise son lasso pour voler ce qu'il veut. Il a même volé son ex le jour de son mariage.;Cet oiseau utilise son lasso pour voler ce qu'il veut. Il a même volé son ex le jour de son mariage.;Hamburger;Absorption;Ranger;;;;;Lorsque Rapiaf envoûte une personne, cette dernière prend les affaires des autres sans leur rendre. Contrairement àChiperpiou, les personnes qu'envoûte Rapiaf ne cherchent pas à cacher leurs envies.;Rapiaf, comme sa sous-évolutionChiperpiou, aime voler les affaires des autres sans leur rendre.;;;
331;Crocho;Sinistre;Rang_A;526;55;228;134;145;Il adore se baigner dans des eaux très très chaudes. Il vaut mieux tester la température avant de plonger !;Ce Yo-kai aime se baigner aux sources chaudes après la fermeture. Il devient tout rouge s'il reste trop longtemps et du feu finit par sortir de son nez.;Curry;Feu;Tank;;;;;Il peut lancer du savon sur les Yo-kai pour les rendre impuissants (donne un envoûtement dans les jeux de la saga et fait glisser le Yo-kai dans Yo-kai Watch Blasters) et il peut également frapper avec les pots pour infliger des dégâts. Il est également capable cracher du feu par son nez pour augmenter la température de l'eau.;"Il est très égoïste et adore se baigner dans des eaux très très chaudes au détriment des autres. Pourtant, dans la requête ""Les sources de l'amitié"" de Yo-kai Watch 2, nous comprenons que Crocho peut être aussi tendre et gentil.";;;
332;Babarouf;Sinistre;Rang_B;344;148;68;63;225;Il aime par-dessus tout faire vrombir le moteur de sa moto volée et déranger tout le monde.;Il aime par-dessus tout faire vrombir le moteur de sa moto volée et déranger tout le monde.;Curry;Glace;Combattant;;;;;;;;;
333;Poil-Émile;;;;;;;;Ce Yo-kai fait pousser des poils épais, même dans les endroits les plus... insolites.;Ce Yo-kai fait pousser des poils épais, même dans les endroits les plus... insolites.;Riz;Terre;Tank;;Poil-Émilevient du prénomPaul-Émileet dePoil.;;;Il peut faire pousser des poils partout et peut allonger les cheveux des gens.;;;;
334;Pâle-Émile;;;;;;;;;;;Terre;;;;;;;;;;
335;Sornella;Sinistre;Rang_A;417;66;199;87;225;Désormais au lycée, Ornella passe ses journées à jeter des sorts et à perturber les cours, d'où son nouveau surnom.;Désormais au lycée,Ornellapasse ses journées à jeter des sorts et à perturber les cours, d'où le nouveau surnom.;Encas;Absorption;Combattant;;;;;;;;;
336;Arachnus;Sinistre;Rang_S;452;56;259;130;183;Ce Yo-kai du Japon d'antan déstabilise parfois sa proie en lui révélant sa vraie forme d'araignée.;Ce Yo-kai du Japon d'antan déstabilise parfois sa proie en lui révélant sa vraie forme d'araignée.;Soba;Terre;Combattant;;Arachnusvient d'Arachnideune classe d'arthropodes chélicérés, terrestres ou aquatiques, souvent insectivores. C'est le groupe qui comprend, entre autres, les araignées, les scorpions et les acariens.;;;Il maîtrise les pouvoirs terrestres à la perfection et peut faire pleuvoir une pluie de météore sans problème. Il peut également devenir une véritable araignée.;Arachnus est très sérieux et terre-à-terre mais il est quand même prêt à faire la guerre contre quiconque préfère les beignets bouffis.;;;
337;Arachnia;Sinistre;Rang_S;440;212;149;98;170;Expert en poisons, ce Yo-kai est souvent qualifié de femme fatale alors que c'est bien un homme.;Expert en poison, ce Yo-kai est souvent qualifié de femme fatale alors que c'est bien un homme.;Soba;Terre;Ranger;;;;;Il a les mêmes pouvoirs qu'Arachnusmais il peut créer du poison.;C'est un très bon commandant et un expert en poison. DansYo-kai Watch 3, on peut le rencontrer sur leChemin brumeuxoù il prend l'apparence d'une dame âgée avec une faucille. Il donnera des friandises à plusieurs reprise àNathanouArianeen répétant et dira qu'il les trouve mignons.;;;
338;Timours;Mignon;Rang_B;364;176;190;105;109;Cet ours travaille nuit et jour à trouver des idées pour rendre son village plus populaire.;Cet ours travaille nuit et jour à trouver des idées pour rendre son village plus populaire.;Viande;Restauration;Guérisseur;;Timoursvient du prénomTimet d'ours, en référence à sa nature d'ours mais peut aussi être lié à la ville d'Ourcival, dont Timours est la mascotte.;;;;;;;
339;Crampaud;Insaisissable;Rang_E;309;39;188;100;137;Le pauvre Crampaud est sûr d'avoir mal au cou au réveil, peu importe la qualité de ses oreillers.;Le pauvre Crampaud est sûr d'avoir mal au cou au réveil, peu importe la qualité de ses oreillers.;Sushi;Eau;Combattant;;Crampaudvient deCrampeetCrapaud.;;;Crampaud fait dormir les personnes dans une position bizarre, ce qui fait que leur tête est dans un alignement étrange similaire à la façon dont sa tête est placée. Cela fait que la victime souffre d’horribles torticolis à son réveil.;;;;
340;Maudieuse;Insaisissable;Rang_E;316;183;113;66;115;Ce Yo-kai adore quand tout échange avec autrui devient pénible. Si ça tourne mal, elle doit être tout près !;Ce Yo-kai adore quand tout échange avec autrui devient pénible. Si ça tourne mal, il doit être tout près !;Douceurs;Foudre;Combattant;;Maudieusevient du prénomMaudeet deOdieuse.;;;Maudieuse peut faire en sorte que tout échange avec autrui devienne pénible et tourne mal.;;;;
341;Zikafon;Sinistre;Rang_E;275;145;66;52;188;Si quelqu'un écoute de la musique fort dans son casque, c'est sûrement l'œuvre de ce Yo-kai.;Si quelqu'un écoute de la musique fort dans son casque, c'est sûrement l'œuvre de ce Yo-kai.;Curry;Glace;Combattant;;;;;Ceux qui sont envoûtés par Zikafon écoutent de la musique trop fort.;;;;
342;Yvantouse;Insaisissable;Rang_D;402;41;210;173;60;Sa ventouse lui permet de débloquer les souvenirs et de faire la lumière dans les esprits.;Sa ventouse lui permet de débloquer les souvenirs et de faire la lumière dans les esprits.;Soba;Restauration;Guérisseur;;;;;Yvantouse a le pouvoir de raviver certains souvenirs de ceux qu'il envoûte.;;;;
343;Carpitaine;Insaisissable;Rang_A;454;44;250;116;166;Tous les poissons éprouvent de l'amour et du respect pour ce Yo-kai qui porte malheur aux pêcheurs.;C'est le gardien spirituel de l'étang du Poisson-chat, il s'énerve si quelqu'un n'en prend pas soin. Les poissons le respectent beaucoup et feront tout ce qu'il dit.;Oden;Eau;Combattant;;Carpitainevient deCarpeet deCapitaine.;;;Il peut invoquer des poissons assez puissants :Rascasstou,Grondingue,MeditathonetSniperche. Il peut attraper plein de choses avec son crochet.;Il adore les poissons et fera tout pour les protéger.;;;
344;Scoltine;Insaisissable;Rang_D;372;182;52;116;146;Cet insecte met tout le monde sur les nerfs et demander ce qui ne va pas n'arrange rien !;Cet insecte met tout le monde sur les nerfs et demander ce qui ne va pas n'arrange rien !;Hamburger;Feu;Combattant;;;;;Ceux qui sont envoûtés par Scoltine adopteront le même comportement que lui : ils seront contamment en colère.;Scoltine est contamment sur les nerfs, et s'énerve de la moindre petite chose.;;;
345;Sirénée;Insaisissable;Rang_D;336;50;200;116;138;Mi-femme, mi-poisson, ce Yo-kai a une jolie voix et s'intéresse beaucoup à la vie sur la terre ferme.;Mi-femme, mi-poisson, ce Yo-kai a une jolie voix et s'intéresse beaucoup à la vie sur la terre ferme.;Douceurs;Eau;Combattant;;Sirénéeest un mot-valise entresirèneetnée.;En tant que Yo-kai classique, Sirénée est inspiré d'un Yo-kai du folklore japonais en l’occurrence la Ningyo (???, « poisson-humain », « sirène ») une créature des mers de la mythologie japonaise. Anciennement, elle était décrite avec un torse humain, une bouche de singe dotée de dents de poisson, une queue de poisson aux écailles dorées et une douce voix qui ressemblait un peu au son d’une flûte ou au chant d’une hirondelle.;;;Sirénée a une admiration passionnée pour la vie sur terre. Dans l'anime, Sirénée est constamment pêchée parNathan, elle perd vite patience à cause de ce dernier. Elle semble se préoccuper de son apparence, elle fait des soins du visage et du yoga.;;;
346;Siréniée;;;;;;;;Sirénée version Perfide ! Sa voix attire les navires dans la tempête et les fait sombrer.;;;Eau;;;;;;;;;;
347;Mlle Coucou;Insaisissable;Rang_C;349;168;145;103;130;Elle pourrait passer pour humaine si elle résistait à cette envie d'allonger son très long cou.;Elle pourrait passer pour humaine si elle résistait à cette envie d'allonger son très long cou.;Douceurs;Restauration;Ranger;;;;;Ceux qui sont envoûtés par Mlle Coucou auront un cou plus long.;Mlle Coucou est un Yo-kai très doux et attentionné. Pourtant, dans l'animé Yo-kai Watch, au début de la saison 2, elle est en rivalité avec les Yo-kaiParasolaletYokœil, insinuant qu'elle reçoit des lettres d'amour des quatres coins du monde. Elle adore également allonger son cou pour effrayer des personnes.;;;
348;Mlle Pacoucoul;;;;;;;;Mlle Coucou version Perfide ! Son long cou lui sert de piège pour capturer ses victimes.;;;Restauration;;;;;;;;;;
349;Draconfus;Insaisissable;Rang_B;535;63;315;167;156;Ce dragon est si hésitant qu'il est inutile de s'attendre à une prise de décision s'il est dans les parages.;Ce dragon est si hésitant qu'il est inutile de s'attendre à une prise de décision s'il est dans les parages.;Ramen;Glace;Combattant;;Draconfusvient deDragonet deConfus.;;;Ceux qui sont envoûtés par Draconfus n'arriveront pas à se décider et prendront beaucoup de temps avant de faire quelque chose.;Draconfus n'arrive pas à prendre de décision, et remet toujours à plus tard ce qu'il peut faire dans le moment présent.;;;
350;Scolérique;Insaisissable;Rang_A;470;223;54;133;167;Il a TRÈS mauvais caractère. C'est lui qui force les gens à casser toutes leurs assiettes !;Il a TRÈS mauvais caractère. C'est lui qui force les gens à casser toutes leurs assiettes !;Hamburger;Feu;Combattant;;;;;Ceux qui sont envoûtés par Scolérique piqueront de grosses crises de colère.;Scolérique est un Yo-kai agressif, il a très mauvais caractère et est très enclin à perdre son sang-froid.;;;
351;Ed Mémoire;Insaisissable;Rang_A;473;53;249;193;77;Ce dieu de la mémoire utilise son étrange aspirateur pour faire remonter des souvenirs perdus.;Ce dieu de la mémoire utilise son étrange aspirateur pour faire remonter les souvenirs perdus.;Soba;Restauration;Guérisseur;;;;;Ed Mémoire a le pouvoir de raviver les souvenirs perdus.;;;;
352;Jérémya;Insaisissable;Rang_A;428;224;136;73;152;Elle n'est jamais contente, mais alors JAMAIS, et ses jérémiades ont déjà brisé de nombreuses amitiés.;Elle n'est jamais contente, mais alors JAMAIS, et ses jérémiades ont déjà brisé de nombreuses amitiés.;Douceurs;Foudre;Combattant;;Jérémyavient dejérémiade(une plainte incessante qui agace).;;;;;;;
353;Sirènité;Insaisissable;Rang_S;430;76;251;136;167;Elle est célèbre pour sa belle peau brillante et aurait le pouvoir d'accorder l'immortalité.;Elle est célèbre pour sa belle peau brillante et aurait le pouvoir d'accorder l'immortalité.;Douceurs;Eau;Combattant;;Sirènitéest un mot-valise entresirèneetsérénité.;;;Sirènité a le pouvoir d'accorder l'immortalité aux personnes qu'elle aime.;Dans Yo-kai Watch 2, Sirènité est montré comme un Yo-kai très hautain et prétentieux, elle déteste les personnes faibles. Mais malgré ses défauts, elle peut aider les personnes faibles, commeBarbefrousse, à progresser. Sinon, Sirènité est décrit comme un Yo-kai pur qui aime donner l'immortalité par un baiser.;;;
354;Sireine-mère;Insaisissable;Rang_S;456;54;270;158;140;Ce Yo-kai est la source de toute vie et assure avoir donné naissance aux dieux.;Ce Yo-kai est la source de toute vie et assure avoir donné naissance aux dieux.;Douceurs;Eau;Combattant;;;Son nom japonais,Izanami(????) fait référence à la déesseIzanami, déesse de la création et de la mort dans la mythologie japonaise. Elle est notamment connue pour être la femme du dieuIzanagi, et pour avoir donné naissance à une partie desKami(esprits de la nature dans la mythologie japonaise).;;Dans le dessin animé, Sireine-mère a le pouvoir de faire en sorte que les Yo-kai soient persuadés que ce soit elle qui les a élevés. Ceux qu'elle envoûte affirmeront qu'ils ont élevé certaines personnes, et ces personnes le confirmeront.;Sa description du Médallium affirme qu'elle est la source de toute vie, mais dans le dessin animé, il s'agit en fait d'un mensonge. Dans le dessin animé, elle est donc manipulatrice en affirmant qu'elle est la mère de chaque Yo-kai.;;;
355;Déballerine;Mignon;Rang_S;320;44;207;110;261;Il n'y a rien de pire qu'un spoiler... et Déballerine ne peut pas s'empêcher de toujours tout raconter !;Il n'y a rien de pire qu'un spoiler... et Déballerine ne peut pas s'empêcher de toujours tout raconter !;Douceurs;Vent;Guérisseur;;;;;Les personnes envoûtées par Déballerine ne peuvent s'empêcher de donner des informations et des spoilers. Cet envoûtement peut également toucher les machines.;Déballerine adore donner des informations en avance, et des spoilers. Elle considère comme un défi le fait de réussir à les éviter. DansYo-kai Watch 2, si le joueur interagit avec sa page dans leMédallium, elle indiquera son arrivée avant même que le joueur n'ait complété la page. SelonWhisper, Déballerine aurait passé plusieurs siècles à perfectionner son art du spoiler.;;;
356;Savantard;Sombre;Rang_S;398;128;201;147;186;Il insiste pour « partager » son savoir sans intérêt, au détriment de tous ceux qui sont forcés à écouter ses inepties.;Il insiste pour «partager» son savoir sans intérêt, au détriment de tous ceux qui sont forcés à écouter ses inepties.;Curry;Absorption;Ranger;;Savantardvient desavantet devantard.;;;Quiconque est envoûté par Savantard se met à partager du savoir inutile sans s'arrêter.;;;;
357;Slurpent;Insaisissable;Rang_S;503;283;115;140;113;Slurpent est constitué de huit dragons, chacun ayant sa propre personnalité...;Slurpent est constitué de huit dragons, chacun ayant sa propre personnalité...;Viande;Absorption;Tank;;Slurpentvient deslurp(bruit que fait l'aspiration d'un liquide) et deserpent(reptile).;Slurpent est basé surYamata-no-Orochi. Le serpent à huit têtes qui terrorisait le Japon à l'âge de la mythologie et exigeait des jeunes filles en sacrifice. Le dieu Susanoo, exilé après une brouille dramatique avec sa sœur, la déesse du soleil Amaterasu, sauve la princesse Kushinada avant qu'elle ne soit sacrifiée à Orochi, le vainquant en lui offrant huit tonneaux de saké puis en lui coupant les têtes une à une. Les actes héroïques de Susanoo lui valent le pardon d'Amaterasu, et il est de nouveau autorisé à entrer dans le royaume des dieux.;;Les personnes envoûtés par Slurpent deviennent irresponsables.;Slurpent est constitué de dragons ayant chacun sa propre personnalité.;;;
358;Malcibiade;;;;;;;;;;;Restauration;;;;;;Les Malcibiade peuvent posséder des Yo-kai ou des humains pour qu'ils deviennent Perfides. Il peuvent également les manipuler pour contrôler leurs faits et gestes. Ils possèdent majoritairement desYo-kai Classiques, leur donnant un nouveau nom.;;;;
359;Anguigne;;;;;;;;;;;Absorption;;;;;;Les Anguignes peuvent posséder des Yo-kai ou des humains pour qu'ils deviennent Perfides. Il peuvent également les manipuler pour contrôler leurs faits et gestes. Ils possèdent majoritairement desYo-kai Classiques, leur donnant un nouveau nom.;;;;
360;Flambert;;;;;;;;;;;Vent;;;;;;Les Flambert peuvent posséder des Yo-kai ou des humains pour qu'ils deviennent Perfides. Il peuvent également les manipuler pour contrôler leurs faits et gestes. Ils possèdent majoritairement desYo-kai Classiques, leur donnant un nouveau nom.;;;;
361;Injustin;;;;;;;;Un boss Perfide qui prend un réel plaisir à être insupportable. Pas étonnant que personne ne l'aime !;Un boss Perfide qui prend un réel plaisir à être insupportable. Pas étonnant que personne ne l'aime !;Encas;Absorption;Ranger;;Injustinvient deInjusteet du prénomJustin.;;;;;;;
362;Fielippine;;Rang_S;408;45;242;95;300;Un boss Perfide. Fielippine est belle, mais elle aime plus que tout faire du mal aux gens !;Un boss Perfide. Fielippine est belle, mais elle aime plus que tout faire du mal aux gens !;Fruits de Mer;Eau;Guérisseur;;Fielippinevient defiel(amertume qui s'accompagne de méchanceté), et du prénomFilippine.;;;;;;;
363;Cyrustre;;Rang_S;635;306;82;206;122;Ce boss Perfide se donne toujours à fond. Aucun Yo-kai ne lui arrive à la cheville.;Ce boss Perfide se donne toujours à fond. Aucun Yo-kai ne lui arrive à la cheville.;Viande;Terre;Tank;;Cyrustrevient deSiet deRustre(indivindu brutal et grossier);;;Il est très puissant et a beaucoup de muscles. Il peut soulever et pousser d'énormes objets.;Il est bête et suit à la lettre les ordres qu'on lui donne sans même réfléchir.;;;
364;Maudicko;;Rang_S;463;45;323;145;199;Ce boss Perfide adore utiliser des mots compliqués et un savoir assez obscur pour embrouiller les gens.;Ce boss Perfide adore utiliser des mots compliqués et un savoir assez obscur pour embrouiller les gens.;Oden;Vent;Ranger;;Maudickovient deMauditet deDico(abréviation de dictionnaire).;;;Il peut utiliser le vent et peut pétrifier des Yo-kai. Certains disent qu'il pratiquerait la magie noire.;Il est très sombre et ne parle jamais. Mais quand il est entouré, il fait tout pour embrouiller les gens.;;;
365;Ronéan;;Rang_S;465;222;174;127;156;Ce boss Perfide qui dispose de grands pouvoirs pense que son devoir est de tout détruire.;Ce boss Perfide qui dispose de grands pouvoirs pense que son devoir est de tout détruire.;Curry;Foudre;Combattant;;Ronéanvient denéantet du prénomRonan.;;;Ronéan est le boss Perfide le plus puissant, il a une très grande force et peut détruire tout ce qu’il voit.;Ronéan a pour devise de tout détruire sur son chemin.;;;
366;Raltesse;Sombre;Rang_C;329;95;152;101;157;Il se cache dans son trou depuis si longtemps qu'il se prend pour le centre de l'univers.;ll se cache dans son trou depuis si longtemps qu'il se prend pour le centre de l'univers.;Lait;Absorption;Ranger;;Raltesseest un mot valise entreRat(rongeur) etAltesse(Titre d'honneur donné aux princes et princesses de sang);;;Il peut rendre les gens qu'il envoûte extrêmement égocentriques.;Il est très égocentrique et égoïste et se prend pour le centre de l'univers.;;;
367;Apélicain;Mystérieux;Rang_C;349;71;202;106;136;Il a fait ses études aux USA et prétend qu'il est né là-bas. Son accent à couper au couteau le trahit à chaque fois.;Il a fait ses études aux USA et prétend qu'il est né là-bas. Son accent à couper au couteau le trahit à chaque fois.;Hamburger;Vent;Combattant;;Apélicainvient d'Américainet depélican(oiseau aquatique piscivore).;;;Tous ceux qui sont envoûtés par Apélicain se comporteront comme un stéréotype américain.;;;;
368;Darknyan;Sinistre;Rang_A;359;172;65;99;230;En voulant obtenir de nouveaux pouvoirs, Hovernyan en est devenu plus sombre mais aussi plus téméraire.;En voulant obtenir de nouveaux pouvoirs,Hovernyanen est devenu plus sombre mais aussi plus téméraire.;Fruits de Mer;Vent;Ranger;;"Darknyanvient deDark(Sombre en anglais) etNyan. Il est aussi inspiré du surnom de Batman, ""The Dark Knight"".";;;Il est devenu beaucoup plus puissant, maintenant il peut déchiqueter ses adversaires d'un seul coup de griffe.;Hovernyan en est devenu plus sombre mais aussi plus téméraire.;;;
369;Buchinyan;Mignon;Rang_A;363;178;50;117;223;À mi-chemin entre Jibanyan et Whisper, il est très efficace malgré la grosse différence entre ces deux Yo-kai.;À mi-chemin entre Jibanyan et Whisper, il est très efficace malgré la grosse différence entre ces deux Yo-kai.;Chocolat;Foudre;Ranger;;Buchinyanest un mot-valise entrebuchi(tache en japonais) etnyan(Cri du chat en japonais).;;;Malgré la discorde entre Jibanyan et Whisper, ils arrivent à s'accorder lors des combats ce qui donne un puissant mélange.;Buchinyan est composé de deux personnalités : celle de Jibanyan et celle de Whisper ! Ils se battent pour contrôler le corps de Buchinyan et peuvent annuler leur fusion facilement.;;;
370;Valetino;Mystérieux;Rang_B;340;70;248;119;149;Ce majordome qualifié et pointilleux a été certifié par le très officiel Conseil Yo-kai des valets.;Ce majordome qualifié et pointilleux a été certifié par le très officiel Conseil Yo-kai des valets.;Soba;Restauration;Guérisseur;;;;;;Il est perfectionniste. Il veut tout le temps faire les bonnes choses. Si quelqu'un ne veut pas faire tout comme lui, il se fâche.;;;
371;Robonyan F;Costaud;Rang_A;456;169;63;253;93;Débarrassé de tous ses gadgets inutiles, le dernier Robonyan est plus fin et plus rapide que jamais.;Débarrassé de tous ses gadgets inutiles, le dernier Robonyan est plus fin et plus rapide que jamais.;Chocolat;Feu;Tank;;Robonyan Fvient deRobonyanet duFde Futur.;;;Robonyan F possède tous les pouvoirs de Robonyan de façon améliorés. Il est donc beaucoup plus puissant que ce dernier.;Il a la même personnalité que Robonyan, étant sa version plus futuriste. Néanmoins, il se vante plus souvent de ses améliorations.;;;
372;Sailornyan;Mignon;Rang_A;349;67;228;110;192;Sailornyan sait se servir de son charme. Tous les autres membres d'équipage l'aiment beaucoup.;Sailornyan sait se servir de son charme. Tous les autres membres d'équipage l'aiment beaucoup.;Chocolat;Restauration;Guérisseur;;Sailornyanvient deSailor(Marin ou Navigateur en anglais) et deNyan(Cri du chat en japonais);Sailornyan est une parodie de Sailor Moon, personnage de fiction, principale protagoniste de la franchise Sailor Moon créée par Naoko Takeuchi.;;Elle peut soigner ses alliés.;Sailornyan est connue des marins pour ses charmes féminins;;;
373;Maskonyan;Vaillant;Rang_A;393;253;49;157;133;Sous son masque de lutteur, Maskonyan cache les cicatrices des blessures reçues à ses débuts.;Sous son masque de lutteur, Maskonyan cache les cicatrices des blessures reçues à ses débuts.;Chocolat;Foudre;Combattant;;Maskonyanvient deMasqueet deNyan.;Son apparence, ainsi que sa biographie, pourraient être inspirées de la série mangaTiger Mask.;;;;;;
374;Jibakoma;Mignon;Rang_A;386;161;221;98;143;Jibanyan et Komasan ont été croisés par mégarde. L'élégance citadine et le charme de la campagne !;JibanyanetKomasanont été croisés par mégarde. L'élégance citadine et le charme de la campagne !;Chocolat;Feu;Combattant;;Jibakomavient des Yo-kaiJibanyanetKomasan.;;;;;;;
375;Jetnyan;Mignon;Rang_B;325;75;157;94;213;Jetnyan rêve de voler, mais ce n'est pas avec l'avion miniature qu'il a sur la tête qu'il va y arriver !;Jetnyan rêve de voler, mais ce n'est pas avec l'avion miniature qu'il a sur la tête qu'il va y arriver !;Chocolat;Vent;Combattant;;Jetnyanvient deJet(avion à réactions) et deNyan(Jibanyan).;;;;;;;
376;Boucanyan;Mignon;Rang_B;368;210;49;120;183;Ne se séparant jamais de son foulard et de son épée, ce chat Yo-kai voyageur a visité de nombreux pays.;Ne se séparant jamais de son foulard et de son épée, ce Jibanyan voyageur a visité de nombreux pays.;Chocolat;Absorption;Ranger;;;;;;;;;
377;Steve Jaws;;;;;;;;;;;;;;;;;;;;;
378;Irréal;;;;;;;;;;;;;;;;;;;;;
379;Narinos;Mystérieux;Rang_D;202;67;107;74;243;Narinos n'a pas besoin de raison particulière pour se curer le nez. Il a deux narines, et veut savoir ce qui s'y trouve.;Narinos n'a pas besoin de raison particulière pour se curer le nez. Il a deux narines et veut savoir ce qui s'y trouve.;Encas;Absorption;Ranger;;Narinos vient du mot narine car il se cure en permanence le nez.;;;;;;;
380;Ultramax N;Vaillant;Rang_B;333;220;51;139;158;Grâce à la pureté de son cœur, ce héros de la justice a vaincu de multiples ennemis. Avant, il n'était qu'un petit garçon fan de super-héros.;Ce héros de la justice a déjà vaincu de nombreux ennemis grâce à la pureté de son cœur. Avant, il n'était qu'un petit garçon fan de super-héros.;Encas;Vent;Combattant;;Ultramax Nvient d'Ultramax(Le héros qu'il adorait de son vivant) et deNen référence au prénom de son petit-fils, Nathan.;;;Il est très agile et a vaincu de nombreux ennemis grâce à la pureté de son cœur.;Il a la même personnalité qu'avant mais est devenu encore plus courageux, il défendra les faibles et les opprimés au péril de sa vie.;;;
381;Ultramax K;Vaillant;Rang_B;333;51;220;139;158;C'était un garçon qui aimait tellement les Yo-kai qu'il en est devenu un. Il partage son amour avec ses centaines d'amis Yo-kai.;C'était un garçon qui aimait tellement les Yo-kai qu'il en est devenu un. Il partage son amour avec ses centaines d'amis Yo-kai.;Encas;Eau;Combattant;;Ultramax Kvient d'Ultramax(Le héros qu'il adorait de son vivant) et deKen référence au prénom de sa petite-fille, Katie.;;;;Il est resté énergique, volontaire et aime se battre. Il garde également une personnalité héroïque malgré tout.;;;
382;Étrangénieur;;;;;;;;;;;;;;;;;;;;;
383;Mélobê;Sombre;Rang_D;353;173;44;134;143;Chef des Moutons bougons. Ses jérémiades ont fait de lui une brebis galeuse à fuir.;Les victimes de ce Yo-kai morose voient tout en noir et finissent par être détestées de tous.;Viande;Vent;Combattant;;;;;;;;;
384;Geigneau;Sombre;Rang_B;406;189;48;159;161;Avec ce Yo-kai, il vaut mieux apporter du sang neuf au dicton : « il faut toujours se méfier du pourceau qui dort. »;Chef des Moutons bougons. Ses jérémiades ont fait de lui une brebis galeuse à fuir.;Viande;Vent;Combattant;;;;;;;;;
385;Bon-huiii;Vaillant;Rang_D;450;285;43;130;46;Quelqu'un a osé le réveiller et cette tête de lard n'est pas près de lui pardonner son erreur.;Avec ce Yo-kai, il vaut mieux apporter du sang neuf au dicton : « il faut toujours se méfier du pourceau qui dort. »;Chinese food;Feu;Tank;;"Bon-huiiiest un mot valise entreBonne nuitet ""huiii"", onomatopée pour le cri du cochon.";;;Les personnes qu'il envoûte se mettent à dormir sans raison. Il suffit que quelqu'un s'approche de lui pour que son envoûtement fasse effet.;;;;
386;Verrascible;Vaillant;Rang_B;479;289;51;146;49;Ce jeune citadin donne à ceux qu'il envoûte un zeste de charme et tout le chic de la ville.;Quelqu'un a osé le réveiller et cette tête de lard n'est pas près de lui pardonner son erreur.;Chinese food;Feu;Ranger;;;;;;;;;
387;Petit panja;;;;;;;;Ce Panja évolué sait échapper à tous les regards ! Mais il ne sait pas se taire et se fait vite repérer.;Ce jeune citadin donne à ceux qu'il envoûte un zeste de charme et tout le chic de la ville.;Sushi;Glace;Combattant;;;;;Les personnes envoûtés par ce Yo-kai deviennent des citadins et ont beaucoup de connaissances sur la grande ville.;;;;
388;Panja-san;;;;;;;;Un guerrier qui veut être le meilleur et qui sait échapper aux filets tendus par ses ennemis.;Ce Panja évolué sait échapper à tous les regards ! Mais il ne sait pas se taire et se fait vite repérer.;Sushi;Glace;Combattant;;;;;;;;;
389;Samuren;Vaillant;Rang_D;400;241;42;153;43;Ce Samuren surentraîné est si puissant que personne n'a envie de l'affronter.;Un guerrier qui veut être le meilleur et qui sait échapper aux filets tendus pas ses ennemis.;Fruits de Mer;Eau;Tank;;Samurenvient deMurène(une sorte d'anguille) et deSamouraï.;;;;Samuren est un Yo-kai qui n'abandonne jamais et, comme il est dit dans le Médallium, il s'échappe toujours des filets des pécheurs.;;;
390;Barrakéda;Vaillant;Rang_B;456;268;48;171;55;;Ce Samuren surentraîné est si puissant que personne n'a envie de l'affronter.;Fruits de Mer;Eau;Tank;;Barrakédavient deBarracudaet deBaraqué.;;;;;;;
391;Poulpatouch;Insaisissable;Rang_D;396;147;43;186;104;Ce Yo-kai est né d'un takoyaki, une exquise boulette de poulpe. Ne sous-estimez pas son extérieur croquant.;Ce Yo-kai est né d'un takoyaki, une exquise boulette de poulpe. Ne sous-estimez pas son extérieur croquant.;Oden;Feu;Combattant;;;;;;;;;
392;Poulpater;Insaisissable;Rang_B;452;163;46;225;110;Ce cracheur d'encre est le roi de la cuisine, et un ferme défenseur de la culture takoyaki.;Ce cracheur d'encre est le roi de la cuisine, et un ferme défenseur de la culture takoyaki.;Oden;Feu;Combattant;;;;;;;;;
393;Avallée;Sinistre;Rang_D;418;40;166;193;75;Dune géante à la bouche tellement énorme qu'elle peut avaler n'importe qui. Mais il dit toujours merci après !;Dune géante à la bouche tellement énorme qu'elle peut avaler n'importe qui. Mais il dit toujours merci après !;Oden;Terre;Combattant;;Avalléevient du verbeavaleret devallée.;;;;;;;
394;Mont merci;;;;;;;;"Ce Yo-kai supérieur a des goûts bien précis et refuse souvent de manger d'un ""non merci"" catégorique.";"Ce Yo-kai supérieur a des goûts bien précis et refuse souvent de manger d'un ""non merci"" catégorique";Oden;Terre;Combattant;;Mont mercivient denon merciet demont.;;;;;;;
395;Sumodon;Costaud;Rang_D;444;110;88;205;63;Un fier sumo plutôt délicat à côtoyer, avec ses gros bras en nouilles et son bouillon brûlant.;Un fier lutteur de sumo dont les bras épais et noueux et le bouillon chaud font de lui une véritable poignée.;Soba;Restauration;Tank;;;;;Sumodon possède des bras épais et noueux, le rendant redoutable lors de ses nombreuses luttes.;Sumodon est un Yo-kai lutteur et fier de l'être. Il a également beaucoup d'amis, dontAgonigiri,Jalouseriz,Fanfanfaron, etc.;;;
396;Soupotori;Costaud;Rang_B;450;160;96;218;70;Ce sumo ayant atteint le grade de Yokozuna s'est distingué par sa poigne légendaire.;Ce sumo ayant atteint le grade de Yokozuna s'est distingué par sa poigne légendaire.;Soba;Restauration;Tank;;;;;;;;;
397;Pfffuji;Costaud;Rang_D;461;48;134;219;60;Un Yo-kai qui ne manifeste aucun intérêt pour quoi que ce soit... du moins, en surface.;Un Yo-kai qui ne manifeste aucun intérêt pour quoi que ce soit... du moins, en surface.;Viande;Feu;Tank;;Pfffujivient dePfff, l'onomatopée de l'ennui, et duMont Fuji, une célèbre montagne japonaise.;;;Les personnes qu'il envoûte adopteront la même personnalité que lui et seront blasées quoi qu'on leur montre ou qu'on fasse avec elles.;Il est désintéressé par tout ce qu'on lui montre et soupire en permanence.;;;
398;Krakatouaaah;Costaud;Rang_B;482;51;170;249;64;Ce Yo-kai tout feu tout flamme est d'une curiosité débordante. La moindre découverte l'éclate.;Ce Yo-kai tout feu tout flamme est d'une curiosité débordante. La moindre découverte l'éclate.;Viande;Feu;Tank;;;;;;Krakatouaah est très curieux et éclatera à chaque découverte.;;;
399;Lacanne;Bienveillant;Rang_D;298;46;188;113;149;Ce Yo-kai est à croquer. Il a toujours les mots qu'il faut pour réconforter les gens.;Ce Yo-kai est gentil à tous points de vue et aime aider les gens à surmonter leurs problèmes avec un ou deux mots gentils.;Bonbons;Restauration;Guérisseur;;;;;Lacanne arrive, avec de simples mots, à redonner le sourire aux personnes qu'elle aide et à résoudre leurs problèmes.;Lacanne ne pense qu'au bonheur des autres. Elle tente toujours d'aider les gens qui ont des soucis avec ses paroles douces.;;;
400;Canastelle;Bienveillant;Rang_B;373;54;205;126;166;La gaîté de ce Yo-kai est un vrai rayon de soleil. Elle illumine la journée de tous ceux qu'elle croise.;La gaîté de ce Yo-kai est un vrai rayon de soleil. Elle illumine les journées de tous ceux qu'elle croise.;Bonbons;Restauration;Guérisseur;;;;;;;;;
401;Robocap;Mignon;Rang_A;371;59;213;172;163;Ce Kappacap mécanique vient du futur. Un anneau de titane indestructible lui protège le crâne.;Ce Kappacap mécanique vient du futur. Un anneau de titane indestructible lui protège le crâne.;Sushi;Eau;Combattant;;Robocapvient deRobotet deCap(jeu Cap ou Pas Cap ?).;;;S'il fait tourner sa tête très vite, il peut fendre tout et n'importe quoi.;Il est branché et cool et s'y connaît en nouvelles technologies.;;;
402;Robokoma;Mignon;Rang_A;352;46;192;159;199;Ce Komasan mécanique vient du futur. Il a toujours autant horreur de la ville, mais maintenant il doit aussi gérer sa batterie...;Ce Komasan mécanique vient du futur. Il a toujours autant horreur de la ville, mais maintenant il doit aussi aussi gérer sa batterie...;Lait;Feu;Ranger;;;;;;;;;
403;Robopapéti;Bienveillant;Rang_B;394;68;196;156;150;Ce robot Granpapéti vient du futur. Même sous cette forme, il a toujours un très grand appétit.;Ce robotGranpapétivient du futur. Même sous cette forme, il a toujours un très grand appétit.;Riz;Restauration;Guérisseur;;;;;;;;;
404;Robocorniot;Sinistre;Rang_B;386;156;42;137;213;Ce Corniot mécanique vient du futur. Il n'a désormais plus la moindre trace d'humanité en lui.;Ce corniot mécanique vient du futur. Il n'a désormais plus la moindre trace d'humanité en lui.;Curry;Vent;Ranger;;Robocorniotvient deRobotet deCorniot.;;;;;;;
405;Robonoko;Insaisissable;Rang_B;437;41;143;231;133;Ce Noko mécanique du futur a le pouvoir de se fondre dans le décor, évitant de se faire repérer...;Ce Noko mécanique du futur a le pouvoir de se fondre dans le décor, évitant de se faire repérer...;Hamburger;Terre;Tank;;Robonokovient deRobotet deNoko.;;;Il peut se fondre dans le décor quand il est pourchassé. On ne sait pas si il porte autant de chance que les Nokos.;Il est plus puissant qu'avant mais n'en a rien à faire.;;;
406;Robodracou;Insaisissable;Rang_B;420;40;215;134;164;Ce robot Dracounet a un corps d'acier. Il ne peut plus devenir Sire Dragon, mais il est sacrément fort.;Ce robotDracouneta un corps d'acier. Il ne peut plus devenirSire Dragon, mais il est sacrément fort.;Chinese food;Feu;Tank;;;;;;;;;
407;Melonyan;Mignon;Rang_A;367;170;142;156;140;Ce Yo-kai juteux atteint des prix élevés et, de ce fait, il snobe les autres fruits.;Ce Yo-kai juteux atteint des prix élevés et, de ce fait, il snobe les autres fruits.;Chocolat;Glace;Guérisseur;;"Melonyanvient duMelonet denyan, l'onomatopée japonaise pour le ""miaou"" d'un chat.";;;Melonyan peut donner le goût du melon à n'importe quoi, par exemple le lait d'une vache.;Il snobe les autres fruits à cause des prix élevés du melon.;;;
408;Oranyan;Mignon;Rang_B;321;147;147;147;147;Plus orange que chat, ce Yo-kai préférerait dormir dans un bol plutôt que de le renverser de la table.;Plus orange que chat, ce Yo-kai préférerait dormir dans un bol plutôt que de le renverser de la table.;Chocolat;Foudre;Guérisseur;;"Oranyanvient deOrange(fruit) et denyan, l'onomatopée japonaise qui se traduit par ""miaou"".";;;Oranyan a le pouvoir de donner le goût de l'orange à n'importe quoi, par exemple le lait d'une vache.;Il a plus la personnalité d'une orange que celle d'un chat.;;;
409;Kiwinyan;Mignon;Rang_B;346;202;51;137;174;Ce mélange de kiwi et de chaton a un joli pelage qui affaiblit les attaques de ses adversaires.;Ce mélange de kiwi et de chaton a un joli pelage qui affaiblit les attaques de ses adversaires.;Chocolat;Terre;Tank;;Kiwinyanvient deKiwiet deNyan(onomatopée japonaise pour le cri du chat).;;;Il a des pouvoirs similaire à Jibanyan, mais ses poils lui confèrent une résistance remarquable.;En plus d'être jovial, ce Yo-kai adore se goinfrer de kiwis.;;;
410;Vigninyan;Mignon;Rang_B;346;51;202;126;185;Vigninyan a une odeur qui fait tourner la tête des dames, et ce Yo-kai narcissique le sait bien !;Vigninyan a une odeur qui fait tourner la tête des dames, et ce Yo-kai narcissique le sait bien !;Chocolat;Eau;Combattant;;"Vigninyanvient devigneet denyan, l'onomatopée japonaise qui se traduit par ""miaou"".";;;Vigninyan a le pouvoir de donner le goût du raisin à n'importe quoi, par exemple le lait d'une vache.;Il est narcissique.;;;
411;Maranyan;Mignon;Rang_B;319;150;125;70;200;Ce Yo-kai sait que le plus grand honneur qui soit est d'être placé en haut d'un gâteau sablé !;Ce Yo-kai sait que le plus grand honneur qui soit est d'être placé en haut d'un gâteau sablé !;Chocolat;Feu;Guérisseur;;Maranyanvient deMara(une sorte de fraise) et denyan(onomatopée japonaise pour le cri du chat).;;;;;;;
412;Pastènyan;Mignon;Rang_A;428;156;51;247;136;Ce Yo-kai juteux n'a qu'une seule peur, celle de se faire servir en dessert les jours chauds d'été.;Ce Yo-kai juteux n'a qu'une seule peur, celle de se faire servir en dessert les jours chauds d'été.;Chocolat;Vent;Tank;;Pastènyanvient depastèqueet denyan(onomatopée japonaise pour le cri du chat).;;;;;;;
413;Momonyan;Vaillant;Rang_A;425;140;49;205;181;Un chat Yo-kai né d'une pêche. Élevé par ses grands-parents, il a pour mission de vaincre les onis, partout où il passe.;Ce chat Yo-kai mignon a pour mère une pêche et a été élevé par un couple de petits vieux avant de partir en croisade contre les démons.;Sushi;Feu;Tank;;Taronyan/Momonyanvient deMomotaro, une légende d'un enfant parti combattre des démons;;;Il paraît tout mignon comme ça mais il peut combattre des démons énormes comme les Onis.;Il ne recule devant rien, est très courageux et sait surtout se faire des amis.;;;
414;Chionyan;Costaud;Rang_B;353;197;40;115;205;Un des servants de Momonyan. Il est très loyal, et n'est pas là que pour les raviolis de millet.;L'un des servants de Momonyan. Il est très loyal et il n'y a pas que les boulettes pour chien qui l'intéressent.;Chocolat;Terre;Combattant;;;;;L'envoûtement de Chionyan donne à ses victimes l'envie de faire le beau et d'être un bon chien loyal. Grace aux boulettes que lui donneMomonyan, Chionyan possède une force qui lui donne assez confiance en lui pour défier les onis, bien qu'il soit assez faible face à eux.;Il est très loyal et énergique. Il raffole les boulettes et les raviolis de millet. Les Broyeurs d'onis :Chionyan fut recruté parMomonyanafin de battre les Onis. Il est donc très proche de son maître mais aussi de ses compagnons :ChimpanyanetFaisanyan. Chionyan adore les Boulettes offertes par Momonyan.;;;
415;Chimpanyan;Mignon;Rang_B;364;169;47;81;231;Un des servants de Momonyan. Il n'a pas l'habitude du travail d'équipe, mais ne peut résister aux raviolis de millet.;Même s'il est plutôt perso habituellement, les friandises de Taronyan ont convaincu cet adepte du chacun pour soi de le suivre.;Chocolat;Foudre;Ranger;;Chimpanyanvient deChimpanzéet deNyan(Jibanyan/Cri du chat en japonais).;;;Il peut déclencher une fureur du singe similaire à l'attaque deJibanyan.;Il est toujours perso, dans son coin. Grâce à son nouveau meilleur ami,Momonyan, il a complètement oublié ce trait de comportement.;;;
416;Faisanyan;Bienveillant;Rang_B;333;49;233;126;156;Un des servants de Momonyan. Il est le soigneur de l'équipe, mais il oublie souvent de faire son travail.;L'un des servants deMomonyan. C'est le guérisseur de l'équipe, mais il oublie souvent de s'atteler à la tâche.;Chocolat;Restauration;Guérisseur;;Faisanyanvient deFaisanet deNyan(Jibanyan/Cri du chat en japonais).;;;Il peut guérir les autres et c'est d'ailleurs son rôle dans l'équipe bien qu'il oublie souvent de le faire...;Il aime faire les choses à son rythme et laisse parfois ses compagnons en plan.;;;
417;Jibanyan B;Mignon;Rang_B;404;207;40;80;215;Jibanyan dans une tenue spéciale Terr'heure ! Il oublie sa fainéantise dès qu'il l'enfile !;Jibanyan en combinaison spéciale ! Il va vite oublier son attitude feignante en mettant cet équipement !;Chocolat;Feu;Combattant;;Jibanyan Bvient deJibanyan(voirJibanyan) et deBpour Buster dans la version dans les versions Coréennes et Japonaises et Blasters dans le reste du monde.;;;Jibanyan B utilise son Blaster pour frapper ses adversaires mais il peut envoyer un rayon destructeur de son Blaster grâce à son sac.;Jibanyan était un Yo-kai très fainéant mais désormais, il est devenu un Yo-kai réactif. Il fonce quand on lui propose une mission dans laTerr'heure.;;;
418;Komasan B;Mignon;Rang_B;333;153;36;97;224;Komasan dans une tenue spéciale Terr'heure ! Il est plus à l'aise en ville dès qu'il l'enfile !;Komasan en combinaison spéciale ! Il se sent un peu plus chez lui en ville quand il porte ce costume.;Crème Glacée;Feu;Combattant;;Komasan Bvient deKomasan(voirKomasan) et deBpour Busters dans les versions Coréennes et Japonaises et Blasters dans le reste du monde.;;;Komasan B utilise son Blasters pour frapper ses adversaires mais il peut envoyer un rayon destructeur de son Blasters grâce à son sac.;Komasan bien qu'habituellement peureux est devenu un Yo-kai plus courageux. Il fonce quand on lui propose une mission dans la Terr'heure;;;
419;Sire Nyancelot;Vaillant;Rang_A;464;162;59;250;109;Un chat Yo-kai en armure blindée qui a autrefois vaincu un roi, et qui risquerait sa vie pour son maître.;Un chat Yo-kai en armure qui a jadis protégé un roi, et il mettra sa vie en jeu pour son maître.;Encas;Glace;Tank;;;;;;;;;
420;Maginyan;Mystérieux;Rang_A;354;49;245;125;178;Un chat Yo-kai qui est en fait une sorcière. Maginyan rêve de lancer des sorts que personne n'a lancé auparavant.;Un chat Yo-kai qui est en fait une sorcière. Maginyan rêve de lancer des sorts que personne n'a lancé auparavant.;Douceurs;Feu;Combattant;;Maginyanvient demagieoumagicienneet denyan, onomatopée pour le cri du chat en japonais.;;;;;;;
421;Rouminet;Mignon;Rang_C;360;160;48;75;217;Avant de se faire renverser par un camion, Jibanyan vivait une heureuse vie de chat auprès d'Amélie.;Avant de se faire renverser par un camion, Jibanyan vivait une heureuse vie de chat auprès d'Amélie.;Chocolat;Feu;Combattant;;"Rouminetest un mot-valise entreRoux(couleur entre l'orangé et le rouge) et deMinet(chat). Dans son nom japonais ""Akamaru"", ""Aka""signifie ""Rouge"" et ""Maru"" signifie ""Rond"", son nom vient certainement du fait qu'il soit rond et rouge/orange.";;;En tant que chat, Rouminet possède des sens très développés. Il peut effectuer une version moins puissante de la Fureur du Chaton.;Il adore dormir et c'est un peu prêt tout ce qu'il fait de ses journées.;;;
422;Sgt. Rampant;;;;;;;;;;;;;;;;;;;;;
423;Usapyon B;Sombre;Rang_B;356;232;40;127;158;Usapyon dans une tenue spéciale Terr'heure ! Il peut activer le Mode Empereur grâce au pouvoir du tuyau.;"Usapyon dans un costume spécial pour la Terr'heure ! Il a une fonction secrète : il peut ""utiliser le tuyau"" et entrer en mode Empereur.";Donut (1);Glace;Combattant;;Usapyon Bvient deUsapyon(voirUsapyon) et deBpour Buster dans les versions Coréennes et Japonaises et Blasters dans le reste du monde.;;;"Usapyon B utilise son Blaster pour envoyer un rayon destructeur sur ses adversaires et il peut ""utiliser le tuyau"" pour entrer en Mode Empereur.";;;;
424;Seigneur Enma;;;;;;;;Le jeune roi des Yo-kai. Il est curieux au sujet du monde des humains, et le visite souvent.;Le jeune roi des Yo-kai. Il est curieux au sujet du monde des humains, et le visite souvent.;Bonbons;Feu;Combattant;;;Enmaest basé surYama,le dieu et juge des morts, souverain des enfers dans l'hindouisme. Lorsque les morts passent dans l’autre monde, Yama juge leur karma et décide de leur réincarnation. Dans sa tâche, il est aidé par Chitragupta. Celui-ci présente au roi des morts, le bilan des actions passées des hommes.;Deux théories se sont créées concernant sa naissance : celle prenant ses bases sur le jeu vidéoYo-kai Watch 3et celle basée sur le filmYo-kai Watch : Forever Friends. Tout d'abord, la théorie du jeu vidéoYo-Kai Watch 3 Sukiyakinous est présentée lorsque la quête du carnet Enma est achevée, où le jeune souverain s'attelle à nous conter l'histoire de sa lignée lorsque l'on vient lui parler. Dans celle-ci, on apprend qu'il est né naturellement par le mariage d'une des filles d'Enma L'Ancien, avant la naissance du premier fils de ce dernier,Lucas. Mais le filmYo-kai Watch : Forever Friendsnous dévoile une autre issue possible. Il nous apprend que Enma est en réalité la réincarnation deYasha Enma, la fusion entre le compagnon du protagoniste principal,Takashiro Itsuki(Daniel en français) et le bon côté de l'âme du fils d'Enma L'Ancien,Shien. On nous apprend donc que Enma est le frère deLucas Schiffer, celui-ci ayant hérité du côté maléfique de l'âme de Shien et ayant été envoyé dans le monde des humains. On nous apprend dansYo-kai Watch 4que cette histoire a été effacée des mémoires et demeure un secret au sein de la famille Enma.;Il a hérité des pouvoirs de son grand-père,Enma L'Anciencomme la possibilité de créer des sphères d'énergie à l'aide de ses mains ou encore de manier l'épée Enma, son arme de prédilection récurrente.;Il est curieux, et particulièrement intéressé par le monde des humains à l'inverse de son grand-père qui les rejetait. Il est utopique, et idéaliste, et rêve d'un monde d'entente entre humains et Yo-kai. Très amical et ouvert d'esprit en apparence, il n'hésitera pourtant pas à taper du poing sur la table si les choses ne vont pas dans son sens. Il est également très joueur, têtu et obstiné, comme nous le montre le film 4.;;;
425;MoiYihin;Mystérieux;Rang_C;373;117;138;127;145;Juste un garçon normal qui est mort d'une mort normale. Ceux qu'il envoûte deviennent normaux.;Nathan Adams, enfant banal, a eu une mort banale et est devenu un Yo-kai banal ! Il rend tous ceux qu'il envoûte banals !;Pain;Vent;Combattant;;MoiYihinvient deMoiet deMoyen.;;;MoiYihin peut tout simplement rendre ceux qu'il envoûte banals.;MoiYihin a la même personnalité qu'avant.;;;
426;Odyssényan;Bienveillant;Rang_A;386;59;253;132;160;Ce chat est allé au palais du dragon... Mais il a oublié son trésor sur le chemin du retour !;Ce chat est allé au palais du dragon... Mais il a oublié son trésor sur le chemin du retour !;Chocolat;Restauration;Guérisseur;;"Odyssényanvient de l'Odysséed'Homère, plus précisément du nom original donné au personnage d'Ulysse,Odysseus; et denyan, onomatopée japonaise représentant le cri du chat.";"Contrairement à ce que son nom français implique, Odyssényan n'est pas inspiré d'Ulysse de l'Odyssée d'Homère, mais du personnage principal du conte d'Urashima Tar?. Son nom japonais ""Urashimanyan"" fait également référence à ce personnage.";;;Odyssényan est toujours prêt à aider son prochain mais malheureusement il est très tête en l'air.;;;
427;Kintaronyan;Costaud;Rang_A;458;222;44;186;130;Un Yo-kai aventurier qui aime bien se battre avec des ours. Il préfère les habits qui le laisse libre de ses mouvements.;Un Yo-kai aventurier qui aime bien se battre avec des ours. Il préfère les habits qui le laissent libre de ses mouvements.;Viande;Terre;Combattant;;;Kintaronyanest inspiré du personnage de conteKintar?.;;;;;;
428;Bison Antonic;Vaillant;Rang_S;426;192;126;165;128;Coach Antonic est désormais en charge de la stratégie, mais il ne peut s'empêcher d'aller en première ligne.;Antonica enfin reçu la promotion qu'il méritait tant. Parfois il s'échappe du centre de commandement et va au front.;Hamburger;Foudre;Ranger;;;;;;;;;
429;Popcorne;Mystérieux;Rang_S;427;45;268;144;174;Un Yo-kai qui a des ancêtres onis, mais dont la corne unique lui permet de vaincre les onis.;Ses ancêtres appartiennent à un clan d'oni légendaire. Sa large corne est la preuve de son héritage oni.;Sushi;Vent;Combattant;;;;;Popcorne peut vaincre beaucoup d'adversaires avec sa corne.;C'est une vraie crapule ! Il profite de ses pouvoirs pour embêter les autres.;;;
430;Extrabuki;Costaud;Rang_S;480;176;92;254;93;Une superstar du théâtre Kaibuki. Sympa en personne mais attention lorsqu'il est sur scène, il est féroce !;Le propriétaire du parc de loisirs Gera Gera est aussi la star du théâtre Kaibuki. Il est amical mais il faut faire attention à son personnage de scène. C'est un homme de théâtre assez féroce.;Sushi;Foudre;Tank;;Extrabukivient deExtraet deKabuki(théâtre japonais).;;;Il est extrêmement puissant et préfère réserver sa puissance à des ennemis dignes.;Malgré son apparence combative, il est très gentil et respectueux. Ses seuls combats, ils les fait pour son public.;;;
431;Jiganyan;Mignon;Rang_A;424;202;39;106;228;Sème la terreur dans le Yo-kai World, où il a perpétré d'innombrables atrocités. Il dévore les âmes des autres Yo-kai.;Sème la terreur dans le Yo-kai World, où il a perpétré d'innombrables atrocités. Il dévore les âmes des autres Yo-kai.;Chocolat;Feu;Combattant;;;;;Quiconque qui est envoûté par Jiganyan a une soif de sang et détruit tout sur son passage.;Jiganyan est horrible et impitoyable. Il possède un royaume constitué de chevaliers du mal et d'une guerrière redoutable. Il détesteOctorgonequi le hait en retour.;;;
432;Alga Sensei;Bienveillant;Rang_C;144;106;154;33;159;Alga Sensei a enseigné la danse à Noripop et compagnie, et il est lui-même toujours un danseur de talent.;Alga Sensei a enseigné la danse àNoripopet compagnie, et il est lui-même toujours un danseur de talent.;Soba;Absorption;Guérisseur;;;;;;;;;
433;Grolos;Sombre;Rang_A;467;238;78;193;70;Un Yo-kai squelette qui passe ses nuits à jouer avec son Bingo-kai adoré. Ne joue pas avec, le prix à payer est bien trop élevé...;Un squelette tapi sur le toit de l'école, qui n'a d'yeux que pour son Bingo-kai. Il ne cesse de glisser des médailles entre ses os, mais ses amis les corbeaux les lui récupèrent toujours.;Lait;Feu;Ranger;;;;;Quand une personne est envoûté par Grolos, elle n'a aucune chance d'obtenir l'objet qu'elle souhaite dans les machines avec des prix aléatoires.;Grolos est un Yo-kai qui aime rire du malheur des autres. On comprend aussi qu'il adore les objets rares et précieux.;;;
434;Trempetta;Sinistre;Rang_C;442;66;207;169;65;Trempetta casse toujours l'ambiance. Quand elle est avec sa sœur, on dirait que c'est la fin des temps.;Juste le fait d'être près de Trempetta vous rend humide. C'est la sœur de Lulugubre, priez pour ne jamais les voir ensemble !;Douceurs;Absorption;Guérisseur;;;;;;;;;
435;Scintinoko;Insaisissable;Rang_B;1;247;247;27;274;Un Noko venu de l'espace pour pimenter les choses sur Terre.;Woooush ! Nous venons de par-delà les étoiles ! Nous avons senti que tu te lassais de ton banal Noko terrestre !;Donut (1);Restauration;Ranger;;Scintinokovient descintilleret deNoko Nokovnivient deNokoet d'OVNI(Objet Volant Non Identifié) Starry Noko vient de Starry (étoilé) et de Noko.;;;Il peut créer de petites étoiles et fait gagner plein de sous à ceux qui deviennent ses amis.;Il est très rare, comme tous les Noko mais ne s'en soucie même pas. Il n'est sûrement même pas au courant.;;;
436;Komak;Mignon;Rang_A;457;226;75;197;84;Le corps blanc majestueux cache une âme sauvage. Son sac contient les os de ses ancêtres.;Derrière la blancheur de son corps, se cache une âme sombre. Il transporte des têtes de mort explosives et il dévore l'esprit de ceux qu'il terrasse.;Crème Glacée;Glace;Ranger;;Komakvient deKoma(Komainu) et deMac(Préfixe des noms hollandais : Komak est un cliché pour montrer que les hollandais sont musclés).;;;Il est très puissant et jette des bombes têtes de morts sur ses ennemis.;Il est extrêmement méchant et est sans pitié. Il n'hésiterait pas à tuer n'importe qui.;;;
437;Suprarachnus;Vaillant;Rang_S;453;270;43;160;150;Suprarachnus est un descendant direct des onis. Il a sacrifié sa vie dans sa quête de puissance.;Le descendant direct du clan oni des dieux de la guerre ! Il peut libérer un pouvoir destructeur au prix de sa propre énergie vitale.;Tempura;Feu;Combattant;;;;;Il peut libérer un pouvoir destructeur au prix de sa propre énergie vitale.;Il est très cruel et déteste toujours autantPopcorne. Il mène la guerre contre lui, même si ils sont tous deux seuls.;;;
438;Zazel;;;;;;;;Zazel est un fin politicien Yo-kai. L'ancien Seigneur Enma l'a fait se retourner contre les humains.;Le bras droit du Seigneur Enma et le Chef du Conseil des Yo-kai. Même s'il est naturellement beau, noble et calme, une fois énervé il prend une forme primitive couverte de tentacules.;Chinese food;Absorption;Combattant;;Zazelvient d'Azazel,un antique démon que les anciens Cananéens croyaient habiter le désert.;;;Zazel peut tirer un rayon rouge avec l’œil sur son sceptre. Il peut prendre deux formes beaucoup plus puissantes : une forme primitive de lui même couverte de tentacules et Zazelmar, sa fusion avecDucaninetDucfélin. Il peut également soigner ses alliés, comme démontré dansForever Friends, ou encore donner son énergie à un guerrier, comme le montreShadowside.;En général, Zazel est noble calme, calme et est décrit comme un politicien très habile. Il a été convaincu parl'ancien Seigneur Enmaque les humains sont un danger pour les Yo-kai, depuis Zazel est devenu misanthrope. Il est très intelligent et calculateur comme le démontre son plan dans le second film.;;;
439;Majordogue;;;;;;;;;Un Yo-kai qui protège Zazel. Très loyal, il donnerait sa vie pour protéger son maître. Il a grandi avec Chamériste et il garde un précieux souvenir de tous ces jours d'été passés ensemble.;Lait;Eau;;;Majordoguevient deMajordomeet deDog(Chien en anglais).Ducaninvient deDucet deCanin.;;;Il ne se bat jamais, sauf sous sa forme boss. Quand Zazel se fait battre, il se sacrifie pour le ranimer et maîtrise bien les coups de griffe.;Lui etChaméristesont les valets deZazel. Chamériste est son ami d'enfance.;;;
440;Chamériste;;;;;;;;;Un Yo-kai qui protège Zazel. Très loyal, il donnerait sa vie pour protéger son maître. Il n'est pas très vif d'esprit mais il se souvient toujours de la nuit qu'il a passé à réviser pour un contrôle avec Majordog.;Bonbons;;;;Chaméristevient deChatet deCamériste(les anciennes servantes des princesses).Ducfélinvient deDucet deFélin.;;;;Lui etMajordoguesont les valets deZazel. Majordog est son ami d'enfance.;;;
441;Jeniflair;Mignon;Rang_D;340;85;176;53;179;Une étoile montante du Yo-kai World. Très perspicace, elle navigue avec aisance les eaux troubles du showbiz.;Une étoile montante dans le célèbre Yo-kai World. Sa perspicacité l'aide à naviguer dans les dures réalités du show-business.;Tempura;Restauration;Guérisseur;;;;;Si Jeniflair t'envoûtes, tu deviendras une célébrité pour ton entourage, quoi que tu fasses.;Jeniflair est un Yo-kai star qui arrive à survivre la dure réalité du show business avec sa perspicacité. Elle est toujours en forme et souriante.;;;
442;Loupépin;Vaillant;Rang_E;341;192;37;54;176;Après toute une vie passée à se faire tirer des pommes posées sur la tête, toutes ses flèches reviennent sur son front.;Après toute une vie passée à se faire tirer des pommes posées sur la tête, toutes ses flèches reviennent sur son front.;Légumes;Terre;Combattant;;Loupépinvient deLoupéet dePépin.;;;;;;;
443;Antitaie;Vaillant;Rang_E;374;178;43;145;96;Apparaît auprès des gens profondément endormis, et retourne leurs coussins. Si tu as mal dormi, c'est qu'il est sûrement venu te vor.;Apparaît auprès des gens profondément endormis, et retourne leurs coussins. Si tu as mal dormi, c'est qu'il est sûrement venu te voir.;Riz;Terre;Combattant;;;;;C'est à cause de lui que les gens dorment mal.;;;;
444;El Gallardo;Vaillant;Rang_D;394;216;40;103;122;Sans cesse à la recherche d'un vrai combat. À mains nues et sans limite de temps. Un vrai combat, quoi.;Sans cesse à la recherche d'un vrai combat. À mains nues et sans limites de temps. Un vrai combat, quoi.;Viande;Feu;Combattant;;;;;Quiconque El Gallardo envoûte devient impatient de défier quelqu'un à une compétition. Il peut également faire en sorte que l'envoûté dise aux autres qu'il doivent être sérieux. Il a également le pouvoir de faire bouillir de l'eau/transformer l'eau en lave.;;;;
445;Caliméballe;Vaillant;Rang_D;336;180;53;126;138;Ce Yo-kai a réussi à intégrer une équipe pro de baseball, bien qu'il n'ait jamais réussi à attraper une seule balle.;Ce Yo-kai a réussi à intégrer une équipe pro de baseball, bien qu'il n'ait jamais réussi à attraper une seule balle.;Hot dog;Glace;Combattant;;;;;;;;;
446;Ronain;Vaillant;Rang_D;297;146;36;74;192;Un Yo-kai minuscule plus rapide que l'éclair. Même si tu arrives à le voir, il disparaîtra instantanément.;Un Yo-kai minuscule plus rapide que l'éclair. Même si tu arrives à le voir, il disparaîtra instantanément.;Crème Glacée;Vent;Ranger;;Ronainvient du prénomRonanet denain.;;;;;;;
447;Lescampette;Mystérieux;Rang_D;313;35;142;103;196;Les habitudes ont la vie dure. Ce Yo-kai se précipite vers la sortie aussitôt qu'il entre dans un bâtiment.;Les habitudes ont la vie dure. Ce Yo-kai se précipite vers la sortie aussitôt qu'il entre dans un bâtiment.;Pasta;Eau;Ranger;;Lescampettevient de laPoudre d'escampette, une expression signifiantse sauver à toutes jambes.;;;Les gens qu'il envoûte se ruent vers la sortie d'un bâtiment. Il peut également créer des portes vers le monde du pictogramme des sorties de secours, dans lequel vivent tous les Lescampette.;Ce Yo-kai vit comme n'importe quel humain : il a besoin de manger, de se reposer...;;;
448;Barbokai;Vaillant;Rang_C;412;229;59;164;65;Ce Yo-kai est persuadé qu'il n'y a rien de mieux au monde qu'un barbecue. La viande, c'est la vie !;Ce Yo-kai est persuadé qu'il n'y a rien de mieux au monde qu'un barbecue. La viande, c'est la vie !;Viande;Feu;Combattant;;;;;;;;;
449;Moinon;Vaillant;Rang_C;339;163;53;106;196;Un Yo-kai moineau qui niera en bloc avoir découpé en morceaux tout ce qui est découpé en morceaux.;Un Yo-kai moineau qui niera en bloc avoir découpé en morceaux tout ce qui est découpé en morceaux.;Tempura;Vent;Combattant;;;;;;;;;
450;Lord Écibel;;;;;;;;Un noble Yo-kai qui ne se rend pas compte à quel point ses manières archaïques sont choquantes.;Un noble Yo-kai qui ne se rend pas compte à quel point ses manières archaïques sont choquantes.;Donut (1);Absorption;Combattant;;;;;;;;;
451;Dagamberge;Bienveillant;Rang_C;380;78;180;155;122;Un Yo-kai kangourou toujours perdu dans ses pensées, pour une raison ou pour une autre.;Un Yo-kai kangourou toujours perdu dans ses pensées, pour une raison ou pour une autre.;Crème Glacée;Eau;Combattant;;Dagambergevient deDagobert, une personne oisive et insouciante, et deGamberger, le fait de réfléchir longuement.;;;Les personnes qu'il envoûte se mettront à réfléchir beaucoup trop longtemps pour des choix pourtant simples.;Il passe son temps à gamberger et réfléchir à différentes possibilités même quand la solution est simple.;;;
452;Shurikenny;Vaillant;Rang_S;403;191;52;112;235;Un Yo-kai héroïque qui cherche la gloire. Sa nature de ninja le force, cependant, à rester dans l'ombre.;Un Yo-kai héroïque qui cherche la gloire. Sa nature de ninja le force, cependant, à rester dans l'ombre.;Sushi;Vent;Combattant;;;;;;;;;
453;Nunchucky;Vaillant;Rang_S;401;218;39;135;230;Passé maître dans un ancien style de ninjutsu. Il fauche ses ennemis avec une grâce meurtrière.;Passé maître dans un ancien style de ninjutsu. Il fauche ses ennemis avec une grâce meurtrière.;Sushi;Vent;Combattant;;"Nunchuckyvient deNunchaku(Arme d'origine japonaise utilisée dans plusieurs écoles d'arts martiaux) et du prénomChucky. Nom Japonais : Kotarôvient deFûma Kotarô/?? ???(Un des chef du clan Fûma, un clan de ninja de l'époque Sengoku). Nom Italien : Venchakuvient deVento(""Vent"" en italien) et deNunchaku. Les noms anglais, espagnol et allemand sont les mêmes que le français.";"Nunchucky est principalement inspiré deF?ma Kotar?, un ninja légendaire et chef du clan F?ma, un des plus ancien clan de shinobi du japon. Il fut traqué par Hattori Hanz?, un autre ninja légendaire qui a inspiréShurikenny. Là où Hanz? est décrit comme un ninja et un samouraï brillant par sa loyauté au service de Tokugawa Ieyasu, son seigneur, Kotar? est dépeint comme un ninja fourbe et comme un pilleur de villages. Kotar? sera responsable de la mort de Hanzô en incendiant un navire piégé par la marée où se trouvait son homologue. Kotar? sera capturé puis exécuté sous le règne Shogunat Tokugawa, un empereur qui, souhaitant se débarrasser du clan F?ma, les condamna pour piraterie. Le nom F?ma signifie ""Vent du Démon"" en japonais ce qui peut faire référence à l'attribut de Vent de Nunchucky.";;;;;;
454;Chagellan;Vaillant;Rang_S;447;216;77;151;183;Un Yo-kai légendaire venu de la période des grandes découvertes. Toujours à la recherche de terres à explorer.;Un Yo-kai légendaire venu de la période des grandes découvertes. Toujours à la recherche de terres à explorer.;Pasta;Eau;Combattant;;Chagellanvient dechat,petit félin souvent domestique et deMagellan, Fernand de Magellan, explorateur portugais de l'époque des Grandes découvertes.;;;Il peut créer des vagues pour envoyer valser les ennemis.;Il est passionné par les découvertes, mais est plutôt arrogant par moments.;;;
455;Battant;Vaillant;Rang_B;405;197;69;138;158;Après un entraînement intensif, Caliméballe a atteint tout son potentiel. Ses étagères sont remplies de trophées.;Après un entraînement intensif, Caliméballe a atteint tout son potentiel. Ses étagères sont remplies de trophées.;Hot dog;Glace;Combattant;;;;;;;;;
456;XXL de bain;Vaillant;Rang_A;421;248;45;147;153;Peu satisfait de nettoyer les salles de bain, Sale de bain a décidé de se faire un nom aux USA. Depuis, il rafle les récompenses !;Peu satisfait de nettoyer les salles de bain, Sale de bain a décidé de se faire un nom aux USA. Depuis il rafle les récompenses !;Oden;Absorption;Combattant;;;;;Lorsque XXL de bain envoûte quelqu'un la personne remporte de nombreux prix et trophées.;;;;
457;Gran. Gallardo;;;;;;;;Ses victoires innombrables lui ont conféré un pouvoir incommensurable. Il peut désormais affronter une armée, à lui tout seul.;;;;;;;;;;;;;
458;Superfouétar;Vaillant;Rang_S;443;401;143;108;100;Le masque de Fouétar est tombé. Il attaque désormais tous les enfants, sages ou pas sages.;Le masque de Fouétar est tombé. Il attaque désormais tous les enfants, sages ou pas sages.;Viande;Glace;Combattant;;Superfouétarvient deSuperet deFouétar.;;;;;;;
459;Hover. Cao Cao;;;;;;;;Ce Yo-kai est un leader né. Son attitude autoritaire lui a valu le surnom de « Napolényon ».;;;;;;;;;;;;;
460;Bradguette;Mystérieux;Rang_E;360;53;191;145;70;Ce Yo-kai dézippe les braguettes, quand tu ne regardes pas. Ça ne va pas bien se finir...;Ce Yo-kai dézippe les braguettes, quand tu ne regardes pas. Ça ne va pas bien se finir...;Donut (1);Foudre;Ranger;;;;;Bradguette peut faire en sorte qu’une fermeture éclair se dézippe à moitié ou complètement.;;;;
461;Toutournemal;Mystérieux;Rang_E;292;39;142;82;182;Déjà dit quelque chose qu'il ne fallait pas au pire moment ? C'est probablement la faute de ce Yo-kai.;Déjà dit quelque chose qu'il ne fallait pas au pire moment ? C'est probablement la faute de ce Yo-kai.;Hot dog;Glace;Combattant;;;;;;;;;
462;Duc Delafeuille;Mystérieux;Rang_E;357;46;235;85;96;Tu t'es déjà demandé qui t'appelait, alors qu'il y avait personne ? Eh ben, c'était sûrement ce Yo-kai.;Tu t'es déjà demandé qui t'appelait, alors qu'il y avait personne ? Eh ben, c'était sûrement ce Yo-kai.;Pasta;Vent;Combattant;;"Duc Delafeuillevient de l'expression ""êtredur de la feuille"" et du hibou grandduc.";;;;;;;
463;Curryeux;Mystérieux;Rang_E;383;33;218;93;110;Hein ? Quoi ? Comment ? Attends, on doit donner une explication pour lui ? Vraiment ? Pour de vrai ? Mais pourquoi ?;Hein ? Quoi ? Comment ? Attends, on doit donner une explication pour lui ? Vraiment ? Pour de vrai ? Mais pourquoi ?;Curry;Foudre;Ranger;;;;;Sous son envoûtement, les gens deviennent aussi curieux et prennent la même posture.;"Comme son nom l'indique il est très curieux et passe son temps à demander ""pourquoi"".";;;
464;Boulet frit;;;;;;;;Ceux que Boulet frit envoûte deviennent passifs, laissant les autres prendre toutes les décisions.;Ceux que Boulet frit envoûte deviennent passifs, laissant les autres prendre toutes les décisions.;Crème Glacée;Terre;Combattant;;;;;Lorsqu'une personne se fait envoûter par Boulet frit, cette dernière devient passive et laisse toujours les autres prendre les grandes décisions.;Boulet frit est un Yo-kai très jovial qui accompagne souventCaliméballe. Il jouent ensemble au base-ball.;;;
465;Épigerien;Mystérieux;Rang_D;353;67;200;152;85;On comprend rien à rien quand ce Yo-kai est dans le coin, même si c'est bien expliqué.;On comprend rien à rien quand ce Yo-kai est dans le coin, même si c'est bien expliqué.;Donut (1);Foudre;Ranger;;Épigerienvient d'Épiet dePige rien. Cornfusedvient deCorn(maïs en anglais) etConfused(confus).;;;"Les personnes envoûtés par lui sont toujours ""bof"" quoi qu'il arrive.";Épigerien est toujours perdu et ne comprend rien à ce qu'on lui dit.;;;
466;Steuf;Mystérieux;Rang_C;386;41;202;163;123;Un joyeux Yo-kai toujours prêt à faire la fête. Où qu'il aille, il attire les fêtards.;Un joyeux Yo-kai toujours prêt à faire la fête. Où qu'il aille, il attire les fêtards.;Pizza;Feu;Tank;;;;;;;;;
467;Crânéidoscope;Mystérieux;Rang_C;380;140;153;70;152;Ce Yo-kai rend cool tout ce qui est naze ! Fais un tour dans un magasin de bonbons pour le voir à l'œuvre.;Ce Yo-kai rend cool tout ce qui est naze ! Fais un tour dans un magasin de bonbons pour le voir à l'œuvre.;Crème Glacée;Eau;Combattant;;Crânéidoscopevient deCrâneet deKaléidoscope(instrument en forme de tube reflétant de nombreuses formes et couleurs). Son nom japonais,Reinb?nest un jeu de mot entreRainbow(arc-en-cielen anglais) etBonesignifiantos.;;;Il peut faire changer la nourriture de couleur et d'apparence pour la rendre plus attirante, mais ça ne change pas le goût d'origine.;Il est très énergique et ne s'arrête jamais de sautiller.;;;
468;Wattson;Mystérieux;Rang_B;389;42;210;122;172;Tu t'es déjà pris le jus en touchant quelqu'un ? C'est pas l'amour, c'est l'électricité statique !;Tu t'es déjà pris le jus en touchant quelqu'un ? C'est pas l'amour, c'est l'électricité statique !;Encas;Foudre;Combattant;;;;;Wattson a le pouvoir de créer de l'électricité statique. Il aime faire des farces aux personnes imprudentes lorsqu'elles touchent les poignées de porte.;;;;
469;Pr Plumage;;;;;;;;Toujours dans les parages s'il y a un mystère à élucider. Il est hanté par le souvenir du mystère de la chaussette perdue.;Toujours dans les parages s'il y a un mystère à élucider. Il est hanté par le souvenir du mystère de la chaussette perdue.;Fruits de Mer;Vent;Combattant;;Professeur Plumagevient deProfesseur(instituteur) et dePlumage(ensemble des plumes recouvrant le corps d'un oiseau). Il est également inspiré duProfessor Plum, du jeu Cluedo.;;;Les personnes qu'il envoûte vont devenir de vrais détectives prêts à tout pour élucider un mystère.;;;;
470;Volroulo;Mystérieux;Rang_B;374;45;200;126;180;Plus de papier toilette quand tu en as le plus besoin ? Pas besoin de chercher plus loin, c'est ce Yo-kai !;Plus de papier toilette quand tu en as le plus besoin ? Pas besoin de chercher plus loin, c'est ce Yo-kai !;Tempura;Absorption;Combattant;;;;;;;;;
471;Imadjinn;Mystérieux;Rang_B;337;56;218;107;180;Imagine un monde où les humains et les Yo-kai sont tout le temps relaxés. On se détend, tout en douceur.;Imagine un monde où les humains et les Yo-kai sont tout le temps relaxés. On se détend, tout en douceur.;Crème Glacée;Vent;Ranger;;;;;;;;;
472;Eddylapid;Mystérieux;Rang_A;441;43;231;114;183;Ce Yo-kai se comporte comme un grand enfant, et dépense tout son argent pour acheter tout ce qui lui plaît.;Ce Yo-kai se comporte comme un grand enfant, et dépense tout son argent pour acheter tout ce qui lui plaît.;Pasta;Glace;Ranger;;Eddylapidvient du prénomEddyet du verbeDilapider(qui veut dire dépenser excessivement de l'argent).;;;;;;;
473;Feuildechou;Mystérieux;Rang_A;463;73;251;170;86;Il entend tout à des kilomètres à la ronde, il est donc obligé d'entendre toutes les rumeurs qui circulent sur lui...;Il entend tout à des kilomètres à la ronde, il est donc obligé d'entendre toutes les rumeurs qui circulent sur lui...;Pasta;Vent;Combattant;;;;;Il peut tout entendre à des kilomètres à la ronde et peut créer des ultrasons pour étourdir l'ennemi;Avant, il avait peur de ne pas entendre ce qu'on lui disait mais maintenant qu'il a amélioré son ouïe, il entend tout ce qu'on dit sur lui.;;;
474;Curryogi;Mystérieux;Rang_A;428;39;218;144;174;Curryogi a quitté sa phase où il interrogeait tout, il est désormais dans une phase d'acceptation éclairée.;Curryogi a quitté sa phase où il interrogeait tout, il est désormais dans une phase d'acceptation éclairée;Curry;Foudre;Ranger;;;;;;;;;
475;T. Energison;Mystérieux;Rang_S;459;66;270;167;138;Un inventeur de légende qui s'est dévoué corps et âme au surnaturel. Il est désormais un Yo-kai légendaire.;Cet inventeur de légende qui s'est dévoué corps et âme au surnaturel. Il est désormais un Yo-kai Légendaire.;Hamburger;Foudre;Combattant;;Edisonvient du célèbre Thomas Edison qui est un inventeur célèbre ayant inventé l'ampoule et le phonographe.T. Energisonest un mot-valise composé deThomas Edisonet d'Énergie.;;;Les personnes qu'il envoûte deviennent extrêmement intelligentes.;Il est gentil mais dès qu'on lui pose une question, il plonge dans ses pensées pour la résoudre scientifiquement.;;;
476;Sodartha;Mystérieux;Rang_S;414;71;178;102;236;Un roi-démon autrefois vaincu par des humains. Son régime strict se compose uniquement de nourriture saine.;Un roi-démon autrefois vaincu par des humains. Son régime strict se compose uniquement de nourriture saine.;Tempura;Feu;Combattant;;Sodarthavient deSodaet deSidarthaqui est le nom que portaitBouddhade son vivant.;;;L'envoûtement de Sodartha est une malédiction d'Oni qui réduit la vitalité des personnes. Sodartha est capable de cracher du feu avec le saké présent dans son assiette. Il peut s'en servir pour créer des brasiers ou découper ses ennemis avec une lame de flamme. Sodartha est un Yo-kai très puissant capable de léviter.;;;;
477;Mata Hase;Mystérieux;Rang_S;428;37;212;84;250;Elle utilise sa beauté et son intelligence pour déterrer tout un tas d'infos. Rien n'échappe à ces oreilles trop mignonnes !;Elle utilise sa beauté et son intelligence pour déterrer tout un tas d'infos. Rien n'échappe à ces oreilles trop mignonnes !;Douceurs;Vent;Combattant;;Mata Haseest un mot-valise entreMata Hariet la femelle du lièvreHase.;;;Mata Hase est une espionne très compétente, elle peut attaquer ses adversaires en faisant grandir ses cartes.;En tant qu'espionne, Mata Hase sait se servir de son cerveau et de son charme pour saisir un tas d'informations.;;;
478;Blanche Hase;Mystérieux;Rang_S;457;33;246;123;202;Ce Yo-kai incarne les pleurs d'enfants devant la neige qui disparaît. Elle redonne l'innocence à ceux qu'elle rencontre.;Ce Yo-kai incarne les pleurs d'enfants devant la neige qui disparaît. Elle redonne l'innocence à ceux qu'elle rencontre.;Douceurs;Glace;Combattant;;Blanche Haseest un mot-valise entre la couleurBlancheet la femelle du lièvreHase.;;;Les personnes sous l'envoûtement de Blanche Hase obtiennent un cœur pur et innocent.;Étant l'incarnation des émotions des enfants devant la neige fondante, Blanche Hase est un Yo-kai candide.;;;
479;Chameuhllow;Costaud;Rang_E;362;137;42;201;76;Pour aimer les desserts, il ne faut faire qu'un avec les desserts. Et ça n'a pas l'air de déranger ce Yo-kai.;Pour aimer les desserts, il ne faut faire qu'un avec les desserts. Et ça n'a pas l'air de déranger ce Yo-kai;Bonbons;Terre;Guérisseur;;"Chameuhllowvient deChamallowet de ""Meuh"" (onomatopée pour désigner le cri d'une vache).";;;;;;;
480;Piètros;Costaud;Rang_E;338;122;66;186;89;Tous ceux que Piètros envoûte ont les idées noires et tout ce qu'ils entreprennent est voué à l'échec.;Tous ceux que Piètros envoûte ont les idées noires et tout ce qu'ils entreprennent est voué à l'échec.;Lait;Terre;Tank;;;;;Ce Yo-kai est responsable de faire tomber les choses en panne et ceux qu'il envoûte échouent à tout ce qu'ils entreprennent.;;;;
481;Otto;Costaud;Rang_E;382;82;39;173;143;Une voiture appartenant à un conducteur négligent, transformée en Yo-kai. Étonnamment, le Yo-kai conduit très prudemment.;Une voiture appartenant à un conducteur négligent, transformée en Yo-kai. Étonnamment, le Yo-kai conduit très prudemment.;Donut (1);Feu;Tank;;;;;Les personnes envoûtées par ce Yo-kai relativisent qu'importe les mauvais choses qu'il leur est arrivé.;;;;
482;Big O'Max;Costaud;Rang_D;384;136;45;202;106;Un burger fait par un chef nerveux, et qui a tendance à réagir excessivement.;Un hamburger fait par un chef nerveux et qui a tendance à réagir excessivement.;Hamburger;Foudre;Combattant;;Big O' Maxvient deBig(Gros en anglais) etau max. Ohburger en japonais vient de Oh (quand il est étonné) et de Burger car c'en est un. Son nom romanisé,?b?g?, pourrait venir du mot Obaka qui signifie stupide en japonais.;;;Si il envoûte quelqu'un, cette personne sera extrêmement étonnée.;Il s'emporte très facilement et est souvent étonné de tout ce qu'il voit.;;;
483;Axelérator;Costaud;Rang_D;436;61;128;231;53;La vitesse en premier et la sécurité après ! C'est de la faute de ce Yo-kai, si tu as des sautes d'humeur !;La vitesse d'abord, la sécurité ensuite ! Ce Yo-kai est à blâmer si vous avez un changement d'humeur soudain !;Curry;Terre;Tank;;;;;Lorsqu'une personne est envoûtée par Axelérator, elle a des changements d'humeurs, surtout lorsqu'elle est au volant. La personne envoûtée foncera sans faire attention aux autres.;Axelérator est un Yo-kai un peu fou qui ne pense qu'à la vitesse. Il adore foncer tête baissée.;;;
484;Navétéran;Costaud;Rang_D;359;39;89;198;156;Un vaisseau Yo-kai qui a survécu à de nombreuses batailles, par pur hasard. Extrême nonchalance face au danger.;Un Yo-kai cuirassé qui a survécu à de nombreuses batailles par pure chance. Incroyablement nonchalant face au danger.;Donut (1);Eau;Combattant;;;;;Lorsqu'une personne est envoûtée par Navétéran, elle devient extrêmement nonchalante face au danger.;Navétéran est un Yo-kai nonchalant qui ne s'intéresse à rien. Il a survécu à de nombreux naufrages par chance !;;;
485;Pogorille;Costaud;Rang_C;441;176;38;228;70;Un Yo-kai gorille qui vit la vie rock and roll. Sa voix tonitruante fait trembler la terre.;Un Yo-kai gorille qui vit la vie rock and roll. Sa voix tonitruante fait trembler la terre.;Hot dog;Foudre;Tank;;;;;;;;;
486;Mulangeur;Costaud;Rang_C;404;68;39;211;190;Ce Yo-kai adore mélanger les chaussures, mais il ne touche pas aux chaussures des gens qui s'en occupent bien.;Ce Yo-kai adore mélanger les chaussures, mais il ne touche pas aux chaussures des gens qui s'en occupent bien.;Légumes;Eau;Tank;;Mulangeurvient deMule(chaussure sans talon) et deMélangeur.;;;Les chaussures envoûtées par Mulangeur se voient complètement dépareillées. Aux yeux des humains, Mulangeur est vu comme un chausson normal, et il peut même être porté.;Les Mulangeur sont des Yo-kai joyeux. Ils sont l'incarnation des chaussures qui n'étaient jamais portées par les humains qui les possédaient.;;;
487;Andrécup;Costaud;Rang_C;471;156;83;208;56;Un Yo-kai né des malheurs des produits qui n'ont jamais été finis.;Un Yo-kai né de l'infortune de plusieurs objets qui ont étés inventés mais jamais vraiment finis.;Oden;Terre;Tank;;Andrécupvient du prénomAndréet deRécupérer. Repossessorvient deRepossession(Ré-acquérir) et dePossessing(Posséder).;;;Il peut abriter des gens à l'intérieur de sa maison. Il arrive à stocker à l'infini des feuilles avec des projets d'invention dessus.;Il est toujours en colère, et il veut venger toutes les inventions créées mais pas finies.;;;
488;Zozoparleur;Costaud;Rang_C;406;130;38;224;130;Ce Yo-kai lance des rumeurs et dévoile des secrets avec son mégaphone. Fais attention à ce que tu dis quand il est là !;Ce Yo-kai lance des rumeurs et dévoile des secrets avec son mégaphone. Fais attention à ce que tu dis quand il est là !;Sushi;Feu;Ranger;;Zozoparleurvient deZozo(mot familier utilisé pour qualifier quelqu'un de niais, d'idiot) et deHaut-parleur.;;;;;;;
489;Bricolos;Costaud;Rang_A;438;181;67;247;90;Ayant appris de tous ses échecs, Piètros excelle désormais dans la réparation. Il orne de rubans ses projets achevés.;Ayant appris de tous ses échecs,Piètrosexcelle désormais dans la réparation. Il orne de rubans ses projets achevés.;Lait;Terre;Combattant;;;;;;;;;
490;Scientifiborg Y;;Rang_B;393;56;143;232;130;Une expérience qui a mal tourné a transformé ce scientifique en un androïde !;Une expérience qui a mal tourné a transformé ce scientifique en un androïde !;Curry;Foudre;Ranger;;Androïd Yamadavient deAndroïdeet deYamada, un prénom japonais. Scientifiborg Yvient deScientifiquespécialiste d'une science et deCyborg(cybernetic organism = organisme cybenétique);;;Il peut transformer n'importe quel objet ou animal en robot.;Scientifiborg Y à un cœur pur mais il se croît tout le temps délaissé par tout le monde, alors que c'est juste car personne ne le voit.;;;
491;Scientifiborg S;;;;;;;;;;;;;;;;;;;;;
492;Scientifiborg T;;;;;;;;;;;;;;;;;;;;;
493;Scientifiborg W;;;;;;;;;;;;;;;;;;;;;
494;Dépotache;Costaud;Rang_B;461;149;56;255;86;Potache est complètement fêlé ! Sa colère l'aveugle tellement que tout ce qu'il risque, c'est de se faire mal tout seul...;Potache est complètement fêlé ! Sa colère l'aveugle tellement que tout ce qu'il risque, c'est de se faire mal tout seul...;Encas;Terre;Ranger;;Dépotachevient dedépôtet dePotache.;;;;Sans que l'on sache vraiment pourquoi, Dépotache est aveuglé par la colère.;;;
495;Aloyau Ier;Costaud;Rang_A;459;169;43;230;136;Le roi du royaume des steaks exige un nouveau corps bien saignant tous les jours.;Le roi du royaume des steaks exige un nouveau corps bien saignant tous les jours.;Viande;Feu;Tank;;Aloyau Iervient d'Aloyau(morceau de bœuf) et deIer, en référence à sa nature de roi.;;;;;;;
496;Pot-au-meuh;Costaud;Rang_A;487;180;46;226;118;Ce Yo-kai veut absolument faire sensation dans le monde culinaire. Cuit à la perfection, c'est un repas de roi !;Ce Yo-kai veut absolument faire sensation dans le monde culinaire. Cuit à la perfection, c'est un repas de roi !;Bonbons;Terre;Tank;;"Pot-au-meuhvient dePot-au-feuet de ""Meuh"" (onomatopée pour le cri de la vache).";;;;;;;
497;Navigarmateur;Costaud;Rang_A;436;41;90;268;171;;Grâce à une chance divine éternelle,Navétérana obtenu une promotion. On peut compter sur lui désormais.;Donut (1);Eau;Tank;;;;;En plus de son incroyable chance qui ne le laisse jamais tomber, il possède de très grandes connaissances en navigation.;Malgré sa promotion qu'il n'a obtenu que grâce à sa chance, il a cependant réussi à obtenir un certain sérieux et à perdre sa nonchalance. Il est quand même capable de se débrouiller sans son incroyable chance.;;;
498;Navigamateur;;;;;;;;Grâce à une chance divine éternelle, Navétéran a obtenu une promotion. On peut compter sur lui désormais.;;Donut (1);Eau;;;;;;;;;;
499;Flèche d'azur;;;;;;;;Un leader à la musculature impressionnante, avec un sens de la justice inébranlable. Protège les gens (et les sushis) du ciel.;Un leader à la musculature impressionnante, avec un sens de la justice inébranlable. Protège les gens (et les sushis) du ciel.;Sushi;Eau;Tank;;;;;;;;;
500;Squale masqué;;;;;;;;Un catcheur pro qui joue au héros durant son temps libre. Il semblerait que son père soit célèbre...;Un catcheur pro qui joue au héros durant son temps libre. Il semblerait que son père soit célèbre...;Hot dog;Eau;Tank;;Squale masquévient deSquale, qui est une espèce de requin, et demasqué.;;;;;;;
501;El Squalador;Costaud;Rang_S;684;60;170;233;90;L'entraînement intensif en haute mer de ce catcheur pro lui a donné une force incroyable. Il faut inventer une nouvelle catégorie !;Un catcheur pro qui joue au héros durant son temps libre. Il semblerait que son père soit célèbre...;Hot dog;Eau;Tank;;"El Squaladorvient deSquale, qui est une espèce de requin, et de""El Luchador""(Le lutteur).";;;;;;;
502;Bambincroyab.;;;;;;;;Ce Yo-kai fera toutes sortes de blagues, juste pour entendre les gens dire « incroyable ! ».;;;;;;;;;;;;;
503;Vertipiou;Mignon;Rang_E;279;135;42;99;172;Quand tu te cognes la tête, ce Yo-kai est toujours dans le coin. Il titubera avec toi. Sympa, non ?;Quand tu te cognes la tête, ce Yo-kai est toujours dans le coin. Il titubera avec toi. Sympa, non ?;Jus;Foudre;Ranger;;"Vertipiouvient deVertigeet de ""Piou"" (onomatopée pour le cri d'un poussin).";;;;;;;
504;Tatinmarre;Mignon;Rang_E;311;54;183;86;138;Elle veut vraiment qu'on la laisse tranquille. Vraiment ? Elle dit toujours ça, mais on dirait que...;Elle veut vraiment qu'on la laisse tranquille. Vraiment ? Elle dit toujours ça, mais on dirait que...;Douceurs;Restauration;Guérisseur;;Tatinmarrevient deTintamarreet deTatin(sorte de tarte).;;;;;;;
505;Éclopain;Mignon;Rang_E;363;192;40;108;118;Un boxeur qui finit toujours éclopé, après un combat. Il est croustillant, mais bon, ça va pas l'aider sur le ring.;Un boxeur qui finit toujours éclopé, après un combat. Il est croustillant, mais bon, ça va pas l'aider sur le ring;Lait;Terre;Combattant;;;;;Éclopain à la capacité d'encaisser énormément de coups sans s'effondrer.;Éclopain est un Yo-kai gentil et moelleux, même sur le ring. Malgré les coups qu'il se prend durant les combats, il se défend rarement et préfère encaisser les coups.;;;
506;Quésacourt;Mignon;Rang_D;329;179;39;107;172;Un Yo-kai qui pige rien à rien, et qui est toujours en train de courir. Il a oublié pourquoi il courait. Mais c'est pas ça qui va l'arrêter.;Un Yo-kai qui pige rien à rien, et qui est toujours en train de courir. Il a oublié pourquoi il courait. Mais c'est pas ça qui va l'arrêter.;Hot dog;Vent;Ranger;;"Quésacourtest un mot-valise entre ""quésaco"" (mot interrogatif signifiant ""qu'est-ce ?) et decourt.";;;Lorsque Quésacourt envoûte une personne, cette dernière devient incertaine de ce qu'elle fait.;Quésacourt est un Yo-kai désemparé qui fuit. Cependant, il ne sait plus pourquoi il fuit. Il est pourtant souvent de bonne humeur.;;;
507;Ficheline;Mignon;Rang_D;352;54;182;97;156;Tu dois faire tout ce qu'il y a d'écrit sur les fiches de Ficheline. Elle a l'air timide, mais ses ordres sont pleins d'assurance !;Tu dois faire tout ce qu'il y a d'écrit sur les fiches de Ficheline. Elle a l'air timide, mais ses ordres sont plein d'assurance !;Pasta;Restauration;Guérisseur;;;;;...(à compléter);Même si elle a l'air d'être timide, lorsqu'elle donne des ordres elle a beaucoup d'assurance.;;;
508;V. de Gamiaou;;;;;;;;Un Yo-kai toujours à la recherche de terres à explorer. Il n'est jamais satisfait et ne tarde jamais à repartir.;;;;;;;;;;;;;
509;Erzestine;Mignon;Rang_D;312;39;164;128;171;Sa nature indécise semble correspondre à l'amertume de l'adolescence, mais son attitude laisse un goût doux-amer.;Sa nature indécise semble correspondre à l'amertume de l'adolescence, mais son attitude laisse un goût doux-amer.;Douceurs;Eau;Guérisseur;;Erzestinevient deErnestineet deZeste(petit morceau de citron).;;;"Les personnes qu'elle envoûte se mettront à parler comme elle, avec des ""mais genre"" à tout bout de champ, et rechigneront sur tout ce qu'on leur dit en inventant des excuses.";Elle est assez insolente et enfantine, mais déteste qu'on la qualifie ainsi.;;;
510;Moufpète;Mignon;Rang_C;351;176;38;85;203;Ce Yo-kai pète la classe ! Il met des vents à tout le monde. Ses vents sont dévastateurs...;Ce Yo-kai pète la classe ! Il met des vents à tout le monde. Ses vents sont dévastateurs...;Pizza;Glace;Ranger;;;;;;;;;
511;Raton glandeur;Mignon;Rang_C;390;66;249;164;53;Un raton laveur Yo-kai toujours en mode vacances. Fais gaffe à pas le déranger quand il se repose, c'est- à-dire, tout le temps.;Un raton laveur Yo-kai toujours en mode vacances. Fais gaffe à pas le déranger quand il se repose, c'est-à-dire, tout le temps.;Jus;Eau;Combattant;;;;;;;;;
512;Espreschiot;Mignon;Rang_C;396;196;40;92;188;Ce bébé bulldog fait genre qu'il est grand et boit du café, alors qu'en vrai, il préférerait boire du jus d'orange.;Ce bébé bulldog fait genre qu'il est grand et boit du café, alors qu'en vrai, il préférerait boire du jus d'orange.;Jus;Glace;Combattant;;Espreschiotvient deEspresso(café) etChiot. Puppiccinovient dePuppy(chiot) et deCappuccino(café).;;;Les personnes qu'il envoûte se prennent pour des adultes.;Il veut toujours faire des choses réservées aux adultes et croit qu'il en est un.;;;
513;Kay Mandeuse;Mignon;Rang_B;402;58;203;107;179;Tellement mignonne, qu'elle se permet de demander l'impossible. Elle adore regarder les gens paniquer à chacune de ses requêtes.;Tellement mignonne, qu'elle se permet de demander l'impossible. Elle adore regarder les gens paniquer à chacune de ses requêtes.;Pasta;Restauration;Guérisseur;;"""Muchaburikko"" est la combinaison demuchaburi(un challenge ridicule, souvent présenté dans des émissions télé japonaise) etburikko(une femme ressemblant à une petite fille).";;;Kay Mandeuse oblige ceux qu'elle envoûte à se lancer dans des gages irraisonnables, gages dont elle est assez douée. Elle peut aussi léviter.;Elle aime s'amuser et tester les autres Yo-kai avec ses jeux.;;;
514;Pain surprise;;;;;;;;Suite à un nombre incalculable de défaites, Éclopain est devenu un boxeur aguerri. Révèle le potentiel caché des faibles.;Suite à un nombre incalculable de défaites,Éclopainest devenu un boxeur aguerri. Révèle le potentiel caché des faibles.;Lait;Terre;Combattant;;;;;"Pain surprise à les mêmes aptitudes au combat qu'un véritable boxeur. Il a une très grande force et sait surprendre l'adversaire avec certaines techniques. Il capable d'entraîner n'importe qui, même les plus faibles et des poneys dans la quête ""Les poneys de la vallée du rodéo""!";Pain surprise, contrairement à sa sous-évolutionÉclopain, ne fait pas qu'encaisser les coups. Il attaque sans avoir peur et sait se défendre.;;;
515;Fortuné;Mignon;Rang_C;421;45;200;174;104;Ceux qui ont la chance d'être envoutés par ce Yo-kai sont plongés dans une vie de luxe.;Ceux qui ont la chance d'être envoûtés par ce Yo-kai sont plongés dans une vie de luxe.;Sushi;Restauration;Guérisseur;;;;;;;;;
516;Komasan Sun Ce;;;;;;;;Bien qu'il soit connu pour être proche d'Octorgone, il tient aussi beaucoup à son petit frère Komajiro S.;;;;;;;;;;;;;
517;Tenguriginal;Mignon;Rang_S;419;43;188;101;254;Un Yo-kai Classique volant qui ne demanderait pas mieux que de couper le nez de son rival Tengu.;Un Yo-kai Classique volant qui ne demanderait pas mieux que de couper le nez de son rivalTengu.;Tempura;Vent;Combattant;;Tenguriginalest la combinaison deTenguet d'original.;;;;;;;
518;Ange garudien;;;;;;;;Vénéré car il combat sans cesse le mal, ce Yo-kai adore manger des serpents. Mais il a peur de choquer les gens s'ils apprenaient ça.;Vénéré car il combat sans cesse le mal, ce Yo-kai adore manger des serpents. Mais il a peur de choquer les gens s'ils apprenaient ça.;Tempura;Feu;Combattant;;Ange garudienvient d'ange gardienet deGaruda, un autre nom pour leKarura.;Ange garudien est inspiré du Karura, une créature divine avec un corps humain et une tête d'oiseau dans la mythologie japonaise hindou-bouddhiste. On dit que le karura est un cracheur de feu, et qu'il se nourrit de dragons ou de serpents.;;;;;;
519;Bambinsupportable;;;;;;;;Bambincroyable est devenu un sale gosse ! Il a complètement bousillé son pantalon !;;;;;;;;;;;;;
520;Bambinflammable;;;;;;;;Élevé aux piments, les poches de ce Yo-kai sont remplies des épices les plus piquantes.;;;;;;;;;;;;;
521;Faustille;Mignon;Rang_A;418;188;118;40;223;Ce Yo-kai adore chevaucher les tornades, fauchant tout sur son passage. Il a toujours des pansements de secours.;Ce Yo-kai adore chevaucher les tornades, fauchant tout sur son passage. Il a toujours des pansements de secours.;Soba;Vent;Combattant;;;"Faustille est inspiré duKamaitachi(??lit. ""belette à faucille""). Il s'agit d'un y?kai dont les descriptions peuvent varier. Les versions les plus courantes les décrivent comme des belettes aux griffes acérées qui chevauchent les vents, tellement rapides qu'elles sont invisible aux yeux des humains, et qui attaquent les gens par surprise. Les attaques sont tellement rapides que la victime ne ressent aucune douleur avant de réaliser qu'elles est couverte de blessures. Une des versions les décrit comme travaillant en trio : la première des trois belettes renverse la victime, la deuxième lui coupe les jambes et la troisième lui applique les soins pour endormir la douleur.";;;;;;
522;Bleun. de bain;;;;;;;;Elle aime tellement les bains qu'elle en est devenu un ! Mais elle ne veut pas du tout se sécher les cheveux, donc elle met toujours un bonnet.;;;;;;;;;;;;;
523;Barbucheron;Bienveillant;Rang_E;370;94;138;181;50;Ce Yo-kai bûcheron n'a qu'une seule mission : perfectionner l'art de couper des arbres, les yeux fermés.;Ce Yo-kai bûcheron n'a qu'une seule mission : perfectionner l'art de couper les arbres, les yeux fermés.;Riz;Terre;Combattant;;;;;;;;;
524;Double croche;Bienveillant;Rang_E;295;46;172;93;162;Ces sœurs chantent en parfaite harmonie. Elles font pareil quand elles parlent, ce qui peut être assez... irritant.;Ces sœurs chantent en parfaite harmonie. Elles font pareil quand elles parlent, ce qui peut être assez... irritant.;Pasta;Restauration;Guérisseur;;Double crochevient de ladouble-croche, une figure de note de solfège.;;;;;;;
525;Afronaute;Bienveillant;Rang_D;380;61;206;153;80;Son rêve d'explorer l'espace tombe à l'eau, à cause de sa coupe afro qui ne rentre pas dans un casque d'astronaute.;Son rêve d'explorer l'espace tombe à l'eau, à cause de sa coupe afro qui ne rentre pas dans un casque d'astronaute.;Donut (1);Glace;Guérisseur;;Afronauteest un jeu de mots entreCoupe afroetAstronaute.;;;Afronaute a la faculté de flotter dans les airs, comme s'il était sur la Lune.;Afronaute est souvent dans la lune, en train de rêver de l'espace. Il est cependant très contrarié par le fait qu'il ne peut pas atteindre son rêve à cause de sa coiffure non adaptée aux casques d'astronautes.;;;
526;Charivariz;Bienveillant;Rang_D;339;40;190;150;133;Laisse une trainée de riz derrière lui. N'essaie pas de lui dire de nettoyer ou tu risques de te prendre du riz en pleine tête !;Laisse une traînée de riz derrière lui. N'essaie pas de lui dire de nettoyer ou tu risques de te prendre du riz en pleine tête !;Riz;Restauration;Guérisseur;;;;;Malgré tout le riz qu'il fait tomber, Charivariz en a toujours plus qui déborde de sa tête.;Charivariz est un Yo-kai avec le tournis. Il ne peut donc pas vraiment faire attention à son entourage.;;;
527;Optimiss;Bienveillant;Rang_D;314;46;187;105;168;Ce Yo-kai te remonte le moral en te rappelant que même si aujourd'hui est horrible, demain est un autre jour !;Surexcitée, elle est toujours prête à encourager tous les champions. Mais, quand se rendra-t-elle compte qu'elle a des salades entre les doigts ?;Crème Glacée;Restauration;Guérisseur;;Optimissvient demisset deoptimiste.;;;Optimiss a la capacité d'encourager quelqu'un à gagner le lendemain en cas d'échec aujourd'hui, ou de faire en sorte qu'une personne en encourage une autre dans ces mêmes conditions. Avant le match ou le défi, elle est juste ennuyeuse à cause de sa capacité à encourager uniquement demain au lieu d'aujourd'hui.;Optimiss est très optimiste et adore encourager quelqu'un. Elle peut également charmer les Yo-kai masculins.;;;
528;Fourchelangue;Bienveillant;Rang_C;406;170;208;80;69;Si tu as déjà balbutié devant plein de gens, c'est sûrement de sa faute.;Si tu as déjà balbutié devant plein de gens, c'est sûrement de sa faute.;Curry;Feu;Combattant;;Fourchelangueest une expression qui signifie que l'on balbutie trop a point de ne pas réussir à parler. Tongue-Twisterest une expression pour dire que l'on arrive pas à mettre les mots d'une phrase dans le bon ordre.;;;;;;;
529;Papana Split;Bienveillant;Rang_C;420;38;183;210;92;C'est le Yo-kai qui fait rester les papas au lit le dimanche, au lieu de jouer avec leurs enfants !;C’est le Yo-kai qui fait rester les papas au lit le dimanche, au lieu de jouer avec leurs enfants !;Crème Glacée;Restauration;Guérisseur;;Papana Splitvient dePapaet deBanana Split. Lazy Sundaevient deLazy(fatigué) et d'un jeu de mot entreSundaeetSunday(dimanche).;;;Il envoûte les pères et les rends très fatigués après avoir promis quelque chose pour qu'ils ne tiennent pas leur promesse.;Il est toujours fatigué et travaille en équipe avec d'autres Papana Split ainsi que ses chefs.;;;
530;Maudestique;Bienveillant;Rang_C;435;40;191;186;102;Une domestique qui met toujours de l'ardeur à la tâche, mais elle n'est pas tendre avec ses élèves.;Une domestique qui mettent toujours de l’ardeur à la tâche, mais elle n’est pas tendre avec ses élèves.;Pasta;Restauration;Guérisseur;;;;;Elle peut soigner les gens et s'occupe des tâches domestiques à une vitesse folle. Les personnes qu'elle envoûte font toutes les tâches ménagères dans les moindres détails.;Elle est très gentille et est toujours au service de ceux qui demandent. Quand elle enseigne quelque chose à quelqu'un, elle prend ça au sérieux !;;;
531;Papécolo;Bienveillant;Rang_C;349;110;163;129;143;Très concerné par l'environnement, ce Yo-kai réutilise tout. Il sèche même les mouchoirs déjà utilisés.;Très concerné par l'environnement, ce Yo-kai réutilise tout. Il sèche même les mouchoirs déjà utilisés.;Légumes;Restauration;Guérisseur;;;;;;;;;
532;Javabien;Bienveillant;Rang_B;419;127;183;37;192;Sa danse répand la joie partout où il passe. Attends un peu... Il me dit quelque chose...;Sa danse répand la joie partout où il passe. Attends un peu... Il me dit quelque chose...;Pizza;Restauration;Guérisseur;;;;;;;;;
533;Benjirouette;Bienveillant;Rang_D;350;96;158;64;177;Change d'avis comme de chemise, mais il met pas des chemises... Ceux qu'il envoûte sont indécis.;Il change d'avis comme de chemise, mais il met pas des chemises... Ceux qu'il envoûte sont indécis.;Légumes;Terre;Guérisseur;;;;;Malgré tous les courants d'airs et son équilibre médiocre, Benjirouette n'arrive pourtant jamais à tomber.;Malgré son envie de bien faire, Le fait qu'il change d'avis au moindre courant d'air ne l'aide pas à se faire des amis.;;;
534;Fluorence;Bienveillant;Rang_B;449;46;231;161;106;Cette noble dame protège les sourires radieux des maux de Dente. Il n'y a pas de quoi !;Cette noble dame protège les sourires radieux des maux deDente. Il n'y a pas de quoi !;Tempura;Restauration;Guérisseur;;Fluorencevient du prénomFlorenceet duFluor, un élément chimique que l'on peut trouver dans le dentifrice.;;;;;;;
535;Antoilette;Bienveillant;Rang_A;331;39;224;154;183;Passer sa vie dans un bain, ça a un prix, celui de toujours sentir merveilleusement bon.;Passer sa vie dans un bain, ça a un prix, celui de toujours sentir merveilleusement bon.;Crème Glacée;Eau;Guérisseur;;;;;Antoilette est capable d'émettre une magnifique odeur qui peut toucher toutes les personnes qui s'en approchent.;Antoilette est beaucoup plus ouverte que sa sous-évolutionBleunet de bainet aime maintenant mouiller ses cheveux.;;;
536;Maintendante;Bienveillant;Rang_A;357;57;254;133;164;La propriétaire d'une célèbre auberge Yo-kai. Son auberge est tellement bien, qu'elle peine à faire partir ses clients.;La propriétaire d'une célèbre auberge Yo-kai. Son auberge est tellement bien, qu'elle peine à faire partir ses clients.;Tempura;Restauration;Guérisseur;;;;;;;;;
537;Papy Charles;Bienveillant;Rang_S;404;51;256;211;140;Un intellectuel légendaire qui mène des recherches sur les Yo-kai. Il travaillerait sur une théorie de l'origine des espèces...;Un intellectuel légendaire qui mène des recherches sur les Yo-kai. Il travaillerait sur une théorie de l'origine des espèces...;Pizza;Restauration;Guérisseur;;;Papy Charlesest basé sur le célèbre Charles Darwin est un naturaliste et paléontologue anglais dont les travaux sur l'évolution des espèces vivantes ont révolutionné la biologie avec son ouvrage.;;;Il est très intelligent et travaille sur une théorie sur l'évolution.;;;
538;Survolt;Bienveillant;Rang_S;402;144;163;43;291;Ce Yo-kai va deux fois plus vite. Plus vite que quoi ? Deux fois plus vite que tout. Il ralentit juste pour lire des BD.;Ce Yo-kai va deux fois plus vite. Plus vite que quoi ? Deux fois plus vite que tout. Il ralentit juste pour lire des BD.;Pizza;Restauration;Guérisseur;;;;;;;;;
539;Supervolt;Bienveillant;Rang_S;385;180;114;34;318;Récemment passé maître en kung-fu supersonique, ce Yo-kai peut vaincre ses ennemis avant même qu'ils ne l'aient vu.;Récemment passé maître en kung-fu supersonique, ce Yo-kai peut vaincre ses ennemis avant même qu'ils ne l'aient vu.;Pizza;Restauration;Guérisseur;;;;;;;;;
540;Camélia;Vaillant;Rang_S;417;207;151;78;180;Née d'une fleur, la beauté de ce Yo-kai a gagné le cœur des gens, qui ont fait d'elle leur princesse.;Née d'une fleur, la beauté de ce Yo-kai a gagné le cœur des gens, qui ont fait d'elle leur princesse.;Soba;Restauration;Guérisseur;;Camélia vient d'une fleur du même nom (celle où elle est née). Étymologie du nom japonais: ? (tsubaki) veut dire fleur de camellia et ? (hime) veut dire princesse.;;;Elle peut soigner les gens et les Yo-kai et peut créer des fleurs.;Elle est très gentille et soigne les gens dans le besoin. Tout le monde l'aime et personne ne peut résister à sa beauté.;;;
541;Jiban. Liu Bei;;;;;;;;À l'instar des autres commandants, Jibanyan Liu Bei a fait le serment sacré de la barre de chocolat.;;;;;;;;;;;;;
542;Arbrézo;Sombre;Rang_E;397;183;56;173;43;Discret en personne, Arbrézo parle beaucoup en ligne, et chacun de ses mots fait pousser l'arbre sur sa tête.;Discret en personne, Arbrézo parle beaucoup en ligne, et chacun de ses mots fait pousser l'arbre sur sa tête.;Pizza;Terre;Ranger;;;;;;;;;
543;Auberchouine;Sombre;Rang_E;361;50;174;152;90;Ce Yo-kai est très frustré que les enfants n'aiment pas les aubergines, alors qu'en fait, c'est super bon !;Ce Yo-kai est très frustré que les enfants n'aiment pas les aubergines, alors qu'en fait, c'est super bon !;Pasta;Terre;Ranger;;Auberchouinevient d'Aubergineet deChouine(chouiner, version plus familière du verbe pleurer).;;;;;;;
544;Timouchar;Sombre;Rang_E;282;50;147;36;197;À cause de lui, les enfants enfreignent la règle primordiale de la cour d'école : ils deviennent des cafeteurs !;À cause de lui, les enfants enfreignent la règle primordiale de la cour d'école : ils deviennent des cafeteurs !;Jus;Absorption;Combattant;;;;;Timouchar est capable de rendre n'importe qui, enfant comme adulte, un rapporteur de ce que font les autres.;"Timouchar est un Yo-kai qui adore balancer les autres, lui donnant ainsi mauvaise réputation pour garder les secrets. De plus, durant le Chapitre 1 ""Les deux Yo-kai Watch"" (Ariane) dansYo-kai Watch 3, nous comprenons également qu'il est un mauvais perdant lors de la défaite contreAriane CélestinetUsapyon.";;;
545;Bazaronin;Sombre;Rang_E;328;152;81;54;175;Ce sont les Bazaronin qui mettent le bazar dans les chambres d'enfants. Une chance que les Samoussrai soient là pour ranger.;Ce sont les Bazaronin qui mettent le bazar dans les chambres d'enfants. Une chance que les Samoussrai soient là pour ranger.;Donut (1);Feu;Ranger;;BazaroninvientdeBazar(désordre) et deronin(un samouraï sans maître) Salmouraïvient deSale(qui n'est pas propre) et desamouraï(guerrier Japonais);;;Il n'est jamais seul. En équipe, les Bazaronin peuvent rendre une pièce très sale en un claquement de doigt.;Contrairement aux Samoussraï, les Bazaronin adorent mettre le bazar et la saleté partout où ils passent.;;;
546;Indexter;Sombre;Rang_D;356;46;189;160;113;Ce Yo-kai surgit de nulle part, dans les ordinateurs des gens, pour leur donner d'obscurs faits sur le monde de l'informatique.;Ce Yo-kai surgit de nulle part, dans les ordinateurs des gens, pour leur donner d'obscurs faits sur le monde de l'informatique.;Pizza;Absorption;Ranger;;;;;Indexter est capable de naviguer d'ordinateur en ordinateur sans problème à travers le net. Il est capable de trouver des informations sur Internet, même perdues.;Indexter est un geek renfermé sur lui-même, ne vivant que grâce aux technologies. Il possède de très grandes connaissances liées à l'informatique.;;;
547;Usapyon;Sombre;Rang_B;389;215;62;113;143;Ce Yo-kai Merican rêve de devenir un cowboy de l'espace. Énerve-le, et il passera en Mode Envahisseur.;Ce Yo-kai Merican rêve de devenir un cowboy de l'espace. Énerve-le, et il passera en Mode Envahisseur.;Donut (1);Glace;Combattant;;"Usapyonest une combinaison deUSA(Etats-unis d'Amérique) et d'uso-pyon(? ? ? ? ?,""psych!""). C'est aussi une combinaison d'usagi(japonais:?""lapin"") et depyon(japonais:? ? ?onomatopée pour un saut de lapin).";;;Il se sert beaucoup de son pistolet pour combattre ses ennemis mais passe aussi en modeEnvahisseurquand il est très énervé. Pour passer en modeEnvahisseur, il doit presser deux boutons se trouvant sous son casque. Pour passer en modeEmpereur, il doit être en modeEnvahisseuret appuyer sur deux boutons se trouvant sur le dessus de son casque.;Il est assez colérique en particulier à cause d'Ariane mais quand il est calme, il est fidèle et sympathique.;;;
548;Tête de lard;Sombre;Rang_D;387;52;205;130;111;Plus cette tranche de bacon s'énerve, plus elle devient croustillante. Et plus ça croustille, plus c'est bon.;Plus cette tranche de bacon s'énerve, plus elle devient croustillante. Et plus ça croustille, plus c'est bon .;Hot dog;Feu;Combattant;;;;;;Tête de lard est un Yo-kai colérique qui s'énerve pour un rien. Le moindre problème peut le faire s'enrager.;;;
549;Flagesté;Sombre;Rang_C;407;195;58;141;128;Un Yo-kai qui se blâme pour tous ses échecs... et qui se réjouit quand les autres sont dans la panade.;Yo-kai qui se blâme pour tous ses échecs... et qui se réjouit quand les autres sont dans la panade.;Sushi;Glace;Ranger;;;;;;Flagesté est un Yo-kai toujours malheureux de ses erreurs, mais il éclate de rire quand quelqu'un d'autre fait une erreur.;;;
550;Escrocorico;Sombre;Rang_C;351;84;206;57;177;Escrocorico adore escroquer les gens, il est tout le temps à la recherche de sa prochaine escroquerie.;Escrocorico adore escroquer les gens, il est tout le temps à la recherche de sa prochaine escroquerie.;Pizza;Absorption;Ranger;;;;;Escrocorico ne possède pas réellement des pouvoirs, sauf si l'on compte son talent pour l'arnaque et sa capacité à disparaitre le plus vite possible lorsque les personnes se rendent compte de la supercherie.;Escrocorico est un Yo-kai avare et menteur. Il a toujours une arnaque sous la main pour piquer l'argent des autres.;;;
551;Rocky Badboya;Sombre;Rang_C;404;219;34;91;164;Depuis que Rocky a perdu son combat, il s'assure de réaliser les cauchemars de tout le monde...;Depuis que Rocky a perdu son combat, il s'assure de réaliser les cauchemars de tout le monde...;Hot dog;Glace;Combattant;;Rocky Badboyavient deBad-boyet du célèbre boxeur de fictionRocky Balboa.;;;Rocky Badboya provoque le pire résultat auquel ceux envoûtés peuvent penser. Comme la plupart des Yo-kai, même lui n'est pas au-dessus de l'effet de son propre pouvoir.;;;;
552;Charlognard;Sombre;Rang_C;426;124;164;95;133;Un journaliste intrépide qui se précipite sur les lieux au moindre accident, pour en tirer un article choquant qui fera les gros titres.;Un journaliste intrépide qui se précipite sur les lieux au moindre accident, pour en tirer un article choquant qui fera les gros titres.;Crème Glacée;Absorption;Ranger;;;;;Charlognard ne possède pas de pouvoirs particuliers, sauf si l'on compte son talent pour flairer le on scoop.;Charlognard est un Yo-kai prêt à tout pour un scoop. Il a souvent la mauvaise habitude de mettre son nez dans ce qui ne le regarde pas, comme le montre sa béquille.;;;
553;TuKappa;Sombre;Rang_B;418;116;231;51;156;Ce Kappa a fait sensation dans le monde du hip-hop aux USA. Il est désormais le plus grand rappeur Yo-kai.;Ce Kappa a fait sensation dans le monde du hip-hop aux USA. Il est désormais le plus grand rappeur Yo-kai.;Hamburger;Eau;Combattant;;;;;;;;;
554;Persépoil;Sinistre;Rang_B;459;166;111;189;75;Ce Yo-kai adore perdre ses poils dans les endroits les plus incongrus, laissant les gens qu'il envoûte perplexes.;Ce Yo-kai adore perdre ses poils dans les endroits les plus incongrus, laissant les gens qu'il envoûte perplexes.;Légumes;Glace;Tank;;;;;Il fait tomber et disperser les cheveux et les poils des humains et des Yo-kai qu'il envoûte.;;;;
555;Arbrézo social;;;;;;;;À force de poster autant de choses en ligne, l'arbre d'Arbrézo a tellement grandi, qu'il a désormais tout un tas d'oiseaux.;À force de poster autant de choses en ligne, l'arbre d'Arbrézo a tellement grandi, qu'il a désormais tout un tas d'oiseaux.;Pizza;Terre;Ranger;;;;;;;;;
556;Sinécureuil;Sombre;Rang_B;384;242;85;44;179;Ce Yo-kai se fatigue rapidement de tout. Il préfère plutôt se relaxer et ne jamais en faire trop.;Ce Yo-kai se fatigue rapidement de tout. Il préfère plutôt se relaxer et ne jamais en faire trop.;Donut (1);Foudre;Combattant;;Sinécureuilvient deSinécure(travail où on est bien payé sans avoir à fournir beaucoup d'efforts) et d'Écureuil.;;;;Sinécureuil se fatigue facilement de tout et préfère se relaxer.;;;
557;M. Orthogaffe;Sombre;Rang_C;382;128;205;43;154;Se Yo-kai mais des fotes parrtou. Fais atension a lui... où il te ferra avoire dès movaises nautes a tes controlles.;Se Yo-kai mais des fotes parrtou. Fais atension a lui... où il te ferra avoire dès movaises nautes a tes controlles.;Tempura;Absorption;Ranger;;M. Orthogaffevient de laOrtographeet deGaffe.;;;Les personnes qu'il envoûte se mettent à faire des fautes d'orthographe à chaque fois qu'ils écrivent. Il peut également créer des fautes sur des textes, comme des panneaux ou des livres.;Ce Yo-kai vit comme n'importe quel humain : il a besoin de manger, de se reposer...;;;
558;Hacksel;Sombre;Rang_A;462;48;220;186;122;Indexter est devenu le roi des hackers ! Aucun appareil électronique n'est à l'abri !;Indexter est devenu le roi des hackers ! Aucun appareil électronique n'est à l'abri !;Pizza;Absorption;Ranger;;;;;Hacksel est capable de hacker le moindre appareil électronique sans aucune difficulté.;Même après être devenu le roi des hackers, Hacksel reste un énorme geek.;;;
559;Dr Néant;Sombre;Rang_S;448;131;251;65;178;Tellement absorbé par ses recherches, ce professeur en est devenu un Yo-kai ! Il travaille sur un produit qui réduit tout à néant.;Tellement absorbé par ses recherches, ce professeur en est devenu un Yo-kai ! Il travaille sur un produit qui réduit tout à néant.;Tempura;Absorption;Ranger;;Dr Néantvient deDr, l'abréviation de Docteur et deNéant. Dr. E. Raservient deDr., et deE. Raser(Eraser) qui signifie effacer en anglais.;;;Il peut créer plein de potions différentes capables de causer beaucoup d'effets mais il travaille surtout sur une potion capable de détruire toute matière.;Il est tellement absorbé par ses recherches qu'il en oublie presque tout ce qui l'entoure. Il est déterminé pour créer tout ce qu'il imagine.;;;
560;Dr Crépuscule;Sombre;Rang_S;460;74;234;148;165;Ce docteur talentueux a une relation compliquée avec son père, qui est également un docteur de renom.;Ce docteur talentueux a une relation compliquée avec son père, qui est lui aussi un médecin de renom.;Tempura;Absorption;;;Dr Crépusculevient deDr, l'abréviation de docteur et deCrépuscule, en référence à son nom de famille.;;;Il a de très grandes connaissances en médecine et est capable de maitriser une sorte de flamme verte.;Dr Crépuscule est un Yo-kai très sérieux par rapport à son métier. Il a cependant toujours des problèmes de relations avec son père, leDr.Jobard.;;;
561;Entout' Hâtila;Sombre;Rang_S;372;359;37;92;282;Ses employés travaillent sans relâche pour que ce Yo-kai n'attende jamais, même pas une seconde. Jamais, jamais.;Ses employés travaillent sans relâche pour que ce Yo-kai n'attende jamais, même pas une seconde. Jamais, jamais.;Curry;Vent;Combattant;;;;;;;;;
562;Les frères Topla;;;;;;;;Tu vois ce moment où tu trouves enfin la technique pour faire quelque chose ? Dis-leur merci !;Tu vois ce moment où tu trouves enfin la technique pour faire quelque chose ? Dis-leur merci !;Hot dog;Eau;Guérisseur;;"Les frères Toplavient de l'expression ""Top là !"".";;;;;;;
563;Cravat'en;Sinistre;Rang_E;282;53;149;72;179;Envoûte ceux qui travaillent dur, leur donnant l'envie irrésistible de rentrer à la maison.;Envoûte deux qui travaillent dur, leur donnant l'envie irrésistible de rentrer à la maison.;Lait;Feu;Ranger;;Cravat'enest un mot-valise entreCravateetVa-t-en(utilisé pour ordonner à quelqu'un de s'en aller).;;;Ceux qui sont envoûtés par Cravat'en auront une envie soudaine de rentrer chez eux.;;;;
564;Théopportun;Sinistre;Rang_E;355;38;153;182;95;Ouah ! Tu lis même ce genre de petits détails ? Sérieux, tu m'impressionnes là, tellement que je ne sais plus quoi dire...;Ouah ! Tu lis même ce genre de petits détails ? Sérieux, tu m'impressionnes là, tellement que je ne sais plus quoi dire...;Riz;Absorption;Ranger;;;;;Théopportun fait en sorte que les gens flattent les autres sans fin, les obligeant à utiliser des compliments ou des cadeaux pour obtenir l’approbation de ceux qu’ils flattent.;Théopportun est un Yo-kai qui adore flatter les autres.;;;
565;Déshirley;Sinistre;Rang_E;334;73;170;42;176;Une lettre d'amour déchirée, dont la rage l'a transformée en Yo-kai. Adore déchirer les documents importants.;Une lettre d'amour déchirée, dont la rage l'a transformée en Yo-kai. Adore déchirer les documents importants.;Hamburger;Absorption;Ranger;;Déshirleyvient du verbedéchireret du prénomShirley.;;;Déshirley fait déchirer les choses.;;;;
566;Maindécis;Sinistre;Rang_E;316;186;50;88;143;Ce Yo-kai change d'avis à chaque fois qu'il se lave les mains. Sa poignée de main est tout aussi indécise.;Ce Yo-kai change d'avis à chaque fois qu'il se lave les mains. Sa poignée de main est tout aussi indécise.;Hot dog;Foudre;Combattant;;Maindécisest un mot-valise entreMainetIndécis.;;;;;;;
567;Crassiella;Sinistre;Rang_D;312;59;200;98;149;Envieuse de tout ce qui est blanc comme neige, c'est ce Yo-kai qui fait virer au jaune tous tes habits blancs.;Envieuse de tout ce qui est blanc comme neige, c'est ce Yo-kai qui fait virer au jaune tous tes habits blancs.;Crème Glacée;Absorption;Ranger;;;;;;Crassiella est un Yo-kai envieux des choses blanches, elle devient alors jalouse et fait jaunir ces choses.;;;
568;Werner Avif;Sinistre;Rang_D;348;188;40;106;162;Bien qu'il ne se passe jamais rien dans sa ville, ce shérif Yo-kai est constamment rongé par l'angoisse.;Bien qu'il ne se passe jamais rien dans sa ville, ce shérif Yo-kai est constamment rongé par l'angoisse.;Hot dog;Glace;Combattant;;;;;Werner Avif a la capacité de rendre la personne qu'il envoûte extrêmement anxieuse. Il peut également léviter et il sait manier un revolver.;Werner Avif est un Yo-kai très anxieux, même si rien de grave ne se passe. Il a aussi extrêmement peur de tout, même de son propre revolver.;;;
569;Rengainaël;Sinistre;Rang_D;391;181;56;181;79;Marre de demander quelque chose à ton père, pour qu'il te dise de demander à ta mère ? On tient le coupable !;Marre de demander quelque chose à ton père, pour qu'il te dise de demander à ta mère ? On tient le coupable !;Tempura;Terre;Ranger;;Rengainaëlvient deRengaineet deGuénaël(prénom).;;;"Les personnes qu'il envoûte font passer les autres d'une personne à l'autre. Par exemple, le père dit""Va demander à ta mère !""et celle-ci dit""Va demander à ton père !"".";Il est toujours grincheux et ne veut parler à personne. Il adore faire tourner les gens en bourrique.;;;
570;Seulimane;Sinistre;Rang_C;397;46;213;124;142;Ce Yo-kai solitaire est très fier de se débrouiller tout seul. Parfois c'est bien d'être seul, non ?;Ce Yo-kai solitaire est très fier de se débrouiller tout seul. Parfois c'est bien d'être seul, non ?;Oden;Foudre;Combattant;;;;;;;;;
571;Maracraque;Sinistre;Rang_C;342;93;163;40;205;Se met à chanter et à danser dès qu'il est stressé, et ça arrive vraiment souvent.;Il se met à chanter et à danser dès qu'il est stressé, et ça arrive vraiment souvent.;Fruits de Mer;Absorption;Ranger;;;;;Quiconque est envoûté par Maracraque devient tellement stressé qu'il ne peut s'empêcher de paniquer.;Maracraque est stressé en permanence, ce qui le fait chanter et danser.;;;
572;Taï basse;Sinistre;Rang_C;421;224;38;167;89;Ce panda débraillé maintient qu'il ne fait que suivre la mode. C'est pas juste parce que c'est une feignasse...;Ce panda débraillé maintient qu'il ne fait que suivre la mode. C'est pas juste parce que c'est une feignasse...;Pizza;Eau;Tank;;;;;;;;;
573;Javamal;Sinistre;Rang_B;383;43;177;71;231;La malchance frappe tous ceux qui se font avoir par la danse légendaire de ce Yo-kai.;La malchance frappe tous ceux qui se font avoir par la danse légendaire de ce Yo-kai.;Pizza;Absorption;Ranger;;Javamalvient de la danseJavaet deJe vais mal.;;;Javamal ne possède pas de pouvoirs connus à ce jour.;Javamal est un Yo-kai assez dépressif qui a cependant beaucoup d'espoirs.;;;
574;Kœud;Mystérieux;Rang_D;400;42;153;220;74;Il aide les gens à sortir de leur coquille en les envoûtant... Mais sa coquille à lui est complètement vide !;Il aide les gens à sortir de leur coquille en les envoûtant... Mais sa coquille à lui est complètement vide !;Pain;Glace;Ranger;;;;;Lorsque Kœud envoûte une personne, cette dernière ne se cache plus et décide de s'ouvrir aux autres.;;;;
575;Malocœur;Sinistre;Rang_B;422;40;232;83;183;Il envoûte les véhicules, leur faisant faire des embardées. Les passagers se sentent vraiment pas bien... Et si on ouvrait la fenêtre ?;Il envoûte les véhicules, leur faisant faire des embardées. Les passagers se sentent vraiment pas bien... Et si on ouvrait la fenêtre ?;Pasta;Absorption;Ranger;;;;;Ceux qui sont envoûtés par Malocœur ont le mal des transports.;;;;
576;Triopportun;Sinistre;Rang_A;431;48;216;169;153;À force d'encenser tout le monde ensemble, ils sont devenus inséparables. C'en est presque... attachant.;À force d'encenser tout le monde ensemble, ils sont devenus inséparables. C'en est presque... attachant.;Riz;Absorption;Guérisseur;;;;;Lorsqu'une personne est envoûtée par Triopportun, elle ne fera que flatter toutes les personnes qu'elle croisera.;Triopportun est simplement unThéopportunfois 3, il flatte donc 3 fois plus.;;;
577;Hadespote;Sinistre;Rang_A;450;240;44;126;170;Ce despote prend des décisions sans faire aucun cas des autres ! Fonctionne bien avec les gens indécis.;Ce despote prend des décisions sans faire aucun cas des autres ! Fonctionne bien avec les gens indécis.;Sushi;Foudre;Combattant;;Hadespotevient deHadès(dieu des Enfers dans la mythologie grecque) et deDespote(personne qui exerce une domination sur son entourage).;;;Toute personne envoûtée par Hadespote effectuera des actions sans hésitation.;;;;
578;Jean-Mèchel;Sinistre;Rang_A;473;191;46;267;69;Il a l'air terrifiant, mais il est en fait super sympa. Il ne ferait pas de mal à une mouche.;Il a l'air terrifiant, mais il est en fait super sympa. Il ne ferait pas de mal à une mouche.;Tempura;Terre;Tank;;Jean-Mèchelvient du prénomJean-Michelet deMèchebande de cheveux séparée du reste de la chevelure.;En tant que Yo-kai Classique il est inspiré d'un véritable yôkai japonais l'Otoroshi(qui est son nom japonais) une créature velue assise en haut des toriis (portail traditionnel japonais érigé à l'entrée d'un sanctuaire shintoïste) et dont on pense qu'elle est la gardienne du sanctuaire.;;Il peut utiliser ses pouvoirs terrestres et c'est principalement avec ça qu'il se bat.;Il paraît effrayant mais malgré son apparence il est très gentil.;;;
579;Oridjinn;Sinistre;Rang_S;654;48;190;224;100;Il serait à l'origine de tous les Yo-kai. Il croit au pouvoir de la simplicité, c'est pour ça qu'il est toujours tout nu...;Il serait à l'origine de tous les Yo-kai. Il croit au pouvoir de la simplicité, c'est pour ça qu'il est toujours tout nu...;Pizza;Absorption;Combattant;;Oridjinnvient d'Origineet deDjinn.;;;;;;;
580;Horridjinn;Sinistre;Rang_S;576;61;226;180;119;Le mal qui résidait dans les tréfonds d'Oridjinn a pris la forme d'une ombre fantasmagorique.;Le mal qui résidait dans les tréfonds d'Oridjinn a pris la forme d'une ombre fantasmagorique.;Pizza;Absorption;Combattant;;Horridjinnvient deHorreuret deOridjinn, venant lui-même deOrigineet deDjinn.;;;Il semble manipuler des pouvoirs cosmiques très puissants.;Très sombre et mystérieux, il aime faire des frayeurs à ceux qui l'entourent. Il est très difficile de lire en lui.;;;
581;Carquentin;Sinistre;Rang_E;380;53;204;145;58;Ne fais pas de compliments à ce Yo-kai, ou il s'accrochera désespérément à toi, et tu ne pourras plus bouger.;Ne fais pas de compliments à ce Yo-kai, ou il s'accrochera désespérement à toi, et tu ne pourras plus bouger.;Crème Glacée;Absorption;Ranger;;Carquentinvient deCarcan(collier servant à immobiliser les prisonniers) et deQuentin.;;;Les gens qu'il envoûte sont las et fatigués. Il s'agrippe à eux, les rendant plus lourd et les faisant transpirer.;Il est très fainéant et préfère grimper sur les gens plutôt qu'avoir à marcher.;;;
582;Outransss;Insaisissable;Rang_E;291;188;39;96;151;Ceux qui sont envoûtés par Outransss poussent toujours le bouchon trop loin, et se mettent leurs amis à dos.;Ceux qui sont envoûtés par Outransss poussent toujours le bouchon trop loin, et se mettent leurs amis à dos.;Pasta;Foudre;Combattant;;Outransssvient du motOutranceet deSss...le cri du serpent.;;;Les personnes qu'il envoûte cassent l'ambiance quand les gens prévoient des choses.;Il est très optimiste et ne pense pas aux problèmes.;;;
583;Thépacap;Insaisissable;Rang_E;338;186;44;138;105;Une théière qui a passé les 100 dernières années à essayer de trouver le courage de faire le grand saut...;Une théière qui a passé les 100 dernières années à essayer de trouver le courage de faire le grand saut...;Jus;Eau;Guérisseur;;;;;;;;;
584;Marceauterelle;Mignon;Rang_E;328;156;37;95;168;Il erre au hasard, vivant de ses talents de mime. Criquetif n'arrête pas de lui dire de se trouver un vrai job.;Il erre au hasard, vivant de ses talents de mime.Criquetifn'arrête pas de lui dire de se trouver un vrai job.;Légumes;Vent;Ranger;;;;;;;;;
585;Escarcool;Insaisissable;Rang_E;357;42;197;164;64;Ce Yo-kai veut juste croquer la vie à pleine dents. Et forcément, ça prend du temps quand on a pas de dents...;Ce Yo-kai veut juste croquer la vie à pleine dents. Et forcément, ça prend du temps quand on a pas de dents...;Fruits de Mer;Eau;Tank;;;;;Ceux qu'il envoûte font les choses à un rythme plus lent.;;;;
586;Ébobby;;;;;;;;Les gens sont toujours étonnés de voir ce Yo-kai... mais certainement moins étonnés que lui.;Les gens sont toujours étonnés de voir ce Yo-kai... mais certainement moins étonnés que lui.;Viande;Eau;Combattant;;Ébobby vient du prénom Bobby. OMGator vient de OMG, l’abréviation de Oh My God (Oh Mon Dieu) et de Gator, qui vient de Alligator.;;;Les personnes qu'il envoûte deviennent aussi étonnées que lui.;Il est toujours étonné de tout ce qui pourrait causer sa mort mais pourtant, face au tonnerre deTontonerre, il est resté calme.;;;
587;Tyragédie;Insaisissable;Rang_D;389;226;37;124;101;Un bébé dinosaure tout mignon et curieux qui ne se rend pas compte de sa force, mais alors, pas du tout...;Un bébé dinosaure tout mignon et curieux qui ne se rend pas compte de sa force, mais alors, pas du tout...;Hot dog;Terre;Tank;;Tyragédievient deTyrannosaureet detragédie.;;;;Il est très curieux et ne se rend pas compte de sa force.;;;
588;Céfasslopode;Insaisissable;Rang_D;422;125;56;211;86;Un Yo-kai ancien qui n'a plus rien à perdre... à part sa coquille...;Un Yo-kai ancien qui n'a plus rien à perdre… à part sa coquille…;Fruits de Mer;Eau;Tank;;;;;Lorsqu'une personne est envoûtée par Céfasslopode, elle se dit qu'elle n'a plus rien à perdre et fait ce qui lui donne envie.;Pour Céfasslopode, il n'a plus rien a perdre et fait ce qu'il veut. C'est sa devise et sa manière de vivre.;;;
589;Barbuzz;Insaisissable;Rang_D;314;39;190;110;157;Un producteur énergétique que tout le monde a du mal à comprendre, à cause de son jargon trop showbiz.;Un producteur énergétique que tout le monde a du mal à comprendre, à cause de son jargon trop showbiz.;Tempura;Eau;Combattant;;;;;;Barbuzz est un Yo-kai prétentieux influenceur. Il aime faire son intéressant.;;;
590;Criquetif;Insaisissable;Rang_C;350;149;79;108;188;Il estime que sa coupe de cheveux a trop la classe, et il incite tout le monde à avoir la même.;Il estime que sa coupe de cheveux a trop la classe, et il incite tout le monde à avoir la même.;Bonbons;Vent;Combattant;;Criquetifvient decriquet(un insecte) et detif, un mot familier synonyme de cheveu.;;;;;;;
591;Bobdruche;Vaillant;Rang_B;510;206;71;160;86;Malgré toutes ses bravades, il a en fait un tout petit peu le vertige, donc il vole bas.;Malgré toutes ses bravades, il a en fait un tout petit peu le vertige, donc il vole bas.;Hot dog;Feu;Combattant;;Bobdruchevient du prénomBobet debaudruche.;;;;Bobdruche est très égocentrique et ne fait que se vanter.;;;
592;Poulpulaire;Insaisissable;Rang_C;408;207;39;122;154;Ceux qu'il envoûte deviennent extrêmement populaires, et attirent l'attention de tous les côtés.;Ceux qu'il envoûte deviennent extrêmement populaires, et attirent l'attention de tous les côtés.;Fruits de Mer;Eau;Combattant;;Poulpulairevient dePoulpeet dePopulaire.;;;Ceux qu'il envoûte deviennent extrêmement populaires et attirent l'attention.;;;;
593;Médisansss;Insaisissable;Rang_B;418;229;42;100;167;Outransss est tout en bas de la mauvaise pente. Il crache son venin sans aucune retenue.;Outransss est tout en bas de la mauvaise pente. Il crache son venin sans aucune retenue.;Pasta;Foudre;Combattant;;Médisansssvient du motMédisanceet deSss...le cri du serpent.;;;Les personnes qu'il envoûte critiquent tout le monde sans retenue.;;;;
594;Poulpétard;Insaisissable;Rang_C;372;45;197;111;164;Un poulpe frit pas content qu'un chef l'ai fait tomber par terre. Sa colère l'a transformé en Yo-kai.;Un poulpe frit pas content qu'un chef l'ai fait tomber par terre. Sa colère l'a transformé en Yo-kai.;Fruits de Mer;Feu;Combattant;;"Poulpétardvient dePoulpeetPétard. Takouramisignifie littéralement ""rancune de pieuvre"", en référence aux morceaux de pieuvre hachés sur le bas de son corps qui ne seront jamais devenus du takoyaki.";;;;;;;
595;Agraisseur;Insaisissable;Rang_B;527;87;156;202;76;Agraisseur adore l'expression « en parlant du loup ». Du coup, maintenant, il essaie de créer sa propre expression.;Agraisseur adore l'expression «en parlant du loup». Du coup, maintenant, il essaie de créer sa propre expression.;Tempura;Glace;Tank;;Agraisseurvient d'Agresseuret deGraisse.;Agraisseur s'inspire de l’abura-sumashi(« presseur d’huile »), un youkai qui vivrait à Kumamoto. Les abura-sumashi sont dans la légende des fantômes de personnes qui ont volé de l’huile et se sont échappés dans les bois : à l’époque, l’huile était extraite des graines de thé et très difficile à produire, faisant du vol d’huile un crime grave.;;;;;;
596;Clic-bull;;;;;;;;Ce Yo-kai chiot adore appuyer sur des boutons. Particulièrement les gros boutons rouges qui ont l'air dangereux...;Ce Yo-kai chiot adore appuyer sur des boutons. Particulièrement sur les gros boutons rouges qui ont l'air dangereux...;Hot dog;Restauration;Guérisseur;;;;;N'importe quel personne envoutée par Clic-bull désirera cliquer sur n'importe quelle sorte de bouton.;;;;
597;Diegoïste;Insaisissable;Rang_A;446;41;266;170;104;Un Yo-kai qui veut faire les choses à sa manière, même si ça lui rend la vie difficile.;Un Yo-kai qui veut faire les choses à sa manière, même si ça lui rend la vie difficile.;Sushi;Eau;Combattant;;Diegoïstevient du prénomDiegoet d'Égoïste.;;;;;;;
598;Catastrosaure;Insaisissable;Rang_S;486;276;41;170;126;Tyragédie a bien grandi. Il se sert désormais de sa force incroyable pour tout détruire sur son passage.;Tyragédiea bien grandi. Il se sert désormais de sa force incroyable pour tout détruire sur son passage.;Hot dog;Terre;Tank;;Catastrosaurevient deCatastropheet deDinosaure. Nom Japonais : D-rexvient deDestructionet deT-Rex. Nom Anglais : D-stroyvient deDestroy(Détruire en anglais).;;;Avec ses pieds, il peut taper tellement fort que ça peut aller jusqu'à créer un tremblement de terre. Les personnes qu'il envoûte voient leur force décuplée;Il est devenu plus sérieux qu'avant et adore tout casser. Il aime se confronter à des ennemis plus forts que lui pour prouver sa valeur.;;;
599;Godichezilla;Insaisissable;Rang_S;514;253;49;194;109;Ce dinosaure maladroit essaie de protéger sa ville, mais finit toujours par faire plus de mal que de bien.;Ce dinosaure maladroit essaie de protéger sa ville, mais finit toujours par faire plus de mal que de bien.;Hot dog;Terre;Tank;;;;;;;;;
600;Entraînette;Insaisissable;Rang_S;461;42;261;155;163;Ce Yo-kai bienveillant guide les âmes de ceux qui ont trépassé.;Ce Yo-kai bienveillant guide les âmes de ceux qui ont trépassé.;Sushi;Restauration;Guérisseur;;Entraînettevient d'Entraîner/Entraînement, action d'entraîner quelqu'un, et deRainette,petite grenouille arboricole, aux doigts munis de ventouses.;En tant que Yo-kai Classique, Entraînette est inspiré d'un vrai yôkai japonais : leSenpoku-kanpokuune grenouille à visage humain guidant les âmes nouvellement décédées vers le cimetière.;;Il peut guérir et guider les âmes dans l'obscurité grâce à son lampion.;Il est très gentil et aime guider les âmes des défunts.;;;
601;Corailline;Mignon;Rang_S;461;43;227;134;240;Cette belle princesse se prélasse dans le palais du dragon au fin fond de l'océan.;Cette belle princesse se prélasse dans le palais du dragon au fin fond de l'océan.;Sushi;Eau;Guérisseur;;Coraillinevient duCorailet du prénomCoraline.;;;Dans le dessin animé, ceux qui sont envoûtés par Corailline deviennent soudainement hospitaliers.;;;;
602;Asura;Vaillant;Rang_S;490;275;36;168;173;Le carnage suit à la trace ce Yo-kai assoiffé de guerre. Toujours en colère et toujours chaud pour la bagarre.;Le carnage suit à la trace ce Yo-kai assoiffé de guerre. Toujours en colère et toujours chaud pour la bagarre.;Viande;Feu;Combattant;;Le nom d'Asura est basé sur le groupe d'entités bouddhistes du même nom (japonais : ??? Ashura).;Dans les histoires japonaises, les Ashura sont des êtres divins qui sont sur la frontière entre démon et dieu, connus pour leur fierté, leur passion intense, leur soif de bataille et leur tempérament de feu. Bien qu'ils soient inclus dans le panthéon bouddhiste, ils sont liés par des désirs terrestres encore plus fortement que les humains et, en tant que tels, luttent pour atteindre l'illumination, piégés dans le plan le plus bas du ciel où ils se battent entre eux jour et nuit. Néanmoins, ils peuvent être aussi justes et bienveillants que les autres dieux bouddhistes. Traditionnellement, ils sont représentés comme des êtres imposants aux yeux féroces avec trois visages et six bras.;;;Sa description dit que Asura est toujours en colère et prêt à se battre.;;;
603;Saincope;Sinistre;Rang_S;508;45;281;180;141;Ce Yo-kai aide les gens à se reposer quand ils sont épuisés. Mais il y a un prix à payer...;Ce Yo-kai aide les gens à se reposer quand ils sont épuisés. Mais il y a un prix à payer...;Oden;Absorption;Ranger;;;;;Saincope a le pouvoir de plonger les gens en léthargie.;;;;
604;Koalanyan;;;;;;;;;Qui aurait cru qu'appuyer sur son nez tout mignon ferait ÇA ?!;Sushi;Restauration;Guérisseur;;Koalanyanvient deKoalaet deNyan(Jibanyan/Cri du chat en japonais).;;;Il a la capacité de transporter lui-même et d'autres personnes entre le monde réel et le monde cartoon à travers une simple tape sur le nez.;Il est très gentil et très amical. Il adore danser et a inventé son propre style : lePuku Puku.;;;
605;Orckerberg;;;;;;;;;;;;;;;;;;;;;
606;Empl. Yopple;;;;;;;;;;;;;;;;;;;;;
607;Cherch. Yopple;;;;;;;;;;;;;;;;;;;;;
608;Salar. Yopple;;;;;;;;;;;;;;;;;;;;;
609;Début. Yopple;;;;;;;;;;;;;;;;;;;;;
610;Chef Yopple;;;;;;;;;;;;;;;;;;;;;
611;Terminyanator;Costaud;Rang_A;352;192;49;273;186;Ce chat Yo-kai se prend pour un cyborg venu du futur pour sauver l'humanité.;;;;;;;;;;;;;
612;Usap. Zhongda;;;;;;;;Son destin est entremêlé avec celui du grand stratège, Whisper Kongming.;;;;;;;;;;;;;
613;Sushinyan;Mignon;Rang_A;390;179;43;98;237;Le sushi au thon attaché à sa tête est tellement bien attaché, qu'on ne peut pas le manger.;Le sushi au thon attaché à sa tête est tellement bien attaché, qu'on ne peut pas le manger.;Sushi;Feu;Combattant;;Sushinyanvient desushi(plat traditionnel japonais) et denyan, l'onomatopée japonaise pour le cri du chat.;;;;Sushinyan a la même personnalité que Jibanyan, mais il semble plus énergique.;;;
614;Tempurasan;Mignon;Rang_A;397;40;241;123;180;Komasan a failli finir en tempura alors qu'il admirait, d'un peu trop près, un chef à l'ouvrage.;Komasan a failli finir en tempura alors qu'il admirait, d'un peu trop près, un chef à l'ouvrage.;Tempura;Feu;Combattant;;Tempurasanvient detempura(plat traditionnel japonais) et deKomasan.;;;;Tempurasan a la même personnalité que Komasan, mais il semble plus énergique.;;;
615;Der. Nyanmuraï;;;;;;;;Endure tout défi avec bravoure, mais il est un peu trop enclin à se sentir déshonoré à la moindre erreur.;;;;;;;;;;;;;
616;Platinos;Costaud;Rang_S;535;141;37;260;180;Cet oni a vraiment pris son entraînement au sérieux. Grâce à ça, il est passé platine.;Cet oni a vraiment pris son entraînement au sérieux. Grâce à ça, il est passé platine.;Pizza;Foudre;Tank;;Platinos vient de Platine (matériau) et de Oni, créatures telles queGargarosouOrqanosdans Yokai Watch. Platinos vient de Platine (matériau) et de Os (syllabe à la fin de Gargaros, Ogralos...).;;;Sa force physique immense lui permet de bouger rapidement malgré son corps incroyablement lourd, il peut détruire n'importe quoi avec sa massue.;Il détruit tout sur son chemin ! Une vraie machine de guerre ! Cependant, il peut être amical si vous ne l'énervez pas !;;;
617;Komastar;Mystérieux;Rang_S;423;37;208;112;246;Avec son sourire radieux, ce Yo-kai aide les gens à prendre la parole en public.;Avec son sourire radieux, ce Yo-kai aide les gens à prendre la parole en public.;Crème Glacée;Foudre;Combattant;;Komastarvient deKomainuetStar(Étoile en anglais). Komasansationvient deKomainuet deSensation.;;;Il peut manipuler les étoiles et en faire atterrir sur ses ennemis.;Il est très fidèle et est fier de sa puissance. Il dépasse toujours ses limites quand il combat vraiment. Les personnes qu'il envoûte ne sont plus timides.;;;
618;Baratina;;;;;;;;Baratina fera de toi le plus fin des orateurs. Qu'importe le sujet, tes discours feront couler les larmes à flots.;Baratina fera de toi le plus fin des orateurs. Qu'importe le sujet, tes discours feront couler les larmes à flots.;Douceurs;Vent;Guérisseur;;Baratinavient deBaratineret du prénomTina. Princess Speech signifie Princesse Discours.;;;La personne qu'elle envoûte pourra faire un discours si bien écrit que tout le monde l'applaudira.;Elle est toujours ravissante, même quand elle s'énerve. Elle est beaucoup trop bavarde et personne ne peut la faire taire.;;;
619;Institours;;;;;;;;Une mine de connaissances pas très utiles. Il adore quand les gens sont surpris par ses explications.;Une mine de connaissances pas très utiles. Il adore quand les gens sont surpris par ses explications.;Lait;Absorption;Combattant;;Institoursvient d'Instituteuret d'Ours.;;;Institours semble avoir les mêmes pouvoirs que Savantard.;Il adore quand les gens sont surpris par ses explications.;;;
620;Aristocorniot;;;;;;;;La fusion d'un noble et d'un chien de race. Bien plus digne que ce sac à puces de Corniot.;La fusion d'un noble et d'un chien de race. Bien plus digne que ce sac à puces de Corniot.;Soba;Glace;Combattant;;Aristocorniotvient deAristocrateet deCorniot. Son nom anglais,Gentlemutt, vient deGentlemanet deManjimutt, le nom anglais deCorniot. Son nom japonais,Gentlemenken, est un jeu de mot entreGentlemanetMenken(??: Tête de chien).;;;;;;;
621;Papi Taliste;Bienveillant;Rang_S;697;57;251;84;177;Un milliardaire qui regrette de ne pas avoir assez partagé. Il dépense sans compter, désormais.;Un milliardaire qui regrette de ne pas avoir assez partagé. Il dépense sans compter, désormais.;Sushi;Restauration;Guérisseur;;Papi Talistevient dePapiet deCapitaliste.;;;;;;;
622;Mégalopaul;;;;;;;;Ce Yo-kai est tombé sous le charme de la vie citadine, et n'arrête plus d'en faire les louanges.;Ce Yo-kai est tombé sous le charme de la vie citadine, et n'arrête plus d'en faire les louanges.;Tempura;Feu;Combattant;;Mégalopaulest un mot-valise entreMégalopoleetPaul.;;;Il peut rendre les gens très vantard en les envoûtant.;Il est très vantard et il est constamment en train de louer les mérites de la ville.;;;
623;Tomnyan;Mignon;Rang_B;378;168;42;101;212;Arraché à sa vie de chat, avec sa maîtresse Émilie, lorsqu'il s'est fait renve... Quoi ? Ça me dit quelque chose...;Arraché à sa vie de chat, avec sa maîtresse Émilie, lorsqu'il s'est fait renve... Quoi ? Ça me dit quelque chose...;Super méga barre;Feu;Combattant;;Tomnyanvient du prénom masculinTomet deNyan(Cri du chat en japonais).;;;Sous son envoûtement, les gens deviennent des stéréotypes américains.;Tomnyan adore l'Amérique et en vante souvent les mérites. Il déteste les gens qui critiquent son pays et n'hésite pas à se venger. Sinon il a une personnalité similaire à celle de Jibanyan, il est paresseux, gourmand...;;;
624;Komaventuriers;Mignon;Rang_B;404;43;216;113;170;Des frères jumeaux faisant de l'auto-stop aux USA. Quiconque les prend se sentira extrêmement chanceux.;Des frères jumeaux faisant de l'auto-stop aux USA. Quiconque les prend se sentira extrêmement chanceux.;Crème Glacée;Restauration;Guérisseur;;;;;;Sanventurier a une personnalité similaire à Komasan, car Sanventurier est un peu naïf et plus facilement impressionné. Jiroventurier a une personnalité similaire à Komajiro, il est plus conscient et plus intelligent que son frère.;;;
625;Sanventurier;;;;;;;;;;;;;;;;;;;;;
626;Jiroventurier;;;;;;;;;;;;;;;;;;;;;
627;Superobonyan;Costaud;Rang_A;436;216;43;189;139;Ce robot de divertissement haut de gamme est équipé de tous les gadgets dernier cri.;Ce robot de divertissement haut de gamme est équipé de tous les gadgets dernier cri.;Chocolat;Foudre;Tank;;Superobonyanvient deSuperet deRobonyan(Yo-kai) En anglais,Showbonyanvient deShowet deRobonyan. En japonais,Robonyan USAvient deRobonyanet deUSA(États-unis);;;"Il est devenu plus puissant que quand il était un ""simple"" Robonyan. Il a plein de gadgets l'aidant à combattre dans presque toutes les situations.";Depuis qu'il est devenu célèbre, c'est la seule chose qui l'intéresse. Il accepte toutes les offres d'amélioration.;;;
628;Octorbot;;;;;;;;Cette réplique robotique est parfaitement fidèle à l'original, tellement parfaite qu'elle le surpasse probablement.;Cette réplique robotique est parfaitement fidèle à l'original, tellement parfaite qu'elle le surpasse probablement.;Fruits de Mer;Foudre;Tank;;;;;;;;;
629;Kyubot;;;;;;;;Une source d'énergie très instable a dû être utilisée, pour reproduire la puissance de Kyubi sous une forme robotique.;Une source d'énergie très instable a dû être utilisée, pour reproduire la puissance de Kyubi sous une forme robotique.;Oden;Foudre;Tank;;;;;;;;;
630;PapiXXL;;;;;;;;Ce Yo-kai glouton a deux fois plus d'appétit que Granpapéti ! Il a mis plusieurs restaurants en faillite.;Ce Yo-kai glouton a deux fois plus d'appétit que Granpapéti ! Il a mis plusieurs restaurants en faillite.;Viande;Restauration;Guérisseur;;;;;;;;;
631;Graffaël;Costaud;Rang_B;452;179;42;228;95;Il adore taguer les murs de sa ville. Les subtilités de son art lui ont fait gagner pas mal de fans.;Il adore taguer les murs de sa ville. Les subtilités de son art lui ont fait gagner pas mal de fans.;Hot dog;Terre;Combattant;;;;;;;;;
632;Lionguiste;Mystérieux;Rang_C;431;50;231;155;74;À force de regarder des séries télé en VO, Feulion est désormais un remarquable polyglotte.;À force de regarder des séries télé en VO,Feulionest désormais un remarquable polyglotte.;Pizza;Feu;Combattant;;Lionguistevient deLionet deLinguiste.;;;Ceux que Lionguiste envoûte sont capables de comprendre et parler toutes les langues (y compris celles des animaux !). Il envoûteNathandurant l'entièreté deYo-kai Watch 3(hormis rares exceptions), expliquant la possibilité de comprendre la langue des habitants dePistachburg, et aussi de pouvoir lire les dialogues des animaux qui avant Yo-kai Watch 3 ne pouvaient pas être compris.;Lionguiste change constamment de langue lorsqu'il parle.;;;
633;Tatartelette;Bienveillant;Rang_C;352;53;229;114;143;Tatartelette adore faire des gâteaux pour les autres, mais attention à ne pas révéler ses recettes !;Tatartelette adore faire des gâteaux pour les autres, mais attention à ne pas révéler ses recettes !;Lait;Restauration;Guérisseur;;;;;En plus d'être délicieuses, les tartes de Tatartelette peuvent également soigner les personnes et Yo-kai qui viennent à en manger.;Tatartelette est un Yo-kai très bienveillant envers les autres et aime faire des gâteaux à ceux qui en veulent. Elle peut cependant s'énerver si quelqu'un venait à révéler une de ses recettes.;;;
634;Otempourmoa;;;;;;;;Il pense que tout lui sera pardonné s'il s'excuse rapidement. Il n'y a pas une once de remords dans ses propos.;Il pense que tout sera pardonné à condition qu'il s'excuse rapidement. Il n'y a pas l'ombre d'un remord derrière ses paroles creuses.;Crème Glacée;Absorption;Ranger;;;;;À part sa capacité de voler, Otempourmoa ne possède pas vraiment de pouvoirs particuliers.;Otempourmoa est un Yo-kai assez casse-pied qui, à chaque fois qu'il doit s'excuser, le fait de façon pas sincère.;;;
635;Athlaitue;;;;;;;;Ce Yo-kai laitue asperge ses fans de sa sueur, quand il danse le funk.;Ce Yo-kai laitue asperge ses fans de sueur, quand il danse le funk.;Ramen;Restauration;Guérisseur;;Athlaituevient d'Athlèteet deLaitue.;;;;;;;
636;Chocobananar;Insaisissable;Rang_A;441;243;40;170;130;Bananar n'a jamais été aussi populaire que depuis qu'il s'est recouvert de chocolat !;Bananar n'a jamais été aussi populaire que depuis qu'il s'est recouvert de chocolat !;Douceurs;Foudre;Combattant;;Chocobananarvient deChocolatet deBananar.;;;;;;;
637;Haltela;;;;;;;;Il ne laisse rien passer, surtout pas les fraudeurs de la finance.;Il ne laisse rien passer, surtout pas les fraudeurs de la finance.;Sushi;Terre;Tank;;;;;Toute personne envoûtée par Haltela sera capable de résister aux envies des autres et de tout leur refuser sèchement.;;;;
638;Ailexagère;;;;;;;;Ceux qui sont envoûtés par ce Yo-kai tape-à-l'œil exagèrent dans tout ce qu'ils font.;Ceux qui sont envoûtés par ce Yo-kai tape-à-l'œil exagèrent tout ce qu'ils font.;Encas;Restauration;Guérisseur;;"Ailexagèreest un jeu de mots entre la phrase ""Elle exagère"" etAile, en référence aux ailes de papillon.";;;Ceux qui sont envoûtés par ceux Yo-kai exagèreront tout ce qu'ils font.;;;;
639;Chocobo-nyan;Mignon;Rang_A;376;174;47;95;240;Jibanyan a réussi à devenir ami avec un légendaire chocobo. Ensemble, ils vont vivre des aventures fantaisistes.;Jibanyan a réussi à devenir ami avec un légendaire chocobo. Ensemble, ils vont vivre des aventures fantaisistes.;Légumes;Vent;Combattant;;Chocobo-nyanvient duChocobo, un oiseau géant venant du jeuFinal Fantasy, Et denyan, onomatopée japonaise pour le Miaou d'un chat.;;;Chocobo-nyan est très rapide.;Le chocobo adore faire la course et il aime beaucoup les légumes, surtout lesLégumes de Gysahl. Pour la personnalité deJibanyan, voirJibanyan.;;;
640;Mog-nyan;Mignon;Rang_A;379;54;221;113;196;Quoi ? Un Mog ? Qu'est-ce qu'un Mog fait ici ?! Il est perdu, kupo ?;Quoi ? Un Mog ? Qu'est-ce qu'un Mog fait ici ?! Il est perdu, kupo ?;Crème Glacée;Restauration;Ranger;;Mog-nyanvient duMog, une créature venant du jeuFinal Fantasyet deNyan, onomatopée japonais pour Miaou.;;;Mog-nyan a un souffle fantaisiste qui lui permet d'attaquer ses ennemis.;;;;
641;Wobblenyan;Mignon;Rang_A;389;204;51;103;223;Envoûte les smartphones des adultes fatigués. Une fois leur téléphone en main, ils seront incapables de le reposer.;Envoûte les smartphones des adultes fatigués. Une fois leur téléphone en main, ils seront incapables de le reposer.;Chocolat;Eau;Combattant;;Wobblenyanest une référence àYo-kai Watch : Wibble Wobble.;;;Il envoûte les smartphones des adultes fatigués. Une fois leur téléphone en main, ils seront incapables de le reposer.;Il est extrêmement détendu et se complaît à ne rien faire.;;;
642;Wibblekoma;Mignon;Rang_A;373;63;206;117;200;Envoûte les smartphones des adultes occupés. Une fois leur téléphone en main, ils prendront de très longues pauses.;Envoûte les smartphones des adultes occupés. Une fois leur téléphone en main, ils prendront de très longues pauses.;Crème Glacée;Vent;Combattant;;Wibblekomavient deKomasanet deYo-kai Watch : Wibble Wobble.;;;Il envoûte les smartphones des adultes occupés. Une fois leur téléphone en main, ils prennent de très longues pauses.;Il est très décontracté et aime prendre de longues pauses.;;;
643;Pincoin;;;;;;;;Fan de romans policiers, il envoûte les gens, et leur fait croire qu'ils sont au cœur d'une enquête palpitante.;;;;;;;;;;;;;
644;Jibanyan T;;;;;;;;;Un Yo-kai qui ne vit que pour la chasse aux trésors, dans les terres lointaines et inconnues.;Chocolat;Terre;Combattant;;Jibanyan Tvient deJibanyanet deTrésor.;;;Il a les mêmes pouvoirsqu'avant.;Il ne vit que pour la chasse aux trésors, dans les terres lointaines et inconnues.;;;
645;Komasan T;;;;;;;;;Après être tombé, par hasard, sur des artéfacts fabuleux, Komasan est considéré comme un dénicheur de trésors.;Crème Glacée;Terre;Combattant;;;;;;C'est la même queKomasan.;;;
646;Aramis Taire;Mystérieux;Rang_B;400;45;203;127;169;;Fan de romans policiers, il envoûte les gens, leur faisant croire qu'ils sont au cœur d'une enquête palpitante.;Pasta;Glace;Ranger;;;;;;;;;
647;Diablotine;Sinistre;Rang_S;427;221;43;78;242;;Avec elle, les méchants ressentent la brûlure de la justice, surtout quand ils font des bêtises avec le tempura.;Tempura;Feu;Combattant;;;;;;;;;
648;Roi Jibanyan;Mignon;Rang_A;415;190;37;91;228;C'est moi le roi ! Personne peut rien me dire si je fais rien de ma journée. Faites péter les barres de chocolat !;C'est moi le roi ! Personne peut rien me dire si je fais rien de ma journée. Faites péter les barres de chocolat !;Chocolat;Feu;Combattant;;Roi Jibanyanvient deRoi(en référence ici à la carte à jouer qu'il représente) et deJibanyan.;;;;;;;
649;Dame Usapyon;Sombre;Rang_A;402;55;223;150;167;Eh ! Pourquoi j'suis la dame ? J'm'en fiche que ça m'aille bien ! Mais c'est vrai que j'ai la classe, quand même.;Eh ! Pourquoi j'suis la dame ? J'm'en fiche que ça m'aille bien ! Mais c'est vrai que j'ai la classe, quand même.;Donut (1);Glace;Combattant;;Dame Usapyonvient deDame(en référence ici à la carte à jouer qu'il représente) et deUsapyon.;;;;;;;
650;Valet Komasan;Mignon;Rang_A;407;37;236;126;178;Tourneboulant ! Je suis le valet ! Ça mérite bien une petite glace !;Tourneboulant ! Je suis le valet ! Ça mérite bien une petite glace !;Crème Glacée;Feu;Combattant;;Valet Komasanvient deValet(en référence ici à la carte à jouer qu'il représente) et deKomasan.;;;;;;;
651;Dix de Komajiro;Mignon;Rang_A;433;231;48;139;167;Fantassin N° 10 au rapport ! Je protégerai tout le monde ! J'en ai fait le serment !;Fantassin N° 10 au rapport ! Je protégerai tout le monde ! J'en ai fait le serment !;Lait;Foudre;Combattant;;Dix de Komajirovient deDixet deKomajiro.;;;;;;;
652;As de nyan;Vaillant;Rang_A;423;161;33;83;225;On dirait que je suis l'as. Ma cape, ma rapière et moi, on va être les as des as !;On dirait que je suis l'as. Ma cape, ma rapière et moi, on va être les as des as !;Fruits de Mer;Vent;Combattant;;As de nyanvient de la carteAset deNyan(cri du chat en japonais).;;;Sous son envoûtement les gens deviennent les as des as.;As de nyan est devenu l'as des as et il est toujours au max.;;;
653;Josper;Insaisissable;Rang_A;456;218;101;61;181;Pas étonnant que le joker ait été donné au plus intelligent des Yo-kai ! Eh ! Attendez ! Je peux être utile !;Pas étonnant que le joker ait été donné au plus intelligent des Yo-kai ! Eh ! Attendez ! Je peux être utile !;Crème Glacée;Absorption;Ranger;;;;;;;;;
654;Benzaiten;Mignon;Rang_S;391;43;191;121;239;Un des sept dieux de la fortune. Elle essaie de maîtriser la guitare électrique au sein d'un tout nouveau groupe.;Un des sept dieux de la fortune. Elle essaie de maîtriser la guitare électrique au sein d'un tout nouveau groupe.;Curry;Foudre;Combattant;;Benzaitenvient d'une divinité japonaise du même nom.;;;Elle contrôle la foudre et peut créer des ondes de choc avec le pouvoir de la musique.;Elle adore tous les types d'arts et pratique depuis peu la guitare électrique.;;;
655;Hotei;Mystérieux;Rang_S;416;49;246;137;186;Un des sept dieux de la fortune. On dit qu'il apporte chance et harmonie.;Un des sept dieux de la fortune. On dit qu'il apporte chance et harmonie.;Soba;Vent;Combattant;;;;;;;;;
656;Ebisu;Insaisissable;Rang_S;433;51;240;182;156;Un des sept dieux de la fortune. On dit qu'il apporte prospérité aux pêcheurs.;Un des sept dieux de la fortune. On dit qu’il apporte prospérité aux pêcheurs.;Fruits de Mer;Restauration;Guérisseur;;Ebisu est le seul membre des divinités du bonheur qui a une origine purement japonaise : on l'appelait autrefois Hiruko, fils des divinités de création Izanagi et Izanami. Cependant, il est né sans os (ou membres, selon la version de l'histoire) et à peine capable de survivre, et pour cela ses parents l'ont placé sur un radeau et l'ont abandonné. Après avoir été laver à terre à Hokkaido, il a été emmené par une tribu Ainu, a surmonté de nombreuses difficultés et a grandi un squelette complet, et bien qu'il soit resté légèrement sourd et paralysé, il est devenu un dieu optimiste et joyeux qui est devenu la divinité des pêcheurs, qui apporte la prospérité, l'abondance de nourriture et la bonne chance dans les affaires. Il est généralement représenté portant un kazaori eboshi (grand chapeau haut de forme) sur sa tête, portant une canne à pêche et une grande dorade rouge. Il n'est pas rare de voir son effigie sur les restaurants de fruits de mer et les cuisines ménagères.;;;Il apporte prospérité aux pêcheurs.;Il adore les carpes koï, ce pourquoi il a ce déguisement !;;;
657;Daikokuten;Costaud;Rang_S;513;154;52;276;123;Un des sept dieux de la fortune. On dit qu'il fait prospérer les cultures. Il rend toutes les terres fertiles.;Un des sept dieux de la fortune. On dit qu'il fait prospérer les cultures. Il rend toutes les terres fertiles.;Oden;Terre;Tank;;Daikokutenvient d'une divinité japonaise du même nom.;;;;;;;
658;Bishamonten;Vaillant;Rang_S;447;267;46;162;150;Un des sept dieux de la fortune. Protecteur des guerriers, ses regards noirs arrêtent net les désastres.;Un des sept dieux de la fortune. Protecteur des guerriers, ses regards noirs arrêtent net les désastres.;Viande;Feu;Combattant;;Bishamonten est un dieu japonais du même nom.;;;Il manipule le feu grâce à son arme et peut le propulser sur quiconque ne le respecte pas.;Il est très féroce et ceux qui sont sous ses ordres le craignent énormément. Il est très puissant et le montre très souvent.;;;
659;Jurojin;;;;;;;;Un des sept dieux de la fortune, il apporte prospérité et longévité. Ses parchemins sont remplis d'incantations.;Un des sept dieux de la fortune, il apporte prospérité et longévité. Ses parchemins sont remplis d'incantations.;Ramen;Absorption;Ranger;;;;;Jurojin est capable de donner fortune et longévité aux personnes qu'il choisit.;Jurojin, comme les six autres dieux de la fortune, est un Yo-kai contient de l'importance de son rôle. Il est le plus sérieux de son groupe.;;;
660;Fukurokuju;;;;;;;;Un des sept dieux de la fortune, il apporte longévité et bonheur. Confère à tous le pouvoir de la lumière.;Un des sept dieux de la fortune, il apporte longévité et bonheur. Confère à tous le pouvoir de la lumière.;Sushi;Restauration;Guérisseur;;Fukurokujuvient d'une divinité japonaise du même nom.;;;;;;;
661;Amb. charme;;;;;;;;Ce Yo-kai déteste les objets du quotidien. Il s'entoure de luxe, partout où il va.;;;;;;;;;;;;;
662;Supernyan;;;385;199;40;159;234;Un vrai héros fonçant la tête première, pour sauver la situation. Il est terrifié à l'idée que son identité soit découverte.;Un vrai héros fonçant la tête première, pour sauver la situation. Il est terrifié à l'idée que son identité soit découverte.;Chocolat;Vent;Combattant;;;;;;;;;
663;Justic. komasq.;;;;;;;;Un sombre héros qui punit les méchants. Principalement ceux qui jettent des papiers dans la rue.;;;;;;;;;;;;;
664;Robonyan ult.;;;;;;;;À la pointe de la recherche, dans tous les domaines, ce nouveau Robonyan est plus puissant que jamais.;;;;;;;;;;;;;
665;Taupe-modèle;;;;;;;;Salut, je m'appelle Taupe-modèle. ? J'aime bien mettre mes beaux habits et aller en ville !;Salut, je m'appelle Taupe-modèle. ? J'aime bien mettre mes beaux habits et aller en ville !;Légumes;Restauration;Guérisseur;;"Taupe Modèle est un jeu de mot entre ""Top modèle"" et ""Taupe"".";;;Lorsque Taupe Modèle envoûte une personne, cette dernière aime s'habiller chic et cher. Ses pouvoirs peuvent être assimilés au Yo-kaiSquarlett.;Taupe Modèle est un Yo-kai qui aime s'habiller chic. DurantYo-kai Watch 3, Taupe Modèle est très attentionné envers les personnages principaux.;;;
666;W. Kongming;;;;;;;;Les tactiques étonnantes de ce fin stratège sèment la confusion chez ses ennemis, et mènent à la victoire.;;;;;;;;;;;;;
667;Orqanos Lu Bu;;;;;;;;Aussi célèbre pour ses prouesses militaires, que pour sa propension à trahir ses camarades, au nom de l'ambition.;Aussi célèbre pour ses prouesses militaires, que pour sa propension à trahir ses camarades, au nom de l'ambition.;Viande;Absorption;Tank;;;;;Orqanos Lu Bu possède une puissante force, accompagné d'une grande résistance aux attaques ennemies.;Orqanos a beau être un très bon chef militaire, il est prêt à tout pour atteindre ses buts, quitte à trahir ses compagnons.;;;
668;Mistigrinyan;;;;;;;;;;;;;;;;;;;;;
669;Tofupyon;;;;;;;;Usapyon a enfin décidé de ce qu'on mangeait ce soir, et il a décidé que ce serait une grillade de tofu !;Usapyon a enfin décidé ce qu'on mangeait ce soir, et il a décidé que ce serait une grillade de tofu !;Sukiyaki;Restauration;Combattant;;;;;;;;;
670;Grovide;;;;;;;;Un Yo-kai qui aspire tout et n'importe quoi, pour essayer de combler le vide en lui.;Un Yo-kai qui aspire tout et n'importe quoi, pour essayer de combler le vide en lui.;Sukiyaki;Terre;Tank;;;;;"Lorsqu'il envoûte une personne, celle-ci devient vide et commence à vouloir de quoi se ""remplir"", comme la nourriture. Grovide peut également absorber des choses dans son trou noir, en vidant une poubelle ou une pièce entière. Malheureusement pour la personne envoûtée, il n'y a aucun moyen de récupérer des objets perdus dans le vide de Grovide, à moins d’avoir unTélémiravec soi.";;;;
671;Procrastinocch.;;;;;;;;Le bout de sa tête s'allonge à chaque fois qu'il remet quelque chose à demain. Il essaie de battre le record.;;;;;;;;;;;;;
672;Moqua glacé;;;;;;;;Alors, apparemment, il suffit d'ignorer tout ce qui est déplaisant pour avoir une belle peau. Eh ! Ne la mange pas !;Alors, apparemment, il suffit d'ignorer tout ce qui est déplaisant pour avoir une belle peau. Eh ! Ne la mange pas !;Douceurs;Restauration;Guérisseur;;Moqua glacévient du verbeMoquer, ouse moquer, et deMoka glacé, un dessert.;;;;Moqua glacé feint l'ignorance face à la moindre chose déplaisante, par exemple elle ignorera une personne qui a besoin d'aide.;;;
673;Fantimoré;;;;;;;;Demande-lui quoi que ce soit gentiment, et il sera ravi de t'aider, s'il ne perd pas ses moyens...;Demande-lui quoi que ce soit gentiment, et il sera ravi de t'aider, s'il ne perd pas ses moyens...;Encas;Eau;Guérisseur;;Fantimorévient deFantômeet deTimoré(personne craintive et timide).;Fantimoré est inspiré duTeru teru b?zu, une petite poupée traditionnelle faite à la main en papier blanc ou en tissu qui, dans sa forme et sa construction, est essentiellement identique aux poupées fantômes, comme celles fabriquées à Halloween. Cette amulette est censée avoir des pouvoirs magiques pour apporter du beau temps et pour arrêter ou prévenir un jour de pluie. De nos jours, les enfants fabriquent des teru teru b?zu avec du papier de soie ou du coton et de la ficelle et les suspendent à une fenêtre lorsqu’ils souhaitent un temps ensoleillé, souvent avant un pique-nique à l’école. Le suspendre à l’envers agit au contraire comme une prière pour la pluie.;;;;;;
674;Yogaratoi;;;;;;;;Ce Yo-kai a appris toutes les poses de yoga sans l'aide de personne. Tout débat est impossible !;Ce Yo-kai a appris toutes les poses de yoga sans l'aide de personne. Tout débat est impossible !;Curry;Terre;Combattant;;Yogaratoivient deYogaet degare à toi.;;;;;;;
675;Trèchérubine;;;;;;;;Ceux qui pensent que ce Yo-kai est un ange, qui réalise tous les rêves, peuvent s'attendre à être déçus.;Ceux qui pensent que ce Yo-kai est un ange, qui réalise tous les rêves, peuvent s'attendre à être déçus.;Donut (1);Restauration;Guérisseur;;;;;;Elle ne fait rien sans attendre quelque chose en retour.;;;
676;Céodieux;;;;;;;;Respire son gaz, et tu te sentiras comme au fond d'une rivière. Son seul point faible, c'est l'air frais.;Respire son gaz, et tu te sentiras comme au fond d'une rivière. Son seul point faible, c'est l'air frais.;Sukiyaki;Absorption;Ranger;;;;;Lorsqu'une personne inhale la fumée de Céodieux, elle devient aussi dépressive que le Yo-kai.;Céodieux est un Yo-kai assez dépressif.;;;
677;Guillotin;;;;;;;;Il aime bien se promener le soir. Les gens sont souvent troublés de le voir laisser sa tête derrière lui.;Il aime bien se promener le soir. Les gens sont souvent troublés de le voir laisser sa tête derrière lui.;Sukiyaki;Absorption;Combattant;;Guillotinvient de laGuillotine, une arme utilisée pour couper la tête des gens.;;;Il peut utiliser son œil gauche pour découvrir le nom des Yo-kai qu'il rencontre. Quand il active ce pouvoir, son œil devient rouge.;Guillotin aime arpenter les rues la nuit pour surprendre les gens. Il n'aime pas leSeigneur Enmaet pense que quelqu'un d'autre devrait prendre son trône.;;;
678;Coco Barjo;;;;;;;;Une styliste charismatique dont la moindre création, même la plus bizarre, devient populaire en un instant...;Une styliste charismatique dont la moindre création, même la plus bizarre, devient populaire en un instant...;Encas;Restauration;Ranger;;;;;Coco Barjo ne possède pas de pouvoirs particuliers connus à ce jour.;Coco Barjo est un Yo-kai créateur de mode connu à l'international. Elle aime énormément la mode et en a fait son métier.;;;
679;Enma l'Ancien;;;;;;;;Grand-père du Seigneur Enma et ancien roi des Yo-kai. Pense que les humains ont une influence négative.;Grand-père du Seigneur Enma et ancien roi des Yo-kai. Pense que les humains ont une influence négative.;Oden;Feu;Tank;;Enmavient tout simplement d'une divinité japonaise du même nom.;;;Il a le pouvoir de juger les âmes des morts en les envoyant au paradis ou l'enfer. Il est également démontré qu'il a la capacité de bannir ou de sceller le Yo-kai de différentes manières, comme à l'intérieur d'objets.;Au départ il était un très bon roi et pensait que les Yo-kai pourraient vivre ensemble. Mais lorsque les humains devinrent orgueilleux, Enma éprouva alors du mépris à leur égard.;;;
680;Zazel le bon;;;;;;;;Zazel suit désormais le chemin de la vertu, il punira quiconque s'écartera du droit chemin.;Zazel suit désormais le chemin de la vertu, il punira quiconque s'écartera du droit chemin.;Tempura;Restauration;Guérisseur;;Zazel le Bonvient deZazel(le nom du Yo-kai original) et deBon(ce dit de quelqu'un qui fait le bien).;;;Il peut couper n'importe quoi avec son épée mais aussi guérir ses alliés grâce au pouvoir de la justice.;Il est très juste et assez sympathique avec ceux qui partagent ses idéaux mais il punira quiconque s'éloignera du droit chemin.;;;
681;Sgr Enma 2.0;;;;;;;;Ayant accès à la totalité de ses pouvoirs, la puissance du Seigneur Enma est désormais sans commune mesure.;;;;;;;;;;;;;
682;Sorcophage;;;;;;;;Cette momie vieille de 3 000 ans se lasse parfois de sa solitude, et sort jeter une malédiction.;Cette momie vieille de 3 000 ans se lasse parfois de sa solitude, et sort jeter une malédiction.;Curry;Foudre;Combattant;;Sorcophagevient deSarcophageet deSort.;;;;;;;
683;S. Trompelamor;;;;;;;;Ce Yo-kai royal est adoré de tous les zombies. Sa ténacité persiste, alors que son corps se décompose.;Ce Yo-kai royal est adoré de tous les zombies. Sa ténacité persiste, alors que son corps se décompose.;Soba;Terre;Combattant;;;;;;;;;
684;Pandore;;;;;;;;Pour essayer de surmonter un trauma, ce Yo-kai ouvre toutes les boîtes qui lui passent sous la main.;Pour essayer de surmonter un trauma, ce Yo-kai ouvre toutes les boîtes qui lui passent sous la main.;Sukiyaki;Absorption;Combattant;;;"Le nom et le Yo-kai Pandore viennent de la célèbre boîte de Pandore. Dans la mythologie grecque, les dieux créèrent une femme faite de terre et d’eau. Ils lui donnèrent le nom de Pandore, qui en grec signifie ""doté de tous les dons"". Un jour, on remit à Pandore une boîte dans laquelle se trouvaient tous les maux de l’humanité. On lui interdit de l’ouvrir. Par curiosité, elle l'ouvra tout de même et tous les maux s’évadèrent pour se répandre sur la Terre.";;;;;;
685;Génie du rire;;;;;;;;Ce génie n'est pas très bon pour exaucer les souhaits, mais il a un humour ravageur.;Ce génie n'est pas très bon pour exaucer les souhaits, mais il a un humour ravageur.;Sukiyaki;Vent;Guérisseur;;;;;;;;;
686;Bastetnyan;;;;;;;;Ceux que ce Yo-kai envoûte sont protégés du mauvais sort, et ne peuvent plus être blessés ou malades.;Ceux que ce Yo-kai envoûte sont protégés du mauvais sort, et ne peuvent plus être blessés ou malades.;Fruits de Mer;Absorption;Ranger;;"Bastetnyanvient de la déesseBastet, une déesse de l'Égypte ancienne à tête de chat, et denyan, qui signifie ""miaou"" en japonais.";;;;;;;
687;Komanubis;;;;;;;;Il est fier de son travail de momification. C'est un procédé délicat, mais c'est un vrai pro !;Il est fier de son travail de momification. C'est un procédé délicat, mais c'est un vrai pro !;Pain;Absorption;Ranger;;Komanubisvient deKoma(Komasan) et deAnubis, un ancien dieu égyptien. Zurabisvient dezura(Le mot que Komasan dit à la fin de ses phrases en japonais) et deAnubis, l’ancien dieu égyptien.;;;;;;;
688;Somnoracle;;;;;;;;Ce Yo-kai peut voir le futur, mais il ne voit que des choses sans importance. Super utile...;Ce Yo-kai peut voir le futur, mais il ne voit que des choses sans importance. Super utile...;Soba;Glace;Ranger;;;;;;;;;
689;Shivatenguerre;;;;;;;;Ce Yo-kai adore se battre. C'est sûr qu'avec quatre bras, ça doit être plus amusant.;Ce Yo-kai adore se battre. C'est sûr qu'avec quatre bras, ça doit être plus amusant.;Sukiyaki;Feu;Combattant;;Shivatenguerrevient du dieuShiva, un dieu hindou, et deva-t-en-guerre, adjectif qui désigne un fanfaron toujours prêt à combattre.;;;;;;;
690;Domniscian;;;;;;;;Capable de réaliser tout ce qu'il rêve, son imagination et sa créativité sont sans limite.;Le seigneur tout-puissant de la créativité, capable de réaliser tout ce qu'il imagine. Il s'est donné des bras supplémentaires pour que son corps suive le rythme de son esprit.;Viande;Foudre;Combattant;;"Domniscianviendrait deDominantetOmniscient. Il pourrait aussi venir deDominique(prénom) ouDomnisci, les messagers du roi à l'époque de Charlemagne. En japonais :??""Hino""est un hommage àAkihiro Hinole président du studioLEVEL 5à l'origine des séries Professeur Layton, Inazuma Eleven et Yo-kai Watch. Le kanji :?""kami"", pouvant aussi être lu en sino-japonais ""shin"" ou ""jin"", signifie ""dieu"".";;;Il peut créer des mondes entiers depuis son petit bureau.;Il est extrêmement strict et quiconque le dérange dans son travail acharné se verra périr. Il possède aussi une créativité et une imagination plus qu'infinies.;;;
691;Domniscian 2.0;;;;;;;;Les limites de l'esprit ne le concernent plus. Ses idées transcendent le temps et l'espace.;Les limites de l'esprit ne le concernent plus. Ses idées transcendent le temps et l'espace.;Viande;Foudre;Ranger;;VoirDomniscian.;;;Il peut tout créer. Il a tellement d'idées qu'il en a même créé une nouvelle planète à son image.;Il est très arrogant et veut toujours tout diriger. Il sait gérer des tonnes d'action à la fois et est extrêmement intelligent.;;;
692;M. Ronronchon;;;;;;;;Sa soif de connaissance et son dévouement à se surpasser, sont les secrets de sa puissance.;;;;;;;;;;;;;
693;Nécronyan;;;;;;;;Le plus cool de tous les Yo-kai. Il est trop beau et aussi, il... Eh ! J'ai le droit d'écrire ma propre biographie, non ?!;;;;;;;;;;;;;
694;Nécribou;;;;;;;;Née avec un jaune d'œuf dans les mains. Les prophéties annoncent qu'elle deviendra une grande princesse.;;;;;;;;;;;;;
695;Nécrocorniot;;;;;;;;Ce Yo-kai a perdu l'envie de vivre, il aimerait qu'on le laisse reposer en paix.;;;;;;;;;;;;;
696;Nécrognito;;;;;;;;Il n'a pas l'air très sûr de savoir s'il est déjà un Yo-kai, ou toujours une momie.;;;;;;;;;;;;;
697;Nécrofouétar;;;;;;;;Adore traîner dans les donjons pour effrayer les aventuriers à la recherche de trésors.;;Viande;Glace;;;Nécrofouétarvient deNécro(mort en latin) et deFouétar.;;;;;;;
698;Roi Pourkoidon;;;;;;;;Ce Yo-kai à l'optimisme débordant est capable de redonner le sourire à n'importe qui.;Sa soif de connaissance et son dévouement à se surpasser, sont les secrets de sa puissance.;Sukiyaki;Glace;Combattant;;Roi Pourkoidonvient deRoiet dePourquoi donc ?;Comme son nom japonais l'indique, il est basé sur le roi dragon du même nom, l'un des huit rois dragons mentionnés par le S?tra du Lotus.;;En tant que Yo-kai Légendaire, il est très puissant. Il a également une grande maîtrise de la glace.;Il est très curieux et dévoué à se surpasser.;;;
699;Deadcool;;;;;;;;Un Yo-kai chat nouveau-né, tout blanc. À toi de le transformer en Yo-kai digne de ce nom !;Le plus cool de tous les Yo-kai. Il est trop beau et aussi, il... Eh ! J'ai le droit d'écrire ma propre biographie, non ?!;Sukiyaki;Foudre;Ranger;;Deadcoolvient deDeadpool(anti-héros de comics brisant le quatrième mur lors de ses apparitions) et deCool(anglicisme désignant une personne sympathique). Les noms Anglais, Italien et Allemand sont les mêmes qu'en Français.;Comme son nom français l'indique, il semble être une parodie deDeadpool, un super-héros de l'univers Marvel.;"Deadcool est l'un des personnages principaux de la quête ""Je suis le héros super légendaire !"", où il chargeNathanet ses amis de se lier d'amitié avec 6 femmes Yo-kai afin de le recruter:Blizzaria,Insomnelle,Jouvencia,Sirènité,BrumellaetFielippine. Une fois cela fait, Deadcool commence à leur parler une par une, finissant par râler sur les nerfs deNathan,WhisperetJibanyanet donc pour l'évacuer,Nathanconvoque toutes les filles à la fois, au grand dam de Deadcool. Les filles se rendent vite compte de ce qui se passe et punissent rapidement Deadcool pour son insolence. Deadcool battu donne saMédailleà Nathan avant qu'il ne disparaisse de ses blessures.";;"Deadcool a une trop grande estime de lui-même, il se qualifie de ""super-héros légendaire"", dessine une fausse page Légendaire duMédalliumet s'incruste dans toutes les images du générique de fin deYo-kai Watch 3. Il déteste les gens sérieux commeFlèche d'azur. Deadcool est amoureux deDiablotine, car il trouve qu'elle est mignonne, surtout sans son masque.";;;
700;Œuxcellence;;;;;;;;Qui aurait cru qu'appuyer sur son nez tout mignon ferait ÇA ?!;Née avec un jaune d'œuf dans les mains. Les prophéties annoncent qu'elle deviendra une grande princesse.;Sukiyaki;Restauration;Guérisseur;;Œuxcellencevient de l'œufet deson excellence.;;;;;;;
701;Tristos;;;;;;;;Un Yo-kai qui ne vit que pour la chasse aux trésors, dans les terres lointaines et inconnues.;Ce Yo-kai a perdu l'envie de vivre, il aimerait qu'on le laisse reposer en paix.;Lait;Absorption;Tank;;Tristosvient deTristeet deOs.;;;;;;;
702;Momignorante;;;;;;;;Après être tombé, par hasard, sur des artefacts fabuleux, Komasan est considéré comme un dénicheur de trésors.;Il n'a pas l'air très sûr de savoir s'il est déjà un Yo-kai, ou toujours une momie.;Soba;Absorption;Ranger;;;;;D'après les descriptions de ses attaques, Momignorante peut maudire ses ennemis;Momignorante est un Yo-kai assez indécis, déjà qu'il ne sait même pas si il est une momie ou un Yo-kai.;;;
703;Escoffregriffe;;;;;;;;Enma a acquis la puissance du soleil. Aucun ennemi ne résiste plus à ses pouvoirs stellaires.;Adore traîner dans les donjons pour effrayer les aventuriers à la recherche de trésors.;Hot dog;Absorption;Ranger;;"Escoffregriffevient decoffreetescogriffe. Otakaramodokise traduit littéralement par ""faux trésor"" ou ""pseudo-trésor"".";;;Il peut se fondre dans le noir pour ne pas se faire voir. Dans le manga, il fait croire àJibanyan Tqu'il est un banal coffre au trésor avant de manger ce dernier.;Il est très obscur et adore effrayer les gens en se cachant dans le noir.;;;
704;Normaline;;;;;;;;Enma a acquis la puissance de l'espace-temps. Il contrôle le passé et le futur.;Ce Yo-kai à l'optimisme débordant est capable de redonner le sourire à n'importe qui.;Douceurs;Restauration;Guérisseur;;Normalinevient deNormaletinepour désigner la féminité en français.;;;;Normaline a la même personnalité que Katie.;;;
705;Enma solaire;;;;;;;;Enma a acquis la puissance des ténèbres. Il est le maître des abysses et du néant.;Enma a acquis la puissance du soleil. Aucun ennemi ne résiste plus à ses pouvoirs stellaires.;Sushi;Feu;Combattant;;;;;Avec ses pouvoirs stellaires,Enmapeut enfin purger le monde du mal.;;;;
706;Enma infini;;;;;;;;Elle exorcise accidentellement des Yo-kai grâce à ses chants obscures.;Enma a acquis la puissance de l'espace-temps. Il contrôle le passé et le futur.;Tempura;Foudre;Combattant;;Enma infinivient d'Enma(Seigneur Enma/Yo-kai) et d'Infini(en quoi on ne peut observer ni concevoir aucune limite).;;;Ce Enma contrôle l'espace-temps.;C'est le plus fous des Enma. Il serait prêt à faire n'importe quoi pour n'importe quoi ! Il n'hésiterait pas une seconde à tuer une âme craintive.;;;
707;Enma funèbre;;;;;;;;Un Yo-kai pas très loquace, donc quand il parle, tout le monde s'arrête pour l'écouter.;Enma a acquis la puissance des ténèbres. Il est le maître des abysses et du néant.;Sukiyaki;Absorption;Combattant;;Enma funèbrevient de Enma et defunèbre, qui évoque la mort.;;;Il est le maître des abysses et du néant.;Il est de nature à tout détruire. Son histoire l'a conduit à devenir extrêmement violent mais finalement, il est plutôt émotif.;;;
708;Cymbaline;;;;;;;;Sa grosse voix est parfaite pour que tout le monde s'active. Il est dur à ignorer...;Elle exorcise accidentellement des Yo-kai grâce à ses chants obscurs.;Soba;Restauration;Guérisseur;;Cymbalinevient desCymbales(instrument de musique) et du prénomLine.;Cymbaline est inspirée du d?by?shi-ny?bo (?????, « dame d?by?shi »), l’un des nombreux tsukumogami (objet yokai) figurant dans les rouleaux d’images de Hyakki Yagy?, né d’une paire de d?by?shi (également appelés chappa ou tingsha), cymbales en cuivre utilisées à l’origine dans les rituels bouddhistes, puis comme accompagnement musical dans les pièces de kabuki. Ce yokai apparaît comme une vieille sorcière sortant de l’instrument, portant un rouleau de sutra dans ses mains. Le son de ses cymbales maudira les gens et les forcera à danser jusqu’à ce qu’ils tombent épuisés. Les « chants obscurs » mentionnés dans sa description sont en fait des sutras, des textes canoniques bouddhistes utilisés dans les rituels et les prières. Ils sont en particulier une partie importante des rites funéraires du bouddhisme japonais, c’est pourquoi ils sont récités pour les esprits agités afin de les aider à atteindre l’au-delà. D’où la blague récurrente dans la culture populaire selon laquelle les yokai et les fantômes disparaissent presque entièrement lorsqu’ils entendent quelqu’un chanter un sutra.;;;;;;
709;Gromel;;;;;;;;Il veut juste être ton ami. C'est ce qu'il te murmure à l'oreille, dans ton lit, tard la nuit...;Un Yo-kai pas très loquace, donc quand il parle, tout le monde s'arrête pour l'écouter.;Viande;Eau;Tank;;;Gromel, commeVociféro, est basé sur les deux Nio Protecteurs de Bouddha trouvés aux portes des temples au Japon. Les deux Nio sont des manifestations de la même divinité connue sous le nom de Shukongoshin. Agyou est représenté avec la bouche ouverte (on dit que cela représente la naissance) et montre les dents dans une expression de violence absolue, et soit tenant une arme, serrant son poing, ou les deux.;;;;;;
710;Vociféro;;;;;;;;Ce Yo-kai a un don pour régler toutes les disputes, en moins de temps qu'il ne faut pour le dire.;Sa grosse voix est parfaite pour que tout le monde s'active. Il est dur à ignorer...;Fruits de Mer;Feu;Combattant;;;Vociféro, commeGromel, est basé sur les deux Nio Protecteurs de Bouddha trouvés aux portes des temples au Japon. Les deux Nio sont des manifestations de la même divinité connue sous le nom de Shukongoshin. Agyou est représenté avec la bouche ouverte (on dit que cela représente la naissance) et montre les dents dans une expression de violence absolue, et soit tenant une arme, serrant son poing, ou les deux.;;;;;;
711;Glapie;;;;;;;;Danse de tout son cœur pour bénir la forêt, et faire le deuil des plantes qui ont quitté ce monde.;Il veut juste être ton ami. C'est ce qu'il te murmure à l'oreille, dans ton lit, tard la nuit...;Sukiyaki;Absorption;Ranger;;Glapievient deGlapir(pousser un cri aigu).;;;;;;;
712;Turboss;;;;;;;;Tout comme la lune, ce Yo-kai à l'air innocent a une face cachée terrifiante.;Ce Yo-kai a un don pour régler toutes les disputes, en moins de temps qu'il ne faut pour le dire.;Fruits de Mer;Eau;Tank;;Turbossvient deTurboetBoss. == Galerie;;;On raconte qu'il peut briser les os de ses victimes en les broyant de toutes sa force. Il peut aussi manipuler l'eau.;Il est très pacifiste et a un don pour régler toutes les disputes très rapidement.;;;
713;Alpinella;;;;;;;;Ce Yo-kai est tellement cliché qu'il n'effraie plus vraiment personne...;Danse de tout son cœur pour bénir la forêt, et faire le deuil des plantes qui ont quitté ce monde.;Légumes;Restauration;Guérisseur;;Alpinellavient d'Alpine(des alpes).;Alpinellavient deKo-no-hana-no-sakuya(????/??????/?????), qui est, dans la mythologie japonaise, la princesse-fleur et le symbole de la vie terrestre délicate. Elle est la kami du sanctuaire Fujisan Hong? Sengen-taisha du mont Fuji. Elle est la fille du dieu Oho-Yama. Elle est souvent considérée comme un avatar de la vie japonaise, en particulier en raison de son symbole, la fleur du cerisier ousakura. Elle est la femme de Ninigi. Elle rencontra le dieu au bord de la mer et ils tombèrent amoureux. Ninigi demanda sa main à Oho-Yama qui lui proposa sa fille aînée, Iwanaga (ja) à la place. Mais Ninigi ne jurait que par Ko-no-Hana. Compréhensif, Oho-Yama accepta et le mariage put avoir lieu. Ils eurent trois fils dont Hoderi et Hoori.;;Alpinella est comme la déesse protectrice des plantes, elle peut restaurer et bénir les végétaux grâce à ses danses.;Alpinella verse toute son âme et tout son cœur pour bénir la forêt et fait le deuil de tous les végétaux qui ont quitté ce monde.;;;
714;Lunatio;;;;;;;;Torture ses prisonniers en les bombardant de questions sur leur vie amoureuse. C'est pas beau à voir.;Tout comme la lune, ce Yo-kai à l'air innocent a une face cachée terrifiante.;Pizza;Foudre;Combattant;;;;;;;;;
715;Affolanterne;;;;;;;;Son habitude de parler sans arrêt en a poussé plus d'un au désespoir.;Ce Yo-kai est tellement cliché qu'il n'effraie plus vraiment personne...;Sukiyaki;Feu;Ranger;;Affolanternevient d'Affoleret deLanterne.;Affolanterne est basé sur le ch?chin-obake (?????, « fantôme de lanterne en papier »), un tsukumogami (youkai d’objet commun) né d’une lanterne en papier huilé. Lorsqu’ils se transforment en youkai, le papier se fendille le long des côtes de bambou, formant un ou deux yeux et une bouche souriante avec une langue qui se prélesse. Généralement assez inoffensif comme la plupart des tsukumogami, il existe cependant des histoires de fantômes vengeurs possédant des lanternes en papier, notamment le fantôme d’Oiwa de la pièce de kabuki très influente Yotsuya Kaidan.;;;;;;
716;Meuhlinda;;;;;;;;Elle peut sembler un peu autoritaire, mais elle veut juste ce qu'il y a de mieux pour son équipe.;Torture ses prisonniers en les bombardant de questions sur leur vie amoureuse. C'est pas beau à voir.;Douceurs;Terre;Combattant;;"Meuhlindavient de ""Meuh"" (onomatopée utilisée pour le cri de la vache) et du prénomMélinda.";Meuhlinda etHiiivonsont basés sur Niu Tou (??, « Tête de bœuf ») et Ma Mian (??, « Tête de Cheval »), une paire de gardiens du monde souterrain dans la mythologie chinoise, apparaissant comme des hommes imposants avec la tête d’un taureau et d’un cheval, respectivement. Ils sont les premiers à saluer les âmes sur leur chemin vers l’au-delà, agissant comme des escortes directes dans certaines histoires.;;;;;;
717;Hiiivon;;;;;;;;Donne les meilleurs concerts de tout le Yo-kai World ! Mais bonne chance pour obtenir des places...;Son habitude de parler sans arrêt en a poussé plus d'un au désespoir.;Soba;Glace;Combattant;;"Hiiivonvient de ""Hiii"" (onomatopée utilisée pour le cri du cheval) et du prénomYvon.";Meuhlindaet Hiiivon sont basés sur Niu Tou (??, « Tête de bœuf ») et Ma Mian (??, « Tête de Cheval »), une paire de gardiens du monde souterrain dans la mythologie chinoise, apparaissant comme des hommes imposants avec la tête d’un taureau et d’un cheval, respectivement. Ils sont les premiers à saluer les âmes sur leur chemin vers l’au-delà, agissant comme des escortes directes dans certaines histoires.;;;;;;
718;M. Spioche;;;;;;;;Ce Yo-kai adore fouiner et découvrir les secrets des gens, mais lui-même en a quelques lourds à porter...;Ce Yo-kai adore fouiner et découvrir les secrets des gens, mais lui-même en a quelque lourds à porter...;Sushi;Foudre;Ranger;;M. Spiochepeut venir deMonsieuret dePioche. La sonorité du nom peut faire penser àSpock, un personnage deStar Trek.;;;L'envoûtement de M. Spioche rend ses victimes obsédées par le fait de creuser des trous. M.Spioche est un expert dans le fait de creuser des trous, ainsi il peut déterrer de nombreux trésors souterrains comme les Pierres de Labyrinthes qu'il vend à l'équipe desBlasters T.;Malgré son air amical, M. Spioche adore découvrir les secrets des gens. Sa passion est de déterrer toute sorte de choses que se soit des trésors ou les secrets des personnes. Il adore sa pelle.;;;
719;Indiana Jaws;;;;;;;;Ne te fie surtout pas à son apparence, c'est un costume qu'il a acheté aux enchères. Il n'a aucune idée de ce qu'il fait.;Ne te fie surtout pas à son apparence, c'est un costume qu'il a acheté aux enchères. Il n'a aucune idée de ce qu'il fait.;Fruits de Mer;Eau;Ranger;;Indiana Jawsvient deIndiana JonesetJawsqui peut se traduire parmâchoires(et qui est également le nom original du filmLes dents de la mer).;;;;;;;
720;Zombigoût;;;;;;;;Un humain normal à moitié transformé en zombie. Les zombies, c'est populaire, alors ça le dérange pas trop.;Un humain normal à moitié transformé en zombie. Les zombies, c'est populaire, alors ça le dérange pas trop.;Viande;Feu;Combattant;Après être devenu un zombie/Yo-kai, il a perdu ses souvenirs, mais en a retrouvé une partie : autrefois, il était humain et au service d'un prince.;;;;;;;;
721;Nyansès II;;;;;;;;Pas de questions sur la tétine. Sauf si tu veux finir comme le dernier qui a osé demander...;Pas de questions sur la tétine. Sauf si tu veux finir comme le dernier qui a osé demander...;Lait;Restauration;Guérisseur;;Neko-Niseivient deNekoqui signifie Chat en japonais etNiseiqui désigne un terme de l'Égypte antique. Nyansès IIest une référence àRamsès IItroisième pharaon de laXIXedynastie égyptienne.;;;Il peut soigner les gens avec son biberon, mais ce dernier peut aussi se transformer en pistolet !;Il est parfois arrogant et déteste qu'on le traite de bébé mais il est la plupart du temps jovial et sympathique.;;;
722;Néfertyrannie;;;;;;;;Ceux qui tombent sous le charme de ce Yo-kai sont prêts à tout pour elle.;Ceux qui tombent sous le charme de ce Yo-kai sont prêts à tout pour elle.;Légumes;Restauration;Guérisseur;;;;;;;;;
723;Phémniscian;;;;;;;;Domniscian a pris feu après avoir trop réfléchi. Rien de plus facile pour lui que de renaître de ses cendres.;Domniscian a pris feu après avoir trop réfléchi. Rien de plus facile pour lui que de renaître de ses cendres.;Viande;Feu;Combattant;;Phémniscianvient duphénix, un oiseau légendaire capable de renaître de ses cendres et deDomniscian(Yo-kai).;;;Il peut désormais utiliser un feu sacré semblable à celui d'un phénix.;Il est extrêmement strict et quiconque le dérange dans son travail acharné se verra périr. Il possède aussi une créativité et une imagination plus qu'infinies.;;;
724;El Dragonor;;;;;;;;Le souffle de ce Yo-kai peut transformer les cailloux en or. Les prix de l'immobilier grimpent partout où il passe.;Le souffle de ce Yo-kai peut transformer les cailloux en or. Les prix de l'immobilier grimpent partout où il passe.;Curry;Foudre;Combattant;;;;;El Dragonor peut transformer des objets en or avec son souffle ou son toucher.;;;;
725;Cocassepied;;;;;;;;N'oublie pas de rire aux blagues nulles de ce Yo-kai. Sinon, il s'énerve.;N'oublie pas de rire aux blagues nulles de ce Yo-kai. Sinon, il s'énerve.;Riz;Terre;Tank;;;;;;;;;
726;Originyan;Mignon;Rang_E;400;140;140;140;140;;Un Yo-kai chat nouveau-né, tout blanc. À toi de le transformer en Yo-kai digne de ce nom !;Chocobar;Feu;Combattant;;;;;;;;;
727;Wokoko;;;;;;;;;;;Feu;;;;;;;;;;
728;Suimoche;;;;;;;;;;;Terre;;;;;;;;;;
729;Benêto;;;;;;;;;;;Feu;;;;;;;;;;
730;Sabriquet;;;;;;;;;;;Vent;;;;;;;;;;
731;Bushidouble;;;;;;;;;;;Foudre;;;;;;;;;;
732;Faulion;;;;;;;;;;;Feu;;;;;;;;;;
733;Caricatcheur;;;;;;;;;;;Terre;;;;;;;;;;
734;Zéroberker;;;;;;;;;;;Feu;;;;;;;;;;
735;Espire;;;;;;;;;;;Terre;;;;;;;;;;
736;Chaipôvrai;;;;;;;;;;;Vent;;;;;;;;;;
737;Sosiyama;;;;;;;;;;;Glace;;;;;;;;;;
738;Duplistol;;;;;;;;;;;Vent;;;;;;;;;;
739;Toutouhic;;;;;;;;;;;Restauration;;;;;;;;;;
740;Hillusion;;;;;;;;;;;Eau;;;;;;;;;;
741;Angémélik;;;;;;;;;;;Glace;;;;;;;;;;
742;Starlett;;;;;;;;;;;Feu;;;;;;;;;;
743;Clonéroptère;;;;;;;;;;;Terre;;;;;;;;;;
744;Castillusio III;;;;;;;;;;;Terre;;;;;;;;;;
745;Cigaclopin;;;;;;;;;;;Vent;;;;;;;;;;
746;Flamenteur;;;;;;;;;;;Vent;;;;;;;;;;
747;Jipanyan;;;;;;;;;;;Feu;;;;;;;;;;
748;Kappacalc;;;;;;;;;;;Eau;;;;;;;;;;
749;Appakotille;;;;;;;;;;;Eau;;;;;;;;;;
750;Komansa;;;;;;;;;;;Feu;;;;;;;;;;
751;Komaouste;;;;;;;;;;;Feu;;;;;;;;;;
752;Blablabou;;;;;;;;;;;Absorption;;;;;;;;;;
753;Fauhuahua;;;;;;;;;;;Glace;;;;;;;;;;
754;Tengugus;;;;;;;;;;;Vent;;;;;;;;;;
755;Granpapetit;;;;;;;;;;;Restauration;;;;;;;;;;
756;Écorniot;;;;;;;;;;;Terre;;;;;;;;;;
757;Méroubalour;;;;;;;;;;;Absorption;;;;;;;;;;
758;Papilmitation;;;;;;;;;;;Restauration;;;;;;;;;;
759;Wakopira;;;;;;;;;;;Restauration;;;;;;;;;;
760;Piflou;;;;;;;;;;;Restauration;;;;;;;;;;
761;Ratétam;;;;;;;;;;;Restauration;;;;;;;;;;
762;Tontonerroné;;;;;;;;;;;Foudre;;;;;;;;;;
763;Similistik;;;;;;;;;;;Absorption;;;;;;;;;;
764;Loubarbant;;;;;;;;;;;Terre;;;;;;;;;;
765;Nimposteur;;;;;;;;;;;Vent;;;;;;;;;;
766;Cenribête;;;;;;;;;;;Absorption;;;;;;;;;;
767;Joutrancia;;;;;;;;;;;Absorption;;;;;;;;;;
768;Copito;;;;;;;;;;;Absorption;;;;;;;;;;
769;Insomnulle;;;;;;;;;;;Glace;;;;;;;;;;
770;Fosmoné;;;;;;;;;;;Restauration;;;;;;;;;;
771;Biblisotengu;;;;;;;;;;;Vent;;;;;;;;;;
772;Imitdémon;;;;;;;;;;;Feu;;;;;;;;;;
773;Vénaldos;;;;;;;;;;;Feu;;;;;;;;;;
774;Moko;;;;;;;;;;;Terre;;;;;;;;;;
775;Dracouniet;;;;;;;;;;;Terre;;;;;;;;;;
776;Escroquin;;;;;;;;;;;Eau;;;;;;;;;;
777;Calquille;;;;;;;;;;;Vent;;;;;;;;;;
778;Vipèrasec;;;;;;;;;;;Feu;;;;;;;;;;
779;Calamiballe;;;;;;;;;;;Glace;;;;;;;;;;
780;Barbrakai;;;;;;;;;;;Feu;;;Barbrakai vient deBarbokaiet de bras.;;;;;;;
781;Boulet grillé;;;;;;;;;;;Terre;;;Boulet grillé vient deBoulet fritet de grillé.;;;;;;;
782;Épigepa;;;;;;;;;;;Foudre;;;"Épigepavient deÉpigerienet ""pa"" pour ""pas"", dans le sens d'une opposition.";;;;;;;
783;Eddylettante;;;;;;;;;;;Glace;;;Eddylettante vient d'Eddylapidet de l'attente.;;;;;;;
784;Beurk O'Max;;;;;;;;;;;;;;"Beurk O'Max vient deBig O'Maxet de l'interjection ""beurk"".";;;;;;;
785;Déloyau Ier;;;;;;;;;;;Feu;;;Déloyau Iervient d'Aloyau Ieret de déloyale.;;;;;;;
786;Cappuchiot;;;;;;;;;;;Glace;;;;;;;;;;
787;Papana Spleen;;;;;;;;;;;Restauration;;;;;;;;;;
788;Intrusapyon;;;;;;;;;Il ressemble fortement àUsapyon. Il est recherché pour être apparu à la télévision et avoir menti en disant qu'il s'était fait enlever par des extraterrestres.;Oden;Vent;;;;;;;;;;
789;TuPakap;;;;;;;;;;;Eau;;;TuPakapvient deTuKappaet de pas cap;;;;;;;
790;Cracrassiella;;;;;;;;;;;Absorption;;;Cracrassiella vient deCrassiellaet de cracra.;;;;;;;
791;Outrecuidansss;;;;;;;;;;;Foudre;;;Outrecuidansss vient d'Outranssset d'outrecuidance.;;;;;;;
792;Ébobard;;;;;;;;;;;Eau;;;;;;;;;;
793;Soidisanss;;;;;;;;;;;Foudre;;;Soidisanss vient deMédisanssset de soi disant.;;;;;;;
794;Gargaros;Costaud;Rang_S;460;197;68;158;148;Un oni rouge géant qui surgit dans les cauchemars des enfants. On dit qu'il incarne leurs peurs. Si tu surmontes ce cauchemar tu en sortiras grandi.;Un oni rouge géant qui surgit dans les cauchemars des enfants. On dit qu'il incarne leurs peurs. Si tu surmontes ce cauchemar tu en sortiras grandi.;Viande;Feu;Combattant;;Gargarosvient deGargouille(Statue qui porte malheur) ouGargantua(Un géant, invention de François Rabelais).;;;Avec son énorme matraque, il peut écraser n'importe qui et n'importe quoi.;Il est très méchant et impitoyable mais ce que les les gens ne savent pas, c'est qu'il fait ça pour leur bien et pour les empêcher de sortir dans les dangers de la nuit.;;;
795;Ogralos;Costaud;Rang_S;422;182;245;123;133;Ce monstre à deux cornes est censé hanter les rêves des enfants qui mentent. Le seul moyen de lui échapper est de promettre d'être honnête pour toujours.;Il surgit dans les rêves des petits menteurs afin de les effrayer et les rendre honnêtes. Les menteurs ne peuvent pas lui échapper.;Viande;Eau;Combattant;;;;;Ogralos peut utiliser de l'eau et possède une force colossale et peut aplatir beaucoup de choses avec sa massue.;Encore plus impitoyable que Gargaros, mais malgré ça il est très honnête et souhaite aider les menteurs à arrêter de mentir. Il ne supporte pas le mensonge.;;;
796;Orqanos;Costaud;Rang_S;473;264;56;241;106;Il apparaît dans les rêves des enfants paresseux et les corrige avec sa batte en fer. Ils se réveillent souvent à cause de la douleur. Alors as-tu fait tes devoirs ?;Il apparaît dans les rêves des enfants paresseux et les corrige avec sa batte en fer. Ils se réveillent à cause de la douleur. Alors as-tu fait tes devoirs ?;Viande;Absorption;Tank;;;;;;;;;
797;Orqéophyte;;;;;;;;Orqanos a reconnu le Karmagister comme son unique maître. Il a juré de ne pas retirer son maquillage, tant qu'il n'aura pas dépassé son maître.;;;;;;;;;;;;;
798;Zomgaros;;;;;;;;;;;;;;;;;;;;;
799;Boucanos;;;;;;;;Le chef révéré d'une bande de pirates onis. Il garderait son trésor le plus précieux derrière son cache-œil, pensant que c'est l'endroit le plus sûr au monde.;;;;;;;;;;;;;
800;Porcinator;;;;;;;;Autrefois un tout petit porcelet, il a un jour bu une soupe faite à partir d'autres Yo-kai, ce qui l'a rendu énorme !;Autrefois un tout petit porcelet, il a un jour bu une soupe faite à partir d'autres Yo-kai, ce qui l'a rendu énorme !;Curry;Feu;;;;;;;;;;
801;Inamygal;;;;;;;;;Un Yo-kai araignée qui vit dans l'école et qui saisit toute opportunité pour manger des élèves. Heureusement, il est tellement timide qu'il ne sort que quand les élèves sont rentrés à la maison.;;Foudre;;;Inamygalvient deinamical(qui n'est pas amical) et demygale(une sorte d'araignée).;;;;;;;
802;Dr Jobard;;;;;;;;Ce savant fou a effectué des expériences sur des humains dans son hôpital. Désormais Yo-kai, il continue ses recherches sur de nouveaux cobayes.;Ce savant fou a effectué des expériences sur des humains dans son hôpital. Désormais Yo-kai, il continue ses recherches sur de nouveaux cobayes.;;Absorption;;;Dr Jobardvient deJobard( Barjo en Verlan) et du titre dedocteur.;;;Dr Jobard est un savant fou, il reçoit des patients dans sa clinique pour faire des expériences sur eux et voler leur cœur. Ses expériences ont tout de même abouti car il a réussi à créerFirmainqu'il considérait comme le Yo-kai ultime.;Dr Jobard est, comme son nom l'indique, un savant fou. Il a dû sacrifier sa vie avec sa famille pour se consacrer à ses expériences et son rêve de conquérir le monde pour eux. Il était entièrement dévoué àMcKrakencar il partageait le même objectif.;;;
803;Pr Létripe;;;;;;;;;Un docteur fou Yo-kai qui veut créer la créature parfaite en mélangeant des morceaux d'humains et de Yo-kai !Il a même utilisé ses propres tripes dans une expérience !;Douceurs;Absorption;;;Pr.Létripevient du titre deprofesseur(Pr.) et deLétripe(Les tripes);;;;;;;
804;McKraken;;;;;;;;La forme qu'a prise McKraken après avoir absorbé l'aura qui s'était répandue dans Granval. Elle lui a donné le pouvoir terrifiant de contrôler les éléments et de répandre le chaos.;Le chef du groupe qui essaie de prendre le contrôle du Yo-kai World. Il peut absorber l'énergie à l'aide des trous dans ses mains. Son nom complet est Calamus McKraken.;;Absorption;;;Calamus McKrakenvient decalamaret McKraken dukraken.;;Homme politique douteux au départ, il devient de plus en plus influent et de plus en plus de Yo-kai suivent sa position politique. Lorsque le roi duYo-kai Worldfinit par mourir, il en prend le contrôle et en fait une dictature. Il envoie donc leDr Jobardenlever le cœur du joueur pour l'éliminer. Mais le joueur le bat et dans un dernier souffle, il dit à McKraken qu'il est désolé. Le joueur voit le discours de McKraken aux Yo-kai blancs grâce à la boule de cristal deDracounet. Suite à un rêve raconté parLucas, il se rend dans le Yo-kai World pour le vaincre. McKraken invoque des tentacules géantes pour arrêter Nathan, mais échoue lamentablement. Il se rend donc à l'Arbre Sacréet change de forme, mais il envoie sesYo-kai blancscorrompre Granval. Pour celaWhisperdonne à Nathan des graines de floraison pour faire éclore les cerisiers et empêcher McKraken de revenir, mais cette tentative de créer de nouveaux sceaux est inutile. En dernier recours, le joueur fait appel à tous ses amis Yo-kai pour vaincre McKraken. Il est vaincu et disparaît à jamais de la surface du monde. Granval et le Yo-Kai World sont sauvés. Il a un frère qui a été mis à l'écart du pouvoir par lui même et qui peut être combattu dans lesLimbes Éternelles. Yo-kai Watch : Wibble Wobble McKraken réapparait lors de l'événement :Première collaboration avec Moi, quand je me réincarne en Slime. Il a été téléporté dans le monde du manga et devient jaloux du village deLimule. Il décide de manipuler lesOnien leur faisant croire que la cité est dangereuse afin que ces Yo-kai l'attaquent et l'affaiblissent assez pour que le politicien puisse s'en emparer. CependantJibanyanet Whisper se rendent compte de la supercherie et reussisent à vaincre McKraken. Limule finit par aspirer McKraken mais projette de le rejeter dans la nature après la fin de l'événement.;McKraken a la capacité d'absorber diverses formes d'énergie à travers les paumes de ses mains et peut également causer des catastrophes marines. Il peut contrôler l’élément de multiples attributs au combat, dans sa première et sa seconde forme. En tant que calmar, il peut également cracher de l'encre: son encre est noire alors qu'il est dans sa première forme et blanche pendant qu'il est dans sa deuxième forme. Dans sa deuxième forme, son rire seul peut affaiblir ses ennemis et ses yeux peuvent les embrouiller. De plus, il est probablement lié à la création desYo-kai blancs.;McKraken semble être une personne très fière. Il croit que les Yo-kai qui sont aux côtés des humains sont des animaux domestiques et des traîtres, qui ont oublié leur fierté en tant que Yo-kai. En conséquence, il est démontré qu'il héberge un profond conflit pour le monde humain et ses habitants. Il semble aussi être plutôt confiant et têtu, en supposant qu'il lui soit impossible de perdre. Il a l'air d'aimer faire des jeux de mots.;;;
805;Volteface;;;;;;;;La face bleue de Volteface est toujours souriante. Mais attention à ne pas l'énerver, ou il se retournera et sera rouge de colère !;La face bleue de Volteface est toujours souriante. Mais attention à ne pas l'énerver, ou il se retournera et sera rouge de colère !;;Feu;;;;;;;;;;
806;Voltéophyte;;;;;;;;Le Karmagister n'a eu besoin que d'un doigt pour arrêter Volteface. Après ce tour de force, Volteface l'a supplié de faire de lui son acolyte.;Le Karmagister n'a eu besoin que d'un doigt pour arrêter Volteface. Après ce tour de force, Volteface l'a supplié de faire de lui son acolyte.;;Feu;;;;;;;;;;
807;Didgeai;;;;;;;;Déçu de la vie de noble et ébloui par la dignité du Karmagister, Didgeai a juré de le suivre jusqu'aux confins de la terre.;Si tu entends une mélodie provenant d'une vieille maison abandonnée, ce Yo-kai y fait sûrement la fête. Si tu t'y aventures, tu finiras sûrement par danser toute la nuit !;;Vent;;;;;;Didgeai arrive à faire léviter son siège, maîtriser le vent avec son éventail et peut contrôler les boîtes qui l'accompagnent.;"Didgeai est un Yo-kai jovial qui aime faire la fête avec d'autres amis Yo-kai. DansYo-kai Watch, Didgeai propose au joueur de s'affronter, sans aucunes mauvaises pensées, juste pour s'amuser. Cependant, Didgeai n'apprécie vraiment pas l'impolitesse et s'énerve très vite contre les personnes qui en font preuve. DansYo-kai Watch 3, on apprend au cours de la quête ""À travers le vieux manoir"" que Didgeai a un fils,Moinoncontre lequel il se montre sévère quand ce dernier fait des bêtises.";;;
808;Didgéophyte;;;;;;;;;;;;;;;;;;;;;
809;Grande boîte;;;;;;;;;;;;;;;;;;;;;
810;Tit'boîte;;;;;;;;;;;;;;;;;;;;;
811;Méganyan;;;;;;;;Des années passées à manger ont rendu Hovernyan GIGANTESQUE... et lui ont donné le pouvoir de tout rendre énorme !;;;;;;;;;;;;;
812;Lady Pétunia;;;;;;;;;;;;;;;;;;;;;
813;Firmain;;;;;;;;Yo-kai expérimental cousu secrètement par un docteur désespéré. Il aurait voulu avoir une ou deux jambes, mais il n'aura obtenu que de plus en plus de bras.;Yo-kai expérimental cousu secrètement par un docteur désespéré. Il aurait voulu avoir une ou deux jambes, mais il n'aura obtenu que de plus en plus de bras.;Lait;;;;Firmainest un mot-valise entre le prénomFirminetmain.;;;Il possède de nombreux pouvoirs comme la foudre, le feu, cracher un gaz répugnant...;;;;
814;Maximain;;;;;;;;Ce personnage amical a pris la décision d'accueillir les heureux visiteurs de la Voie du mystère. Si vous l'énervez, il vous donnera une, voire cinq, poignées de main mortelles.;Ce personnage amical a pris la décision d'accueillir les heureux visiteurs de la voie du mystère. Si vous l'énervez, il vous donnera une, voire cinq, poignées de main mortelles.;Viande;Foudre;;;Maximainvient deMaxi(abréviation deMaximum)et deMain. Son nom fait référence à ses nombreuses mains.;;;Il a les mêmes pouvoirs queFirmain.;Il est amical en général, mais si vous l'énervez il vous donnera une, voire cinq, poignées de main mortelles.;;;
815;Tromplœil;;;;;;;;;;;;;;;;;;;;;
816;Tornadoculaire;;;;;;;;;;;;;;;;;;;;;
817;Employé;;;;;;;;;;;;;;;;;;;;;
818;Marm. en série;;;;;;;;S'étant évadé quatre fois d'une prison dont personne ne s'était jamais échappé, on peut dire, sans se mouiller, que c'est le roi des évasions.;;;;;;;;;;;;;
819;Sam;;;;;;;;;;;;;;;;;;;;;
820;Fatracteur;;;;;;;;Des débris en tout genre se sont rassemblés pour créer un géant de ferraille, qui est bien décidé à semer le chaos dans la société de surconsommation qui lui a donné vie.;Des débris en tout genre se sont rassemblés pour créer un géant de ferraille, qui est bien décidé à semer le chaos dans la société de surconsommation qui lui a donné vie.;;;;;Fatracteurvient defatras(désordre de plusieurs objets) et detracteur(terme qui peut s'appliquer à tout véhicule qui a la possibilité de tracter). Junkernautvient deJunk(camelote ou ordure en anglais) et deJuggernaut(poids lourd en anglais). Chatárrensteinvient deChatarra(ferraille en espagnol) etFrankenstein(référence au personnage du livre éponyme écrit par Mary Shelley où un scientifique crée une créature vivante à partir de morceaux de chairs mortes).;;;;;;;
821;Supermanager;;;;;;;;Ce zombie s'est reconverti en gérant de supermarché, mais avec tous ses clients qui se font attaquer par les employés zombies, il dépense une fortune en dédommagement...;Ce zombie s'est reconverti en gérant de supermarché, mais avec tous ses clients qui se font attaquer par les zombies, il dépense une fortune en dédommagement...;;;;;Supermanagervient deSuper(préfixe courant lié à l'intensification et référence aux Super-Héros) et deManager(personne qui s'occupe de la gestion des employés dans un magasin). S?p? Tench?peut se traduire littéralement parSuper Manager de Superette. Supermanagerpossède le même nom en Anglais qu'en Français;;;;Supermanager et chargé de s'occuper d'Esprit-Unic la nuit, où sa clientelle n'est composée que de zombies et de Yo-kai. Pour éloigner les humains il hurle sur ceux qu'il voit dans son magasin en prétendant qu'il va les manger. Cependant ce n'est qu'une façade pour effrayer les humains qui s'aventureraient dans le magasin. Supermanager veut protéger Esprit-Unic qui est devenu un refuge pour tout les zombies ayant quitter la Zombie Night (dont Supermanager lui-même). Il se montre extrement compréhensif lorsqu'il comprend queNathanetWyattne réveleront pas son secret aux autres humains.;;;
822;Zombie;;;;;;;;;;;Absorption;;;;;;;;;;
823;Bidoche;;;;;;;;;;;;;;;;;;;;;
824;Lafemmée;;;;;;;;;;;;;;;;;;;;;
825;Thibonimenteur;;;;;;;;Ce Yo-kai créé un monde imaginaire pour les humains qu'il aime bien. Ils deviennent les héros de leur propre histoire. Une fois dedans, c'est dur d'en sortir...;Ce Yo-kai créé un monde imaginaire pour les humains qu'il aime bien. Ils deviennent les héros de leur propre histoire. Une fois dedans, c'est dur d'en sortir...;;Foudre;;;;;;Les personnes sous l'envoûtement de Thibonimenteur sont plongées dans un monde de fantasme et d'illusion. Il peut aussi manipuler ses illusions à sa guise, pour obliger des alliées à s'attaquer entre eux par exemple. Cependant, ce pouvoir n'est pas infaillible car s'il ne les modifie pas, ses illusions possède leur propore volonté indépendament de Thibonimenteur. En effet, c'est grâce à cette faille que les Sailor Nana, des guerrières aux coeurs purs, repèrent la malveillance du Yo-kai illusionniste et convainquentArianede combattre Thibonimenteur, dont ses propres illusions se sont retournées contre lui. Thibonimenteur peut aussi utiliser ses illusions pour s'impacter lui-même. En effet, pendant son combat contre Ariane, il pourra invoquer de la nourriture où lesNext HarMIAOUnypour le soigner ou le soutenir.;Thibonimenteur est le créateur du monde des rêves. Il veut y inviter le plus de personnes possibles pour que ces derniers puissent vivre dans de douces et confortables illusions, loin de la réalité. Il est fan desNext HarMIAOUny.;;;
826;Agent Rixe;;;;;;;;Maintenant que sa vraie forme a été dévoilée, l'agent X « s'occupera » de quiconque posera les yeux sur lui. Un peu X-cessif, non ?;;;;;;;;;;;;;
827;Agent X;;;;;;;;Le costume classe sert de camouflage pour cet homme mystère. Personne ne sait rien à son sujet, et ceux qui enquêtent sur lui ont une fâcheuse tendance à disparaître...;Le costume classe sert de camouflage pour cet homme mystère. Personne ne sait rien à son sujet, et ceux qui enquêtent sur lui ont une fâcheuse tendance à disparaître...;;;;;;;;;;;;
828;Yo-kaiju;;;;;;;;;82 mètres de hauteur, 165 tonnes de masse. Ces trois petites tortues ont eu une sacrée poussée de croissance. Elles ont dû boire beaucoup de soupe.;Légumes;Eau;;;Yo-kaijuviens deYo-kaiet deKaiju(terme japonais utilisé pour définir des monstres géants, surtout utilisé au cinéma);Comme son nom l'indique, Yo-kaiju s'inspire du cinéma japonais et desfilms de Kaijuqui mettent en scène des monstres titanesques face à une humanité impuissante.;;;;;;
829;Tyragofeu;;;;;;;;82 mètres de hauteur, 165 tonnes de masse. Ces trois petites tortues ont eu une sacrée poussée de croissance. Elles ont dû boire beaucoup de soupe.;;;;;;;;;;;;;
830;Sandro;;;;;;;;;;;;;;;;;;;;;
831;Pablo;;;;;;;;;;;;;;;;;;;;;
832;Francisco;;;;;;;;;;;;;;;;;;;;;
833;Yopple-bot;;;;;;;;Un robot autonome et très poli développé par Yopple, capable d'exécuter tous les ordres. Il part parfois en vrille, mais ça fait partie de son charme !;Un robot autonome et très poli développé par Yoople, capable d'exécuter tous les ordres. Il part parfois en vrille, mais ça fait partie de son charme !;Jus;Foudre;;;"Yopple-botpeut venir de Yo-kai, deApple(l'entreprise d'innovation) et debot(""robot"" en anglais et suffixe courant utilisé pour désigner les robots)";;;Yopple-bot est capable d'envoyer des impulsions électroniques toxiques pour les Yo-kai.;;;;
834;No-bot;;;;;;;;Les circuits de Yopple-bot ont clairement cramé. Il est désormais déterminé à tout détruire, mais au moins, il est super poli !;;;;;;;;;;;;;
835;Aidant de la m.;;;;;;;;;;;;;;;;;;;;;
836;Airdent de la m.;;;;;;;;;;;;;;;;;;;;;
837;Aidante de la m.;;;;;;;;;;;;;;;;;;;;;
838;Dodorothée;;;;;;;;La puissance des sentiments de la mère de Wyatt et Ashley a triomphé de la distance qui les sépare. Elle est désormais un Yo-kai qui veille sur ses enfants !;La puissance des sentiments de la mère de Wyatt et Ashley a triomphé de la distance qui les sépare. Elle est désormais un Yo-kai qui veille sur ses enfants !;Douceurs;Glace;;;Dodorothéevient deDodoet deDorothée(prénom).;;;Elle peut pétrifier de peur n'importe qui.;Elle fait peur au premier regard mais en vérité elle est tendre et juste très protectrice envers ses enfants.;;;
839;Minustrel;;;;;;;;Cette flûte donne vraiment envie d'aller jouer dehors, n'est-ce pas ? Allez, tu as vraiment besoin de faire tes devoirs ? Et en plus, ils sont trop difficiles pour toi...;Cette flûte donne vraiment envie d'aller jouer dehors, n'est-ce pas ? Allez, tu as vraiment besoin de faire tes devoirs ? Et en plus, ils sont trop difficiles pour toi...;Bonbons;;;;Minustrelvient deMénestrelet deMinuit.;;;"Il peut endormir les gens avec sa flûte et les manipuler pour les emmener dans son ""cours"".";Il adore jouer de la flûte et observer les étoiles.;;;
840;Magnustrel;;;;;;;;Après avoir essayé de voler un objet qui était au-delà de ses compétences légendaires, il a rencontré le propriétaire de ce mystérieux trésor, et est devenu son acolyte.;Après avoir essayé de voler un objet qui était au-delà de ses compétences légendaires, il a rencontré le propriétaire de ce mysterieux trésor, et est devenu son acolyte.;;;;;Le nom anglais de Magnustrel, Slackolyte est un mot-valise formé à partir des mots anglaisSlack, qui signifie diminuer l'intensité, etAcolyte, un autre mot pour disciple.;;;;;;;
841;King Keskler;;;;;;;;Tous les clubs de jazz s'arrachent ce Yo-kai. Rien à voir avec le fait qu'il travaille aussi pour une organisation super louche...;Tous les clubs de jazz s'arrachent ce Yo-kai. Rien à voir avec le fait qu'il travaille aussi pour une organisation super louche...;Chinese food;Foudre;;;King Kesklervient deKing(Roi en anglais) et deCaisse claire(tambour plat).;;;;;;;
842;Orchestre;;;;;;;;;;;;;;;;;;;;;
843;Don Morleone;;;;;;;;Chef de la mafia du Yo-kai World, Don Morleone a été banni dans l'espace par Emma l'Ancien. Après une rencontre fortuite avec un vaisseau alien, il est revenu se venger.;Chef de la mafia du Yo-kai World, Don Morleone a été banni dans l'espace par Emma l'Ancien. Après une rencontre fortuite avec un vaisseau alien, il est revenu se venger.;;;;"555 ans avant le début de l'aventure principale et sous le règne del'ancien Seigneur EnmaDon Morleone était le chef de la mafia du Yo-kai World craint de tous. Mais un jour, Enma l'Ancien décida de l'envoyer en exil dans l'espace en guise de sentence. Dans l'espace Don Morleone trouva unOVNIet s'en empara pour revenir sur Terre et se venger des Yo-kai. Dans la quête Les Y Files : Chapitre final, on apprend que quand il était enfant c'était un rêveur et avait le pouvoir de voir les Yo-kai. Les autres le trouvaient bizarre et l'appelaient ""le louche"" il mourut seul car tout le monde l'avait abandonné. C'est lui qui a crééThibonimenteuretMinustrel, ainsi que lesMafiososies.";"Gogogo Godfathervient degoqui signifie 5 en Japonais (?five) donc 555 par rapport au nombre d'années pendant lesquels il a été exilé. C'est aussi le nombre d'étages de laTour Morleone. Le Nom anglaisGhoulfathervient deGodfather(Parrain) etGhoul(faisant référence auxMafiososies(en anglais ""Ghoulies"")) Don Morleonevient deDon Corleone, personnage de fiction dans le roman de Mario PuzoLe Parrainet dans le filmLe Parrain Don Spirationvient deDon, un terme de cadre ou de patron au sein d'une mafiaet deconspiration";;;Grâce au pouvoir de la pierre Philosovni ses pouvoirs sont décuplés : il peut transformer les gens en soldats appelés lesMafiososieset tirer un rayon très puissant d'un claquement de doigt. Après avoir pris beaucoup de puissance à la pierre il peut devenirDon Spirationet contrôler la gravité de piéger le Yo-kai avec des triangles tridimensionnels et de saisir des tonnes d'armes dangereuses et anciennes.;Il ferait n'importe quoi pour réaliser son rêve peu importe le prix.;;;
844;Mafiamille;;;;;;;;;;;;;;;;;;;;;
845;Don Spiration;;;;;;;;Don Morleone s'est transformé après avoir absorbé toute l'énergie du vaisseau alien ! Tout ce qu'il dit devient réel, et il attaque ses ennemis avec des vérités cruelles.;;;;;;;;;;;;;
846;Karmagister;;;;;;;;;;;;;;;;;;;;;
847;Apprenti Karm.;;;;;;;;Ce Yo-kai s'est dévoué corps et âme aux arts guerriers. Il a une multitude de disciples, tous prêts à sacrifier leur vie pour lui.;;;;;;;;;;;;;
848;Clochemar;;;;;;;;Ce zombie imposant garde la cloche de la mairie. Bien que ses yeux soient sans vie, ceux qu'il croise du regard s'arrêtent net.;Ce zombie imposant garde la cloche de la mairie. Bien que ses yeux soient sans vie, ceux qu'il croise du regard s'arrêtent net.;;;;;;;;;;;;
849;Rôdin;;;;;;;;Une ruelle sombre et déserte. Tout à coup, un bruit résonne derrière. Une seule chose à faire, ne pas se retourner...;Une ruelle sombre et déserte. Tout à coup, un bruit résonne derrière. Une seule chose à faire, ne pas se retourner...;Lait;Terre;;;« Skulk » doit son nom au mot « skulk », qui signifie se déplacer furtivement ou furtivement. « Bishagatsuku » doit son nom au yôkaiBishagatsuku.;;;;;;;
850;Tata la Terreur;;;;;;;;Durant son temps libre, elle adore inviter ses amies pour prendre le thé. Elles parlent de chaussures, et de comment en deux jours, elle est arrivée au top des arts martiaux Yo-kai.;;;;;;;;;;;;;
851;Garegamelle;;;;;;;;Cet ancien cuisinier Yo-kai prend la préparation de ses ingrédients très au sérieux. Particulièrement quand il s'agit de se servir de son couteau et de son hachoir pour couper la viande.;Cet ancien cuisinier Yo-kai prend la préparation de ses ingrédients très au sérieux. Particulièrement quand il s'agit de se servir de son couteau et de son hachoir pour couper la viande.;Sukiyaki;Feu;;;;;;Il peut créer des flammes et se sert de ses énormes couteaux pour couper tout et n'importe quoi.;C'est un tueur sanguinaire qui refuse d'écouter quiconque l'avertit.;;;
852;Hacharné;;;;;;;;Après avoir perpétré les atrocités de la montagne Chasse-tête, ce Yo-kai a été emprisonné pendant un millénaire. Il sort bientôt, et il a commencé à aiguiser ses couteaux...;;;;;;;;;;;;;
853;Don Dorleone;;;;;;;;Les yeux de Don Morleone brillaient autrefois, remplis de ses rêves et espoirs. Ils ne reflètent désormais rien de plus que sa cupidité pour les trésors cachés.;Les yeux de Don Morleone brillaient autrefois, remplis de ses rêves et espoirs. Ils ne reflètent désormais rien de plus que sa cupidité pour les trésors cachés.;Hot dog;;;;Don Dorleonevient deDon Morleone(nom du Yo-kai original) et de l'Or.;;;Il est extrêmement puissant et empêchera quiconque voudra s'emparer de ses bijoux.;Il a perdu toute notion de gentillesse et souhaite juste trouver des trésors.;;;
854;Morquis;;;;;;;;La puissance dévastatrice de Ténorque est désormais dans un corps plus fin. Il est maintenant capable de se déplacer à une vitesse ahurissante.;La puissance dévastatrice deTénorqueest désormais dans un corps plus fin. Il est maintenant capable de se déplacer à une vitesse ahurissante.;Fruits de Mer;;;;Morquisvient deOrqueetMarquis. Whalemanvient deWhale(Baleine en anglais) et deMan(Homme en anglais). Kujiramansignifie littéralementHomme Baleine.;;;Il a énormément de pouvoirs et peut tout détruire. Son Amultime le fait plonger en piqué sur l'ennemi, lui infligeant de gigantesques dégâts.;Il est fier de ses pouvoirs et les utilise à mauvais escient. Il n'a aucune pitié et ravage tout sur son passage.;;;
855;Ténorque;;;;;;;;Une baleine gigantesque qui peut t'emmener dans une autre dimension ! Son rugissement transperce les limites de la réalité, et fait fi des lois de la physique.;;Fruits de Mer;Eau;;;Narwailvient deNarwhal(Narval en anglais ) et deWailing(Pleurer en anglais). Ténorquevient deTénor(Voix située entre l'alto et la basse) et d'Orque(Grand cétacé carnivore de la famille des dauphins);;;En un cri, il peut transformer le monde cartoon de Yo-kai Watch en un univers réel.;Il se fiche de savoir si son pouvoir fait le bien ou non, il souhaite juste l'utiliser.Hovernyandit qu'il s'agirait d'une baleine envoûtée par unPerfide.;;;
856;Sequestrella;;;;;;;;Divinité protégeant d'anciennes ruines, cette belle déesse de la guerre a passé une éternité dans la solitude. Elle enlève les gens qui lui plaisent pour combler le vide dans son cœur.;Divinité protégeant d'anciennes ruines, cette belle déesse de la guerre a passé une éternité dans la solitude. Elle enlève les gens qui lui plaisent pour combler le vide dans son cœur.;Bonbons;Terre;;;Maiden Ruinvient deMaiden(Jeune fille) et deRuin(Ruine).;;;Elle peut démultiplier la puissance de ses alliés en faisant sortir des rayons multicolores de son badge sur son front.;Elle se sent très seule et en est triste, c'est pourquoi que dès qu'elle trouve une personne qu'elle juge belle, elle l'emprisonne dans ses ruines à jamais.;;;
857;Mécagolem;;;;;;;;L'humanité, dans sa quête incessante de savoir, est allée trop loin et a essayé de créer son propre Yo-kai. La créature qu'elle a créée se retournera-t-elle contre elle ?;;;;;;;;;;;;;
858;Shamanaconda;;;;;;;;Doté du pouvoir de maudire et de détruire ses ennemis, les pouvoirs de ce chaman se sont retournés contre lui. Il cache son visage défiguré derrière un masque.;Doté du pouvoir de maudire et de détruire ses ennemis, les pouvoirs de ce chaman se sont retournés contre lui. Il cache son visage défiguré derrière un masque.;;;;;;;;;;;;
859;Robonyan 28;;;;;;;;Dans une tentative désespérée d'obtenir plus de puissance, Robonyan F a subi de multiples modifications. Après 28 modèles, voici l'énorme résultat.;Dans une tentative désespérée d'obtenir plus de puissance, Robonyan F a subi de multiples modifications. Après 28 modèles, voici l'énorme résultat.;Chocolat;;;;Robonyan 28vient deRobonyan,sa première formeet du chiffre28pour faire comprendre que c'était une nouvelle version.;;;Il peut mitrailler quiconque s'approche de lui avec ses épaulettes, creuser avec ses queues, tirer un laser avec son ventre, bombarder ses ennemis avec ses missiles et bien sûr utiliser son poing rocket pour attaquer ses ennemis à distance.;Robonyan 28 n'a pas vraiment de sentiment car il est un robot mais il sait ce qui est bon ou non et utilise ses pouvoirs pour le bien.;;;
860;Robonyan 3000;;;;;;;;Destiné à succéder au modèle 28, Robonyan 3000 a reçu un certain nombre d'améliorations. Une erreur de code fait qu'il n'arrive pas à contrôler sa puissance.;Le plus récent robot géant du futur et successeur officiel de Robonyan 28. Il possède une incroyable puissance de 3000 volts, dépassant de loin 28. Cependant, un scientifique vicieux l'a reprogrammé afin de détourner sa puissance !;Chocolat;;;;Robonyan 3000vient deRobonyan 28. Le chiffre 28 a été remplacé par le chiffre 3000 pour faire comprendre que c'était une nouvelle version.;;;Il peut mitrailler quiconque s'approche de lui avec ses épaulettes, creuser avec ses queues, tirer un laser avec son ventre...;;;;
861;Cap. Tonnerre;;;;;;;;Toujours en train de détruire des choses pour en créer de nouvelles, Domniscian est l'incarnation absolue du cycle de la vie et la mort. Les chefs-d'œuvre d'hier se verront dépassés demain...;;;;;;;;;;;;;
862;Roi Shogun;;;;;;;;Déterminé à devenir un héros, Capitaine Tonnerre a commandé un costume qui mettra en valeur sa musculature. Les propulseurs sont juste un petit extra.;"""Le roi des Big boss"", un guerrier sans peur qui a massacré de nombreux ennemis grâce à une épée qui pourrait presque atteindre la lune. Les esprits des vaincus le suivent et ce soir le sang coulera à nouveau.";Fruits de Mer;;;;"Roi Shogunvient deRoiet deShogun(Samouraï). Son nom japonais, Bushi-?, signifie ""Roi des Guerriers"".";;;Il fait de grosses rafales avec son épée et connaît des techniques de combat secrètes.;Il adore combattre et est un des meilleurs dans ce domaine. Les âmes des gens qu'il a tué continuent à le suivre.;;;
863;Esprit de soldat;;;;;;;;Dégoûté de pas avoir pu devenir un héros super cool, Capitaine Tonnerre, a fait volte-face. Entre son costume en lambeaux, et ses deux bazookas, il a l'air d'un super méchant.;;;;;;;;;;;;;
864;Hypertaupe;;;;;;;;Après avoir écumé d'innombrables champs de bataille, il a réuni un large groupe d'esprits vengeurs. Même les humains peuvent les voir à l'œil nu, au clair de lune.;;;;;;;;;;;;;
865;Déterreur taup.;;;;;;;;Ce leader légendaire a creusé la majorité du réseau souterrain du continent Permu. Ceux qui essaient de contrecarrer ses plans passeront un sale quart d'heure.;;;;;;;;;;;;;
866;Ult. Nyanmuraï;;;;;;;;Parcourt le monde à la recherche de son plus grand rival, Roi Shogun. Les âmes de ceux qu'il a vaincus le suivent, afin d'assister à ce combat de légende.;;;;;;;;;;;;;
867;Der. Shog. cél.;;;;;;;;;;;;;;;;;;;;;
868;Leggyld;;;;;;;;;;;;;;;;;;;;;
869;Triptyque;;;;;;;;;;;;;;;;;;;;;
870;Crocho;Sinistre;Rang_A;526;55;228;134;145;Ce Yo-kai aime se baigner aux sources chaudes après la fermeture. Il devient tout rouge s'il y reste trop longtemps et du feu finit par sortir de son nez.;Ce Yo-kai aime se baigner aux sources chaudes après la fermeture. Il devient tout rouge s'il reste trop longtemps et du feu finit par sortir de son nez.;Curry;Feu;Tank;;;;;Il peut lancer du savon sur les Yo-kai pour les rendre impuissants (donne un envoûtement dans les jeux de la saga et fait glisser le Yo-kai dans Yo-kai Watch Blasters) et il peut également frapper avec les pots pour infliger des dégâts. Il est également capable cracher du feu par son nez pour augmenter la température de l'eau.;"Il est très égoïste et adore se baigner dans des eaux très très chaudes au détriment des autres. Pourtant, dans la requête ""Les sources de l'amitié"" de Yo-kai Watch 2, nous comprenons que Crocho peut être aussi tendre et gentil.";;;
871;Carpitaine;Insaisissable;Rang_A;454;44;250;116;166;;C'est le gardien spirituel de l'étang du Poisson-chat, il s'énerve si quelqu'un n'en prend pas soin. Les poissons le respectent beaucoup et feront tout ce qu'il dit.;Oden;Eau;Combattant;;Carpitainevient deCarpeet deCapitaine.;;;Il peut invoquer des poissons assez puissants :Rascasstou,Grondingue,MeditathonetSniperche. Il peut attraper plein de choses avec son crochet.;Il adore les poissons et fera tout pour les protéger.;;;
872;Ombraptor;;;;;;;;;Si une ombre géante à forme humaine apparaît derrière toi la nuit, NE TE retourne surtout pas, et attend qu'elle parte. Ceux qui se retournent finissent par tomber dans l'oubli.;;Terre;;;;;Il apparaît dans le chapitre Kyubi le Terrible. Il est combattu parNathanau sommet du chantier. Il peut attaquer avec ses mains, il peut également mordre les Yo-kai pour récupérer des PV. La meilleure stratégie consiste à attaquer ses yeux pour qu'il soit moins précis dans ses attaques. Une fois ceci fait, sa cicatrice est à la merci des Yo-kai de Nathan. Quand ses PV tombent en dessous de la moitié, il commence à faire tomber des éléments du chantier comme des poutres et des barils. Son Âmultime consiste à balayer d'un coup sec du revers de la main les Yo-kai pour faire tourner la roue. Une fois vaincu, Kyubi félicite Nathan pour l'avoir battu et disparaît. Son homologue peut être combattu dans les Limbes Eternelles. Il réapparaît toujours en tant boss, mais cette fois ci dans une quête annexe nomméeLe Fantôme Géant. Il faut se rendre au club de sport de Granval et attendre la nuit. Ombraptor surgira et une fois battu, donnera un papier spécial.;;;;;
873;Sabroclair;;;;;;;;;Cette sinistre armure se promène la nuit dans le musée. Ou plutôt c'est ce que la souris qui la déplace veut faire croire.;Lait;Vent;;;"Sabroclairvient deSabre(type d'épée ayant la particularité de n'être tranchante que d'un seul côté de la lame) et de""Au clair""(expression utilisée pour désigner une épée sortie hors de son fourreau) Nom Japonais Borei Musheisignifie en français ""Samouraï fantôme"". Nom Anglais Phantasmuraivient dephantasm(fantasme en anglais) et desamourai(même mot qu'en français) Le nom Espagnol (Fantasmurái), Allemand (Phantasmurai) et Italien (Fantasmurai) sont dérivés du nom anglais.";;;;;;;
874;Hydreux;;;;;;;;;C'est un énorme Yo-kai salamandre qui vit dans les ténèbres. Ceux qu'il fixe de son œil rouge sont paralysés par la peur avant d'être avalés tout entier.;Oden;Feu;;;Hydreuxvient deHydre(Animal fabuleux, serpent ou dragon à plusieurs têtes) et deHideux(D'une laideur repoussante).;;;Il peut paralyser les gens en les fixant, sinon il possède les mêmes pouvoirs queTriptyk.;Il est quelque peu timide de nature et ne combat que lorsqu'il a été provoqué.;;;
875;Styx VI;;;;;;;;;Il pêche les âmes dans la rivière Styx. Aucune ne peut éviter son filet. Les jours où la pêche est bonne, on peut même entendre ses chants de marins résonner à travers les enfers.;;Eau;;;Styx VI vient de Styx (une océanide de la mythologie grecque) et VI (écriture romaine du chiffre six).;;;Il peut invoquer des poissons assez puissants :Ensandre,Pierranha,Sousilure, ainsi queChatouagedurant son Âmultime. Il peut attraper plein de choses avec son crochet.;;;;
876;Nébulor;;;;;;;;;Cet être énorme retourne sur terre les nuits obscures pour s'emparer des enfants qui veillent toute la nuit. Bonne nuit !;;Terre;;;« Tsukikage Nyuudou » se traduit par « Monstre chauve au clair de lune ». « Clipso » est dérivé de « éclipse ».;;;;;;;
877;Hagacurée;;;;;;;;;Cette armure a appartenu autrefois à un puissant guerrier. Elle rassemble maintenant des vassaux dans les ténèbres et attend de retourner sur le champs de bataille.;Lait;Vent;;;;;;;;;;
878;Blingos;;;;;;;;;Grolos a eu la chance de gagner un Bingo-kai rempli d'argent ! Il a tout dépensé en se faisant recouvrir d'or et en faisant la fête tous les jours. Il a réalisé depuis qu'il sera toujours seul.;;;;;Blingosvient deBling-bling(terme qui désigne les bijoux de certains rappeurs) et deOs.;;;Il peut jeter des os sur tout ce qui bouge, mais la plupart des pouvoirs qu'il possède lui sont offerts par des capsules de Bingo-kai.;Il est radin et avide et veut toujours tout garder pour lui, mais il n'a donc pas d'amis.;;;
879;Bogos;;;;;;;;;Grolos s'est couvert de diamants, mais il est plus fasciné par ce qui va sortir du Bingo-kai que par le fait qu'il soit devenu le Yo-kai le plus précieux au monde.;Lait;;;;"Bogosvient du motbeauetos. Legvient du terme ""beaugosse"".";;;Il a les mêmes pouvoirs que Grolos et Blingos.;;;;
880;Dame Maggie;;;;;;;;;;;;;;;;;;;;;
881;laidy pétunia;;;;;;;;;;;;;;;;;;;;;
882;Laure;;;;;;;;;;;Terre;;;;;;Dans Yo-kai Watch 2, Laure et Marge contrôlent le temps grâce à la pierre du temps.;Laure et Marge sont un peu commeLady Perpétua: elles ne comprennent pas les liens entre les humains et veulent aider leur maître.;;;
883;Mariotte;;;;;;;;;;;;;;;;;;;;;
884;Marge;;;;;;;;;;;Terre;;;;;;Dans Yo-kai Watch 2, Laure et Marge contrôlent le temps grâce à la pierre du temps.;Laure et Marge sont un peu commeLady Perpétua: elles ne comprennent pas les liens entre les humains et veulent aider leur maître.;;;
885;Maribass;;;;;;;;;;;;;;;;;;;;;
886;Ambronzio;;;;;;;;;Il est le petit frère des acolytes de Lady Perpétua, Laure et Marge. Il les admire et essaye de les aider, mais il ne parvient pas à garder le rythme et les gêne plutôt qu'autre chose.;;Feu;;;;;"Ambronzio fait sa première apparition aux côtés deLaure et Margedans le Chapitre 1, dans lequel Ambronzio fait disparaître la montre Yo-kai Watch, ainsi que les souvenirs dujoueurassocié au Yo-kai. Après la mort de Laure et Marge dans le Chapitre 10, Ambronzio les ressuscite. Dans la quête ""Temps Suspendu"" quand le joueur arrive a la prison deLady Perpétuadans lesLimbes éternelles, A la fin du combat contre Laure, Marge et Ambronzio, Ambronzio utilise une pierre de pause ce qui gèlera dans le temps les trois pour toujours.";;Ambronzio est beaucoup plus calme que ses sœurs, à tel point qu'il est rare de l'entendre parler. Il préfère laisserLaure et Margese battre et préfère fuir. Il est également un peu distrait, au grand dam de ses sœurs.;;;
887;Tourbœillon;;;;;;;;;;;;;;;;;;;;;
888;Cycloptique;;;;;;;;;Yo-kai qui fait respecter les limites de vitesse sur la route. S'il vous attrape vous y laisserez... votre vie ! En entendant un flash, vous saurez qu'il est dans les parages.;;Vent;;;Cycloptiquevient deCyclope(créature de la mythologie grecque ne possédant qu'un seul œil) et d'optique.;;;;;;;
889;Barbebluff;;;;;;;;;;;;;;;;;;;;;
890;Taprice;;;;;;;;;Tous aux abris ! BAM BAM BOUM ! Prétentieux et fiers-à-bras, passez votre chemin ou cette force de la nature vous apprendra l'humilité à coups de maillet. Sa maîtrise du jeu de la taupe à Arcadia est indiscutable;Bonbons;Terre;;;« Derukuitataki » se traduit en gros par « batteur d'ongles lâches ». Il fait référence à l'expression japonaise « le clou qui dépasse est enfoncé » (????????,derukui ha utateru). « Mallice » est un mot-valise composé de « Mallet » et « Malice », soulignant le fait qu'il s'agit d'une entité cauchemardesque.;;;;;;;
891;Lady Démona;;;;;;;;;;;;;;;;;;;;;
892;Filomène;;;;;;;;;Cet esprit marionnettiste décide du destin de toute l'humanité. À toi de décider si cela te convient, ou si tu veux combattre le destin !;Riz;;;;;;;;;;;
893;Thénuki;;;;;;;;;Ce raton laveur peut changer de forme pour devenir ce qu'il veut. Il porte sur lui une grosse théière qui peut fusionner deux objets. Il peut même fusionner deux Yo-kai !;Soba;Glace;;;;;;Il peut prendre l'apparence de Yo-kai commeJibanyanet il peut fusionner tout et n'importe quoi.;Il a l'air imposant mais il est très fuyard. Il adore chaparder des trucs mais n'est jamais là quand on cherche le coupable.;;;
894;Infiniris;;;;;;;;;Il a passé des centaines d'années à tourner sans s'arrêter… L'histoire, les civilisations, les technologies ont défilé devant lui… alors qu'il tournait. Mais récemment, il a décidé de rencontrer de nouvelles personnes.;Douceurs;;;;;Infiniris vient de l'Ouroboros, un dessin ou un objet représentant un serpent ou un dragon qui se mord la queue.;;Infiniris peut tout faire durer à l'infini. Par exemple, avec lui, un ascenseur peut continuer de monter même après être arrivé à destination.;Il est du genre à s'énerver contre quiconque l'importune.;;;
895;Chomino;;;;;;;;;Il a été aux commandes si longtemps qu'il ne fait plus qu'un avec la salle des machines duSortilège Express. Il mange du charbon pour faire fonctionner le train, et il a tendance à surchauffer. Où ce train fou s'arrêtera-t-il ?;;Feu;;;;;;;Chomino est plutôt calme et amical en général, mais il a tendance à surchauffer. Lorsque cela arrive, il est fou de rage et effrayant.;;;
896;Crème Chantiwhisp;;;;;;;;;Un Yo-kai maléfique qui sape la force d'autres Yo-kai pour augmenter sa taille. Son corps moelleux est son signe distinctif. Il peut se diviser en un nombre infini de petits morceaux crémeux.;Crème Glacée;Glace;;;;;;Il peut cracher un gaz vert semblable à celui deWhisper, absorber la force d'autres Yo-kai et se diviser et se regonfler en nombre infini dePatachou.;Il est sans pitié et n'hésite pas à absorber la force d'autres Yo-kai.;;;
897;Pattes Rouges;;;;;;;;;Une statue de chat géante qui dort la plupart du temps. Personne ne connaît sa véritable identité. Avec Omai Tourbillonnant, il maintient un équilibre délicat et périlleux dans le Yo-kai World.;Chocolat;;;;Pattes Rougesvient dePattesen référence aux pattes du chat/d'un animal et de la couleurRouge.;;;Pattes Rouges est puissant il est aussi capable d'appeler les Gemnyan etOronyanqui lui obéissent. Il peut changer la couleur du sol blanc en rouge et le faire exploser.;Pattes Rouges est plutôt fainéant mais malgré ça, il protège l'équilibre du monde et le Peloton.;;;
898;Griffes Dorées;;;;;;;;;UnPattes Rougesen or. Il est très chanceux, et il parait qu'un seul regard dans sa direction vous garantit 100 ans de chance absolue;Chocolat;Feu;;;Griffes Doréesvient deGriffeset deDorées(de la couleur de l'or).;;;Il parait qu'un seul regard dans sa direction peut accorder 100 ans de chance absolue.;;;;
899;Omai Tourbillonnant;;;;;;;;;;;;;;;;;;;;;
900;Or Tourbillonnant;;;;;;;;;Un Omai Tourbillonnant qui émet une lumière divine, dont les rayons éloignent le mal et soignent les maladies. Il est vénéré tel un dieu par les autres Yo-kai et on trouve des statues de lui dans les temples du Yo-kai World;Crème Glacée;;;;Or Tourbillonnantvient d'Or(Métal précieux jaune, brillant, inaltérable et inoxydable) et d'Omai Tourbillonnant(Yo-kai);;;Grâce à la lumière divine qu'il émet il peut éloigner le mal et soigner les maladies.;;;;
901;Zazel;;;;;;;;;Le bras droit du Seigneur Enma et le Chef du Conseil des Yo-kai. Même s'il est naturellement beau, noble et calme, une fois énervé il prend une forme primitive couverte de tentacules.;Chinese food;Absorption;Combattant;;Zazelvient d'Azazel,un antique démon que les anciens Cananéens croyaient habiter le désert.;;;Zazel peut tirer un rayon rouge avec l’œil sur son sceptre. Il peut prendre deux formes beaucoup plus puissantes : une forme primitive de lui même couverte de tentacules et Zazelmar, sa fusion avecDucaninetDucfélin. Il peut également soigner ses alliés, comme démontré dansForever Friends, ou encore donner son énergie à un guerrier, comme le montreShadowside.;En général, Zazel est noble calme, calme et est décrit comme un politicien très habile. Il a été convaincu parl'ancien Seigneur Enmaque les humains sont un danger pour les Yo-kai, depuis Zazel est devenu misanthrope. Il est très intelligent et calculateur comme le démontre son plan dans le second film.;;;
902;Zazelmar;;;;;;;;;Zazel a libéré tout son pouvoir après avoir absorbé Ducanin et Ducfélin. Il ressemble à une divinité mais il est rempli de rage et de jalousie, ce qui affecte le cœur de ceux qui lui font face.;Chinese food;;;;« Zazelmar » est un mot-valise composé deZazel et Cauchemar;;;;;;;
903;Emperose;;;;;;;;;Un Capitaine Tonnerre qui a été guidé à la puissance du tuyau pendant un voyage d'entraînement qui avait eu lieu partout dans la galaxie, il est devenu un empereur convoité. Cependant, se noyant dans la force du tuyau, il avait coloré son corps en rose, et avait changé d'avis, il a également changé de voix pour faire correspondre sa couleur ...!;Donut (1);;;;Emperosevient deEmpereur(gouvernant) etRose(couleur).;;;Il est extrêmement puissant à cause de la force du tuyau qu'il a absorbé.;VoirCapitaine Tonnerre.;;;
904;Ducanin;;;;;;;;;Un Yo-kai qui protège Zazel. Très loyal, il donnerait sa vie pour protéger son maître. Il a grandi avec Chamériste et il garde un précieux souvenir de tous ces jours d'été passés ensemble.;Lait;Eau;;;Majordoguevient deMajordomeet deDog(Chien en anglais).Ducaninvient deDucet deCanin.;;;Il ne se bat jamais, sauf sous sa forme boss. Quand Zazel se fait battre, il se sacrifie pour le ranimer et maîtrise bien les coups de griffe.;Lui etChaméristesont les valets deZazel. Chamériste est son ami d'enfance.;;;
905;Ducfélin;;;;;;;;;Un Yo-kai qui protège Zazel. Très loyal, il donnerait sa vie pour protéger son maître. Il n'est pas très vif d'esprit mais il se souvient toujours de la nuit qu'il a passé à réviser pour un contrôle avec Majordog.;Bonbons;;;;Chaméristevient deChatet deCamériste(les anciennes servantes des princesses).Ducfélinvient deDucet deFélin.;;;;Lui etMajordoguesont les valets deZazel. Majordog est son ami d'enfance.;;;
